slug,titulo,ano,tipo,qualidade,generos,download,meta_chars,title_chars
a-morte-do-demonio-em-chamas,A Morte do Demônio: Em Chamas,2026,Filme,1080p,2,True,125,72
sterling-point-1a-temporada,Sterling Point 1ª Temporada,2026,Série,1080p,0,True,123,70
a-odisseia,A Odisseia,2026,Filme,1080p,3,True,106,53
amor-romance-casamento,"Amor, Romance, Casamento",2026,Filme,1080p,2,True,120,67
outer-banks-1a-a-5a-temporada,Outer Banks 1ª a 5ª Temporada,2020,Série,1080p,0,True,125,72
emergencia-53-1a-temporada,Emergência 53 1ª Temporada,2026,Série,1080p,0,True,122,69
a-captura,A Captura,2026,Filme,1080p,3,True,105,52
ghost-in-the-cell,Ghost in the Cell,2026,Filme,1080p,2,True,113,60
pinoquio-maldicao-de-madeira,Pinóquio: Maldição de Madeira,2026,Filme,1080p,3,True,125,72
possuida-no-deserto,Possuída no Deserto,2025,Filme,1080p,2,True,115,62
o-fim-da-rua,O Fim da Rua,2026,Filme,1080p,3,True,108,55
estilhacos-1a-temporada,Estilhaços 1ª Temporada,2026,Série,1080p,0,True,119,66
fightland-1a-temporada,Fightland 1ª Temporada,2026,Série,1080p,0,True,118,65
reacher-4a-temporada,Reacher 4ª Temporada,2026,Série,1080p,0,True,116,63
silo-3a-temporada,Silo 3ª Temporada,2026,Série,1080p,0,True,113,60
matador-improvavel,Matador Improvável,2025,Filme,1080p,2,True,114,61
seal-team-soldados-de-elite-1a-a-7a-temporada,SEAL Team: Soldados de Elite 1ª a 7ª Temporada,2017,Série,1080p,0,True,142,89
diamante-negro,Diamante Negro,2025,Filme,1080p,1,True,110,57
sobrenatural-agora-entre-nos,Sobrenatural: Agora Entre Nós,2026,Filme,1080p,2,True,125,72
de-volta-aos-anos-90,De Volta Aos Anos 90,2026,Filme,1080p,2,True,116,63
truly-naked,Truly Naked,2026,Filme,1080p,2,True,107,54
jogada-de-risco-1a-temporada,Jogada de Risco 1ª Temporada,2026,Série,1080p,0,True,124,71
moana,Moana,2026,Filme,1080p,4,True,101,48
o-ritual,O Ritual,2011,Filme,1080p,3,True,104,51
a-caminho-da-guerra,A Caminho da Guerra,2009,Filme,1080p,2,True,115,62
beijar-e-facil,Beijar é Fácil,2026,Filme,1080p,2,True,110,57
homem-aranha-um-novo-dia,Homem-Aranha: Um Novo Dia,2026,Filme,1080p,3,True,121,68
os-mercenarios-colecao,Os Mercenários: Coleção,2010,Filme,1080p,1,True,119,66
possuidos,Possuídos,2026,Série,1080p,0,True,105,52
a-vinganca-de-nina,A Vingança de Nina,2024,Filme,1080p,2,True,114,61
tatame,Tatame,2026,Filme,1080p,1,True,102,49
lucky-1a-temporada,Lucky 1ª Temporada,2026,Série,1080p,0,True,114,61
brincando-com-a-morte,Brincando com a Morte,1997,Filme,1080p,4,True,117,64
sete-homens-e-uma-sentenca,Sete Homens e Uma Sentença,2025,Filme,1080p,3,True,122,69
a-luta-da-minha-vida,A Luta da Minha Vida,2019,Filme,1080p,2,True,116,63
tatame-2,Tatame,2024,Filme,1080p,3,True,102,49
queda-livre-as-consequencias-do-caso-boeing,Queda Livre: As Consequências do Caso Boeing,2026,Filme,1080p,1,True,140,87
ted-lasso-4a-temporada,Ted Lasso 4ª Temporada,2026,Série,1080p,0,True,118,65
mr-nice-guy-bom-de-briga,Mr. Nice Guy: Bom de Briga,1997,Filme,1080p,3,True,122,69
tatame-3,Tatame,2026,Filme,1080p,2,True,102,49
landship,Landship,2026,Filme,1080p,1,True,104,51
carrossel-magico,Carrossel Mágico,2026,Filme,1080p,1,True,112,59
cafe-pepi-e-limao,"Café, Pépi e Limão",2025,Filme,1080p,1,True,114,61
quem-e-seu-pai,Quem é seu Pai?,2023,Filme,1080p,2,True,111,58
mulheres-de-azul-2a-temporada,Mulheres de Azul 2ª Temporada,2026,Série,1080p,0,True,125,72
quinze-dias,Quinze Dias,2026,Filme,1080p,2,True,107,54
o-filho-da-escuridao,O Filho da Escuridão,2026,Filme,1080p,1,True,116,63
forjando-campeoes-2,Forjando Campeões 2,2023,Filme,1080p,2,True,115,62
mao-1a-temporada,MAO 1ª Temporada,2025,Série,1080p,0,True,112,59
barb-wire-a-justiceira,Barb Wire: A Justiceira,1996,Filme,1080p,3,True,119,66
o-amor-move-ondas,O Amor Move Ondas,2022,Filme,1080p,2,True,113,60
a-estacao-do-terror,A Estação do Terror,2025,Filme,1080p,2,True,115,62
county-line-no-fear,County Line: No Fear,2022,Filme,1080p,2,True,116,63
furia-1a-temporada,Fúria 1ª Temporada,2026,Série,1080p,0,True,114,61
operacao-lioness-3a-temporada,Operação: Lioness 3ª Temporada,2026,Série,1080p,0,True,126,73
daemons-of-the-shadow-realm-1a-temporada,Daemons of the Shadow Realm 1ª temporada,2025,Série,1080p,0,True,136,83
toy-story-5,Toy Story 5,2026,Filme,1080p,4,True,107,54
nao-deseje-boa-sorte,Não Deseje Boa Sorte,2026,Filme,1080p,3,True,116,63
a-primeira-ministra-a-historia-de-jacinda-ardern,A Primeira Ministra - A História De Jacinda Ardern,2025,Filme,1080p,1,True,146,93
hellcat,Hellcat,2025,Filme,1080p,2,True,103,50
noites-brutais,Noites Brutais,2022,Filme,1080p,3,True,110,57
meu-melhor-amigo-sua-namorada-e-eu,"Meu Melhor Amigo, sua Namorada e Eu",2026,Filme,1080p,1,True,131,78
bleach-thousand-year-blood-war-the-calamity-1a-temporada,Bleach: Thousand-Year Blood War - The Calamity 1ª temporada,2026,Série,1080p,0,True,155,102
the-walking-dead-dead-city-3a-temporada,The Walking Dead: Dead City 3ª Temporada,2026,Série,1080p,0,True,136,83
presidente-curtis-1a-temporada,Presidente Curtis 1ª Temporada,2026,Série,1080p,0,True,126,73
futurama-14a-temporada,Futurama 14ª Temporada,2026,Série,1080p,0,True,118,65
black-torch-1a-temporada,Black Torch 1ª temporada,2026,Série,1080p,0,True,120,67
camp-rock-3,Camp Rock 3,2026,Filme,1080p,3,True,107,54
minions-monstros,Minions & Monstros,2026,Filme,1080p,3,True,114,61
minhas-aventuras-com-o-superman-3a-temporada,Minhas Aventuras com o Superman 3ª Temporada,2026,Série,1080p,0,True,140,87
lanternas-1a-temporada,Lanternas 1ª Temporada,2026,Série,1080p,0,True,118,65
o-peso-da-lei-1a-temporada,O Peso da Lei 1ª Temporada,2026,Série,1080p,0,True,122,69
segredo-obscuro,Segredo Obscuro,2026,Filme,1080p,3,True,111,58
o-aspirante,O Aspirante,2024,Filme,1080p,2,True,107,54
a-maldicao-do-tubarao,A Maldição do Tubarão,2026,Filme,1080p,1,True,117,64
wardriver,Wardriver,2026,Filme,1080p,2,True,105,52
nando-entre-dois-mundos-um-filme-sintonia,Nando Entre Dois Mundos: Um Filme Sintonia,2026,Filme,1080p,2,True,138,85
anna-pigeon-1a-temporada,Anna Pigeon 1ª Temporada,2026,Série,1080p,0,True,120,67
o-destino-de-layla,O Destino de Layla,2023,Filme,1080p,2,True,114,61
feras-no-limite,Feras no Limite,2026,Filme,1080p,2,True,111,58
a-vida-no-skate-com-leo-baker,A Vida no Skate com Leo Baker,2022,Filme,1080p,1,True,125,72
star-trek-strange-new-worlds-4a-temporada,Star Trek: Strange New Worlds 4ª Temporada,2026,Série,1080p,0,True,138,85
o-ultimo-grande-assalto,O Último Grande Assalto,2026,Filme,1080p,2,True,119,66
presos-em-um-crime,Presos em um Crime,2025,Filme,1080p,1,True,114,61
o-sol-nasce-para-todos,O Sol Nasce Para Todos,2025,Filme,1080p,2,True,118,65
o-convite,O Convite,2026,Filme,1080p,2,True,105,52
trago-seu-amor,Trago Seu Amor,2026,Filme,1080p,3,True,110,57
asa-branca-a-voz-da-arena,Asa Branca: A Voz da Arena,2025,Filme,1080p,1,True,122,69
x-men-97-2a-temporada,X-Men '97 2ª Temporada,2026,Série,1080p,0,True,118,65
o-que-fica-por-dizer,O que Fica por Dizer,2026,Filme,1080p,2,True,116,63
o-afinador,O Afinador,2026,Filme,1080p,2,True,106,53
contornando-a-morte,Contornando a Morte,2018,Filme,1080p,1,True,115,62
eneida,Eneida,2022,Filme,1080p,1,True,102,49
o-conde-de-monte-cristo-1a-temporada,O Conde de Monte Cristo 1ª Temporada,2025,Série,1080p,0,True,132,79
meu-proprio-filho,Meu Próprio Filho,2026,Filme,1080p,1,True,113,60
kara,Kara,2026,Filme,1080p,4,True,100,47
lapua-1976,Lapua 1976,2023,Filme,1080p,1,True,106,53
operacao-raqqa,Operação: Raqqa,2024,Filme,1080p,1,True,111,58
o-sorveteiro,O Sorveteiro,2026,Filme,1080p,1,True,108,55
o-poder-do-rosario,O Poder do Rosário,2026,Filme,1080p,1,True,114,61
voepass-2283-a-queda-1a-temporada,Voepass 2283: A Queda 1ª Temporada,2026,Série,1080p,0,True,130,77
big-baby,Big Baby,2025,Filme,1080p,1,True,104,51
nao-identificada,Não Identificada,2026,Filme,1080p,2,True,112,59
popeye-iii-requiem,Popeye III: Requiem,2026,Filme,1080p,1,True,115,62
a-caixa-do-demonio,A Caixa do Demônio,2026,Filme,1080p,1,True,114,61
recem-nascido,Recém-nascido,2026,Filme,1080p,2,True,109,56
corrida-dos-bichos,Corrida dos Bichos,2026,Filme,1080p,3,True,114,61
george-washington,George Washington,2026,Filme,1080p,3,True,113,60
sugar-2a-temporada,Sugar 2ª Temporada,2026,Série,1080p,0,True,114,61
a-heroina-da-fita,A Heroína da Fita,2026,Filme,1080p,3,True,113,60
a-ultima-casa,A Última Casa,2026,Filme,1080p,3,True,109,56
the-isolate-thief,The Isolate Thief,2026,Filme,1080p,3,True,113,60
as-melhores-familias,As Melhores Famílias,2020,Filme,1080p,2,True,116,63
bom-garoto,Bom Garoto,2026,Filme,1080p,3,True,106,53
jovens-aguias,Jovens Águias,2022,Filme,1080p,3,True,109,56
hungria-a-escolha-de-um-sonho,Hungria: A Escolha de um Sonho,2026,Filme,1080p,1,True,126,73
vida-privada,Vida Privada,2025,Filme,1080p,3,True,108,55
jackass-ultimo-shot-de-loucura,Jackass: Último Shot de Loucura,2026,Filme,1080p,3,True,127,74
governor,Governor,2026,Filme,1080p,2,True,104,51
apreensao,Apreensão,2026,Filme,1080p,1,True,105,52
operacao-sombra,Operação Sombra,2025,Filme,1080p,4,True,111,58
monstros-irmaos-menendez-assassinos-dos-pais-1a-temporada,Monstros: Irmãos Menendez: Assassinos dos Pais 1ª Temporada,2024,Série,1080p,0,True,155,102
o-despertar-de-um-assassino,O Despertar De Um Assassino,2017,Filme,1080p,3,True,123,70
tempestade-na-vila-sesamo,Tempestade na Vila Sésamo,2026,Filme,1080p,2,True,121,68
volta-pra-mim,Volta Pra Mim,2022,Filme,1080p,2,True,109,56
jared-leto-hollywood-s-dark-secret,Jared Leto: Hollywood's Dark Secret,2026,Filme,1080p,1,True,131,78
authentic-games-no-imperio-desconectado,Authentic Games: No Império Desconectado,2026,Filme,1080p,4,True,136,83
lucky-strike,Lucky Strike,2026,Filme,1080p,2,True,108,55
uma-carta-de-natal,Uma Carta de Natal,2024,Filme,1080p,2,True,114,61
trustor-por-dentro-do-escandalo-financeiro,Trustor: Por Dentro do Escândalo Financeiro,2026,Filme,1080p,2,True,139,86
monstro-a-historia-de-lizzie-borden-1a-temporada,Monstro: A História de Lizzie Borden 1ª Temporada,2026,Série,1080p,1,False,145,92
o-atentado-ao-voo-pan-am-103-1a-temporada,O Atentado ao Voo Pan Am 103 1ª Temporada,2026,Série,1080p,0,True,137,84
star-wars-visions-apresenta-a-nona-jedi-1a-temporada,Star Wars: Visions Apresenta — A Nona Jedi 1ª Temporada,2026,Série,1080p,0,True,151,98
missao-majnu,Missão Majnu,2023,Filme,1080p,4,True,108,55
frango-a-conspiracao-do-fast-food,Frango: A Conspiração do Fast-Food,2026,Filme,1080p,1,True,130,77
marvel-rising-brincando-com-fogo,Marvel Rising: Brincando com Fogo,2019,Filme,1080p,4,True,129,76
marvel-rising-batalha-de-bandas,Marvel Rising: Batalha de Bandas,2019,Filme,1080p,4,True,128,75
capps-crossing-wrong-side-of-dead,Capps Crossing: Wrong Side of Dead,2026,Filme,1080p,2,True,130,77
dahmer,Dahmer,2002,Filme,1080p,4,True,102,49
fly-me-away,Fly Me Away,2021,Filme,1080p,2,True,107,54
uma-casa-na-pradaria-1a-temporada,Uma Casa na Pradaria 1ª Temporada,2026,Série,1080p,0,True,129,76
evolution,Evolution,2026,Filme,1080p,3,True,105,52
dahmer-um-canibal-americano-1a-temporada,Dahmer: Um Canibal Americano 1ª Temporada,2022,Série,1080p,0,True,137,84
monstro-a-historia-de-ed-gein-1a-temporada,Monstro: A História de Ed Gein 1ª Temporada,2025,Série,1080p,0,True,139,86
a-casa-do-dragao-3a-temporada,A Casa do Dragão 3ª Temporada,2026,Série,1080p,0,True,125,72
soulm8te,Soulm8te,2026,Filme,1080p,3,True,104,51
a-ultima-cena,A Última Cena,2023,Filme,1080p,2,True,109,56
projeto-caca-ao-lobo,Projeto Caça ao Lobo,2022,Filme,1080p,3,True,116,63
os-westies-donos-do-oeste-1a-temporada,Os Westies: Donos do Oeste 1ª Temporada,2026,Série,1080p,0,True,135,82
i-want-your-sex,I Want Your Sex,2026,Filme,1080p,2,True,111,58
tempo-de-despertar,Tempo de Despertar,1990,Filme,1080p,1,True,114,61
flamingos-a-vida-depois-do-meteorito,Flamingos: A Vida Depois do Meteorito,2026,Filme,1080p,1,True,133,80
batman-cruzado-encapuzado-2a-temporada,Batman: Cruzado Encapuzado 2ª Temporada,2026,Série,1080p,0,True,135,82
that-time-i-got-reincarnated-as-a-slime-o-filme-lagrimas-do-mar-azul-celeste,That Time I Got Reincarnated as a Slime o Filme: Lágrimas do mar azul-celeste,2026,Filme,1080p,3,True,158,120
um-grande-despertar,‎Um Grande Despertar,2026,Filme,1080p,2,True,116,63
gayong-2,Gayong 2,2026,Filme,1080p,2,True,104,51
shake-rattle-roll-evil-origins,"Shake, Rattle & Roll Evil Origins",2026,Filme,1080p,1,True,129,76
hit-para-dois,Hit Para Dois,2026,Filme,1080p,3,True,109,56
projeto-final-1a-temporada,Projeto Final 1ª Temporada,2026,Série,1080p,0,True,122,69
aparencias,Aparências,2020,Filme,1080p,3,True,106,53
snoopy-apresenta-nao-ha-nada-como-a-nossa-casa-snoopy,"Snoopy Apresenta - Não Há Nada Como a Nossa Casa, Snoopy",2026,Filme,1080p,2,True,152,99
pesadelo-no-artico,Pesadelo no Ártico,1993,Filme,1080p,1,True,114,61
40-encontros-e-40-noites,40 Encontros e 40 Noites,2026,Filme,1080p,2,True,120,67
ultima-parada,Última Parada,2026,Filme,1080p,1,True,109,56
cabo-do-medo-1a-temporada,Cabo do Medo 1ª Temporada,2026,Série,1080p,0,True,121,68
terra-de-desafios,Terra de Desafios,2005,Filme,1080p,2,True,113,60
cinco-tipos-de-medo,Cinco Tipos de Medo,2026,Filme,1080p,4,True,115,62
baki-dou-o-samurai-invencivel-1a-temporada,BAKI-DOU: O Samurai Invencível 1ª Temporada,2026,Série,1080p,0,True,139,86
destruicao-iminente,Destruição Iminente,2024,Filme,1080p,3,True,115,62
annie-e-os-bandidos,Annie e os Bandidos,1981,Filme,1080p,1,True,115,62
demon-slayer-kimetsu-no-yaiba-castelo-infinito,Demon Slayer: Kimetsu no Yaiba - Castelo Infinito,2025,Filme,1080p,3,True,145,92
o-diabo-veste-prada,O Diabo Veste Prada,2006,Filme,1080p,2,True,115,62
a-boca-do-diabo,A Boca do Diabo,2026,Filme,1080p,2,True,111,58
a-casa-do-dragao-3a-temporada-2,A Casa do Dragão 3ª Temporada,2026,Série,1080p,0,True,125,72
o-diabo-veste-prada-2,O Diabo Veste Prada 2,2026,Filme,1080p,2,True,117,64
a-procura-da-felicidade,À Procura da Felicidade,2006,Filme,1080p,1,True,119,66
zona-zero,Zona Zero,2026,Filme,1080p,3,True,105,52
furia-wrath-1a-temporada,Fúria (Wrath) 1ª Temporada,2026,Série,1080p,0,True,122,69
inverno-campo-de-batalha,Inverno: Campo de Batalha,2026,Filme,1080p,4,True,121,68
apanhador-de-almas,Apanhador de Almas,2025,Filme,1080p,3,True,114,61
supergirl,Supergirl,2026,Filme,1080p,3,True,105,52
rick-e-morty-9a-temporada,Rick e Morty 9ª Temporada,2026,Série,1080p,0,True,121,68
reacher-3a-temporada,Reacher 3ª Temporada,2025,Série,1080p,0,True,116,63
do-outro-lado-do-pavilhao,Do Outro Lado do Pavilhão,2025,Filme,1080p,1,True,121,68
o-fim-de-semana,O Fim de Semana,2019,Filme,1080p,3,True,111,58
reacher-1a-temporada,Reacher 1ª Temporada,2022,Série,1080p,0,True,116,63
psycho-killer-em-busca-do-assassino,Psycho Killer: Em Busca do Assassino,2026,Filme,1080p,3,True,132,79
leviticus,Leviticus,2026,Filme,1080p,1,True,105,52
dentes-de-leite,Dentes de Leite,2024,Filme,1080p,2,True,111,58
savage-house,Savage House,2026,Filme,1080p,2,True,108,55
reacher-2a-temporada,Reacher 2ª Temporada,2023,Série,1080p,0,True,116,63
molly-contra-as-maquinas,Molly contra. AS MÁQUINAS,2026,Filme,1080p,1,True,121,68
o-cobrador-de-dividas,O Cobrador de Dívidas,2026,Filme,1080p,3,True,117,64
encanto-quebrado,Encanto Quebrado,2024,Filme,1080p,1,True,112,59
the-dink-a-ultima-chance,The Dink - A Última Chance,2026,Filme,1080p,1,True,122,69
amor-apocalipse,Amor Apocalipse,2025,Filme,1080p,3,True,111,58
ataque-ao-hotel,Ataque ao Hotel,2023,Filme,1080p,3,True,111,58
o-soldado-desaparecido,O Soldado Desaparecido,2024,Filme,1080p,3,True,118,65
motor-city,Motor City,2026,Filme,1080p,3,True,106,53
um-pouco-de-luz,Um Pouco de Luz,2022,Filme,1080p,1,True,111,58
conspiradores,Conspiradores,2026,Filme,1080p,1,True,109,56
agente-kim-reativado-1a-temporada,Agente Kim: Reativado 1ª Temporada,2026,Série,1080p,0,True,130,77
suzzanna-witchcraft,Suzzanna: Witchcraft,2026,Filme,1080p,3,True,116,63
infantaria,Infantaria,2022,Filme,1080p,1,True,106,53
72-horas-em-miami,72 Horas em Miami,2026,Filme,1080p,1,True,113,60
amor-em-camera-lenta,Amor em Câmera Lenta,2026,Filme,1080p,2,True,116,63
orgulho-1a-temporada,Orgulho 1ª Temporada,2026,Série,1080p,0,True,116,63
cash-for-gold,Cash for Gold,2024,Filme,1080p,1,True,109,56
as-freiras-exorcistas,As Freiras Exorcistas,2025,Filme,1080p,3,True,117,64
euphoria-um-olhar-para-tras,Euphoria: Um Olhar para Trás,2026,Filme,1080p,1,True,124,71
a-fera-do-pantano,A Fera do Pântano,2026,Filme,1080p,2,True,113,60
amor-toxico,Amor Tóxico,2026,Filme,1080p,1,True,107,54
tubarao-de-parque-aquatico,Tubarão de Parque Aquático,2026,Filme,1080p,2,True,122,69
o-chef,O Chef,2021,Filme,1080p,2,True,102,49
a-lenda-de-aang-o-ultimo-mestre-do-ar,A Lenda de Aang: O Último Mestre do Ar,2025,Filme,1080p,3,True,134,81
bambi-uma-aventura-na-floresta,Bambi: Uma Aventura na Floresta,2024,Filme,1080p,3,True,127,74
star-wars-o-mandaloriano-e-grogu,Star Wars: O Mandaloriano e Grogu,2026,Filme,1080p,3,True,129,76
dia-d,Dia D,2026,Filme,1080p,3,True,101,48
o-delator,O Delator,2025,Filme,1080p,3,True,105,52
mestres-do-universo,Mestres do Universo,2026,Filme,1080p,3,True,115,62
cia-1a-temporada,CIA 1ª Temporada,2026,Série,1080p,0,True,112,59
o-assistente-mortuario,O Assistente Mortuário,2026,Filme,1080p,2,True,118,65
um-dia-de-sorte-em-nova-york,Um Dia de Sorte em Nova York,2026,Filme,1080p,1,True,124,71
o-desafio-de-marguerite,O Desafio de Marguerite,2023,Filme,1080p,2,True,119,66
cenas-de-natureza-sexual,Cenas de Natureza Sexual,2006,Filme,1080p,3,True,120,67
capitao-hook-as-mares-malditas,Capitão Hook: As Marés Malditas,2025,Filme,1080p,3,True,127,74
fora-de-controle,Fora de Controle,2025,Filme,1080p,2,True,112,59
a-revolucao-dos-bichos,A Revolução dos Bichos,2026,Filme,1080p,3,True,118,65
vermiglio-a-noiva-da-montanha,Vermiglio: A Noiva da Montanha,2024,Filme,1080p,1,True,126,73
nosso-natal-em-familia,Nosso Natal em Família,2024,Filme,1080p,2,True,118,65
a-sacada,A Sacada,2016,Filme,1080p,4,True,104,51
vingadores-doutor-destino,Vingadores: Doutor Destino,2026,Filme,,1,False,105,69
elize-sombras-de-uma-mulher,Elize: Sombras de Uma Mulher,2026,Filme,1080p,1,True,124,71
entrevista-com-o-vampiro-3a-temporada,Entrevista com o Vampiro 3ª Temporada,2026,Série,1080p,0,True,133,80
a-morte-de-robin-hood,A Morte de Robin Hood,2026,Filme,1080p,3,True,117,64
eu-ja-fui-engracada,Eu Já Fui Engraçada,2024,Filme,1080p,2,True,115,62
xeque-mate-o-jogo-da-vida,Xeque-Mate: O Jogo da Vida,2024,Filme,1080p,1,True,122,69
maa-inti-bangaram,Maa Inti Bangaram,2026,Filme,1080p,3,True,113,60
apenas-coisas-boas,Apenas Coisas Boas,2025,Filme,1080p,2,True,114,61
todo-mundo-em-panico,Todo Mundo em Pânico,2026,Filme,1080p,1,True,116,63
mogul-mowgli,Mogul Mowgli,2020,Filme,1080p,2,True,108,55
terror-no-oceano,Terror no Oceano,2022,Filme,1080p,3,True,112,59
sabor-do-desejo,Sabor do Desejo,2021,Filme,1080p,2,True,111,58
the-bay,The Bay,2026,Filme,1080p,2,True,103,50
a-odisseia-a-criacao-de-um-epico,A Odisseia: A Criação de um Épico,2026,Filme,1080p,1,True,129,76
nada-entre-nos,Nada Entre Nós,2026,Filme,1080p,2,True,110,57
o-meu-o-seu-o-nosso-natal,"O Meu, O Seu, O Nosso Natal",2024,Filme,1080p,2,True,123,70
23-000-vidas,23.000 Vidas,2026,Filme,1080p,1,True,108,55
desejo,Desejo,2026,Filme,1080p,2,True,102,49
backrooms-um-nao-lugar,Backrooms: Um Não-Lugar,2026,Filme,1080p,4,True,119,66
o-ultimo-ronin,O Último Ronin,2024,Filme,1080p,3,True,110,57
a-vida-secreta-de-kika,A Vida Secreta de Kika,2025,Filme,1080p,2,True,118,65
chopin-uma-sonata-em-paris,"Chopin, Uma Sonata em Paris",2025,Filme,1080p,3,True,123,70
barba-ensopada-de-sangue,Barba Ensopada de Sangue,2026,Filme,1080p,1,True,120,67
paixao-fora-da-lei,Paixão Fora da Lei,2025,Filme,1080p,2,True,114,61
possuidos-2,Possuídos,1998,Filme,1080p,3,True,105,52
3000-milhas-para-o-inferno,3000 Milhas para o Inferno,2001,Filme,1080p,3,True,122,69
uma-sensacao-de-medo,Uma Sensação de Medo,2026,Filme,1080p,2,True,116,63
lucia-e-o-sexo,Lúcia e o Sexo,2021,Filme,1080p,2,True,110,57
heartstopper-para-sempre,Heartstopper Para Sempre,2026,Filme,1080p,2,True,120,67
borderline,Borderline,2026,Filme,1080p,2,True,106,53
pequenos-pecados,Pequenos Pecados,2025,Filme,1080p,2,True,112,59
arame-farpado,Arame Farpado,2025,Filme,1080p,1,True,109,56
descendentes-pais-das-maravilhas-malvado,Descendentes: País das Maravilhas Malvado,2026,Filme,1080p,2,True,137,84
formiguinhaz,FormiguinhaZ,1998,Filme,1080p,3,True,108,55
golden-kamuy-3-invasao-a-prisao-abashiri,Golden Kamuy 3: Invasão a Prisão Abashiri,2026,Filme,1080p,3,True,137,84
o-falcao-do-golfe-1a-temporada,O Falcão do Golfe 1ª Temporada,2026,Série,1080p,0,True,126,73
one-piece-colecao,One Piece: Coleção,2009,Filme,1080p,1,True,114,61
golpe-explosivo,Golpe Explosivo,,Filme,1080p,4,True,104,51
projeto-legiao,Projeto Legião,2022,Filme,1080p,3,True,110,57
queridos-cresci,"Queridos, Cresci!",2020,Filme,1080p,1,True,113,60
shogun-s-ninja,Shogun's Ninja,2025,Filme,1080p,2,True,110,57
ardente-vinganca,Ardente Vingança,2026,Filme,1080p,2,True,112,59
girls-like-girls,Girls Like Girls,2026,Filme,1080p,2,True,112,59
a-vida-que-eu-quero,A Vida Que Eu Quero,2023,Filme,1080p,1,True,115,62
enterrados,Enterrados,2019,Filme,1080p,1,True,106,53
resgatando-o-espirito-de-natal,Resgatando o Espírito de Natal,2023,Filme,1080p,2,True,126,73
golden-kamuy,Golden Kamuy,2024,Filme,1080p,3,True,108,55
pai-em-tempo-integral,Pai em Tempo Integral,2026,Filme,1080p,2,True,117,64
top-secret-superconfidencial,Top Secret! Superconfidencial,1984,Filme,1080p,1,True,125,72
shiboyugi-playing-death-games-to-put-food-on-the-table-44-cloudy-beach,Shiboyugi: Playing Death Games to Put Food on the Table 44: Cloudy Beach,2026,Filme,1080p,2,True,158,115
king-ivory-vicio-das-ruas,King Ivory: Vício das Ruas,2025,Filme,1080p,3,True,122,69
o-aniversario,O Aniversário,2025,Filme,1080p,2,True,109,56
parceiras-no-crime-1a-temporada,Parceiras no Crime 1ª Temporada,2026,Série,1080p,0,True,127,74
eu-antes-de-mim,Eu Antes de Mim,2026,Filme,1080p,1,True,111,58
invasores,Invasores,2025,Filme,1080p,3,True,105,52
o-senhor-das-moscas-1a-temporada,O Senhor das Moscas 1ª Temporada,2026,Série,1080p,0,True,128,75
sunset-strip-killers,Sunset Strip Killers,2026,Filme,1080p,3,True,116,63
cidade-das-estrelas-1a-temporada,Cidade das Estrelas 1ª Temporada,2026,Série,1080p,0,True,128,75
o-verdadeiro-sentido-do-natal,O Verdadeiro Sentido do Natal,2024,Filme,1080p,1,True,125,72
o-genio-do-crime,O Gênio do Crime,2026,Filme,1080p,2,True,112,59
invasores-2,Invasores,2007,Filme,1080p,4,True,105,52
19-outra-vez,19 Outra Vez,2024,Filme,1080p,1,True,108,55
a-passagem,A Passagem,2005,Filme,1080p,3,True,106,53
boulevard,Boulevard,2026,Filme,1080p,2,True,105,52
susana-e-elvira-sem-plano-b,Susana e Elvira: Sem Plano B,2026,Filme,1080p,3,True,124,71
naufragio-o-pesadelo-do-costa-concordia,Naufrágio: O Pesadelo do Costa Concordia,2026,Filme,1080p,1,True,136,83
por-agua-abaixo,Por Água Abaixo,2006,Filme,1080p,4,True,111,58
ip-man-kung-fu-legend,Ip Man: Kung Fu Legend,2026,Filme,1080p,2,True,118,65
boulevard-2,Boulevard,2026,Filme,1080p,1,True,105,52
gigantes-de-aco,Gigantes de Aço,2011,Filme,1080p,3,True,111,58
inic-acao,Inic!ação,2021,Filme,1080p,2,True,105,52
a-ameaca-exterior,A Ameaça Exterior,2026,Filme,1080p,2,True,113,60
moana-2-e-um-chamado-dos-ancestrais,Moana 2: É um Chamado dos Ancestrais,2024,Filme,1080p,4,True,132,79
moana-um-mar-de-aventuras,Moana: Um Mar de Aventuras,2016,Filme,1080p,4,True,122,69
cowboys-aliens,Cowboys & Aliens,2011,Filme,1080p,4,True,112,59
a-sociedade-dos-assassinos,A Sociedade dos Assassinos,2024,Filme,1080p,3,True,122,69
todos-os-tipos-de-amor,Todos os Tipos de Amor,2022,Filme,1080p,2,True,118,65
peddi,Peddi,2026,Filme,1080p,3,True,101,48
a-busca-pelo-ouro-de-tom-sawyer,A Busca pelo Ouro de Tom Sawyer,2023,Filme,1080p,2,True,127,74
a-geracao-do-mal,A Geração do Mal,2022,Filme,1080p,2,True,112,59
trunfo,Trunfo,2026,Filme,1080p,2,True,102,49
ms-x-1a-temporada,Ms. X 1ª Temporada,2026,Série,1080p,0,True,114,61
cinquenta-tons-mais-escuros,Cinquenta Tons Mais Escuros,2017,Filme,1080p,2,True,123,70
anjos-da-guerra,Anjos da Guerra,2026,Filme,1080p,3,True,111,58
minions-2-a-origem-de-gru,Minions 2: A Origem de Gru,2022,Filme,1080p,5,True,122,69
cinquenta-tons-de-cinza,Cinquenta Tons de Cinza,2015,Filme,1080p,3,True,119,66
a-serie-pokemon-horizontes-1a-temporada,A Série Pokémon: Horizontes 1ª Temporada,2026,Série,1080p,0,True,136,83
caixa-preta-voo-298,Caixa Preta (Voo 298),2026,Filme,1080p,2,True,117,64
o-silencio-das-ostras,O Silêncio das Ostras,2025,Filme,1080p,1,True,117,64
retratos-de-uma-obsessao,Retratos de Uma Obsessão,2002,Filme,1080p,2,True,120,67
passageiro-do-mal,Passageiro do Mal,2026,Filme,1080p,2,True,113,60
minions-o-filme,Minions: O Filme,2015,Filme,1080p,4,True,112,59
forbidden-fruits,Forbidden Fruits,2026,Filme,1080p,1,True,112,59
o-advogado-de-deus,O Advogado de Deus,2026,Filme,1080p,1,True,114,61
braddock-3-o-resgate,Braddock 3: O Resgate,1988,Filme,1080p,2,True,117,64
sem-nada-a-perder,Sem Nada a Perder,2026,Filme,1080p,2,True,113,60
the-furious,The Furious,2026,Filme,1080p,2,True,107,54
portoes-do-inferno,Portões do Inferno,2025,Filme,1080p,3,True,114,61
um-pesadelo-maravilhoso,Um Pesadelo Maravilhoso,2026,Filme,1080p,3,True,119,66
insonia,Insônia,2002,Filme,1080p,3,True,103,50
beyond-the-boundary-1a-temporada,Beyond the Boundary 1ª Temporada,2013,Série,1080p,0,True,128,75
refugio-de-inverno,Refúgio de Inverno,2026,Filme,1080p,1,True,114,61
cinquenta-tons-de-liberdade,Cinquenta Tons de Liberdade,2018,Filme,1080p,2,True,123,70
acorda-leonard,"Acorda, Leonard",2022,Filme,1080p,2,True,111,58
bna-1a-temporada,BNA 1ª Temporada,2020,Série,1080p,0,True,112,59
pressao,Pressão,2026,Filme,1080p,3,True,103,50
uma-amizade-para-recordar,Uma Amizade para Recordar,2025,Filme,1080p,2,True,121,68
fogo-contra-fogo,Fogo Contra Fogo,2023,Filme,1080p,3,True,112,59
balistica,Balística,2026,Filme,1080p,2,True,105,52
obsessao,Obsessão,2026,Filme,1080p,1,True,104,51
escalando-o-everest-de-chinelos,Escalando o Everest de Chinelos,2024,Filme,1080p,1,True,127,74
sicario-terra-de-ninguem,Sicario: Terra de Ninguém,2025,Filme,1080p,2,True,121,68
braddock-2-o-inicio-da-missao,Braddock 2: O Início da Missão,1985,Filme,1080p,3,True,126,73
avatar-o-ultimo-mestre-do-ar-2a-temporada,Avatar: O Último Mestre do Ar 2ª Temporada,2026,Série,1080p,0,True,138,85
aguas-mortais,Águas Mortais,2026,Filme,1080p,2,True,109,56
homem-de-guerra,Homem de Guerra,2026,Filme,1080p,2,True,111,58
o-leao-do-deserto,O Leão do Deserto,2026,Filme,1080p,4,True,113,60
incubus,Incubus,1982,Filme,1080p,2,True,103,50
nao-vale-a-pena-morrer-por-ele,Não Vale a Pena Morrer Por Ele,2022,Filme,1080p,2,True,126,73
sicario-dia-do-soldado,Sicário: Dia do Soldado,2018,Filme,1080p,3,True,119,66
ninguem-mexe-com-a-vovo,Ninguém Mexe com a Vovó,2024,Filme,1080p,3,True,119,66
from-origem-4a-temporada,From (Origem) 4ª Temporada,2026,Série,1080p,0,True,122,69
vapor-humano-1a-temporada,Vapor Humano 1ª Temporada,2026,Série,1080p,0,True,121,68
casamento-sangrento-2-a-viuva,Casamento Sangrento 2: A Viúva,2026,Filme,1080p,2,True,126,73
um-goleiro-muito-improvavel,Um Goleiro Muito Improvável,2026,Filme,1080p,1,True,123,70
nascido-em-4-de-julho,Nascido em 4 de Julho,1989,Filme,1080p,2,True,117,64
braddock-o-super-comando,Braddock: O Super Comando,1984,Filme,1080p,4,True,121,68
hamlet,Hamlet,2026,Filme,1080p,1,True,102,49
rancho-dutton-1a-temporada,Rancho Dutton 1ª Temporada,2026,Série,1080p,0,True,122,69
chaves-colecao-completa,Chaves: Coleção Completa,1972,Série,1080p,0,True,120,67
assassinos-por-natureza,Assassinos por Natureza,1994,Filme,1080p,3,True,119,66
super-choque-1a-a-4a-temporada,Super Choque 1ª a 4ª Temporada,2000,Série,1080p,0,True,126,73
na-zona-cinzenta,Na Zona Cinzenta,2026,Filme,1080p,2,True,112,59
notas-da-ultima-fila-1a-temporada,Notas da Última Fila 1ª Temporada,2026,Série,1080p,0,True,129,76
caverna-do-dragao-colecao-completa,Caverna do Dragão: Coleção Completa,1983,Série,1080p,0,True,131,78
ela-danca-eu-danco-colecao,"Ela Dança, Eu Danço: Coleção",2006,Filme,1080p,1,True,124,71
sem-censura-a-historia-de-robin-byrd,Sem Censura: A História de Robin Byrd,2026,Filme,1080p,1,True,133,80
resident-alien-4a-temporada,Resident Alien 4ª Temporada,2025,Série,1080p,0,True,123,70
james-bond-colecao,James Bond: Coleção,1962,Filme,1080p,1,True,115,62
enola-holmes,Enola Holmes,2020,Filme,1080p,3,True,108,55
as-aventuras-de-jackie-chan-colecao-completa,As Aventuras de Jackie Chan: Coleção Completa,2000,Série,1080p,0,True,141,88
drag-queens-contra-zumbis,Drag Queens Contra Zumbis,2025,Filme,1080p,2,True,121,68
velozes-furiosos-colecao,Velozes & Furiosos: Coleção,2001,Filme,1080p,1,True,123,70
enola-holmes-2,Enola Holmes 2,2022,Filme,1080p,3,True,110,57
baby-looney-tunes-colecao-completa,Baby Looney Tunes: Coleção Completa,2002,Série,1080p,0,True,131,78
liga-da-justica-1a-a-2a-temporada,Liga da Justiça 1ª a 2ª Temporada,2001,Série,1080p,0,True,129,76
clika,Clika,2026,Filme,1080p,3,True,101,48
halloween-colecao,Halloween: Coleção,1978,Filme,1080p,1,True,114,61
enola-holmes-3,Enola Holmes 3,2026,Filme,1080p,4,True,110,57
possuidos-3,Possuídos,2007,Filme,1080p,3,True,105,52
william-tell-o-guerreiro,William Tell: O Guerreiro,2025,Filme,1080p,4,True,121,68
uma-testemunha-nada-protegida,Uma Testemunha Nada Protegida,2008,Filme,1080p,4,True,125,72
os-doomies-1a-temporada,OS DOOMIES 1ª Temporada,2026,Série,1080p,0,True,119,66
sob-o-codigo-da-honra,Sob o Código da Honra,2025,Filme,1080p,4,True,117,64
trolls-o-ritmo-continua-1a-a-6a-temporada,Trolls: O Ritmo Continua! 1ª a 6ª Temporada,2018,Série,1080p,0,True,139,86
os-herois-de-halyard,Os Heróis de Halyard,2023,Filme,1080p,3,True,116,63
killhouse,Killhouse,2026,Filme,1080p,4,True,105,52
little-brother,Little Brother,2026,Filme,1080p,1,True,110,57
o-urso-5a-temporada,O Urso 5ª Temporada,2026,Série,1080p,0,True,115,62
o-velho-fusca,O Velho Fusca,2025,Filme,1080p,2,True,109,56
down-o-elevador-da-morte,Down: O Elevador da Morte,2025,Filme,1080p,2,True,121,68
pica-pau-1a-a-3a-temporada,Pica-Pau 1ª a 3ª Temporada,1999,Série,1080p,0,True,122,69
o-trem-do-terror,O Trem do Terror,1980,Filme,1080p,2,True,112,59
tomando-rumo,Tomando Rumo,2026,Filme,1080p,1,True,108,55
invasao-do-mundo-batalha-de-los-angeles,Invasão do Mundo: Batalha de Los Angeles,2011,Filme,1080p,2,True,136,83
fazendo-as-pazes-com-o-passado,Fazendo as Pazes com o Passado,2023,Filme,1080p,1,True,126,73
vares-x,Vares X,2024,Filme,1080p,2,True,103,50
rastreado,Rastreado,2026,Filme,1080p,2,True,105,52
jose-do-egito-1a-temporada,José do Egito 1ª Temporada,2013,Série,1080p,0,True,122,69
os-cavaleiros-do-zodiaco-colecao-completa,Os Cavaleiros do Zodíaco: Coleção Completa,1986,Série,1080p,0,True,138,85
orgulho-e-preconceito,Orgulho e Preconceito,2005,Filme,1080p,2,True,117,64
rocky-colecao,Rocky: Coleção,1976,Filme,1080p,1,True,110,57
chum,Chum,2026,Filme,1080p,2,True,100,47
knd-a-turma-do-bairro-1a-a-6a-temporada,KND: A Turma do Bairro 1ª a 6ª Temporada,2002,Série,1080p,0,True,136,83
a-maldicao-do-casamento,A Maldição do Casamento,2026,Filme,1080p,2,True,119,66
chris-e-martina-o-ultimo-set,Chris e Martina: O Último Set,2026,Filme,1080p,1,True,125,72
presos-com-o-demonio,Presos com o Demônio,2022,Filme,1080p,1,True,116,63
sharks-in-prague,Sharks In Prague,2025,Filme,1080p,2,True,112,59
o-cravista,O Cravista,2026,Filme,1080p,2,True,106,53
squatch,Squatch,2026,Filme,1080p,1,True,103,50
a-texas-nightmare,A Texas Nightmare,2025,Filme,1080p,2,True,113,60
a-lenda-de-vox-machina-4a-temporada,A Lenda de Vox Machina 4ª Temporada,2026,Série,1080p,0,True,131,78
vidas-entrelacadas,Vidas Entrelaçadas,2026,Filme,1080p,1,True,114,61
dinheiro-facil,Dinheiro Fácil,2023,Filme,1080p,3,True,110,57
affection,Affection,2026,Filme,1080p,2,True,105,52
o-passado-nunca-morre,O Passado Nunca Morre,2026,Filme,1080p,3,True,117,64
o-incrivel-circo-digital-1a-temporada,O Incrível Circo Digital 1ª Temporada,2025,Série,1080p,0,True,133,80
era-uma-vez-minha-mae,Era Uma Vez Minha Mãe,2025,Filme,1080p,2,True,117,64
inapropriados-para-o-trabalho-1a-temporada,Inapropriados para o Trabalho 1ª Temporada,2026,Série,1080p,0,True,138,85
ruas-da-gloria,Ruas da Glória,2026,Filme,1080p,1,True,110,57
a-maldicao,A Maldição,1996,Filme,1080p,2,True,106,53
dolly-a-boneca-maldita,Dolly: A Boneca Maldita,2026,Filme,1080p,1,True,119,66
busboys,Busboys,2026,Filme,1080p,1,True,103,50
is-god-is,Is God Is,2026,Filme,1080p,3,True,105,52
jogada-da-vida,Jogada da Vida,2024,Filme,1080p,3,True,110,57
a-agencia-2a-temporada,A Agência 2ª Temporada,2026,Série,1080p,0,True,118,65
we-can-t-leave,We Can't Leave,2025,Filme,1080p,1,True,110,57
so-voce,Só Você,2023,Filme,1080p,2,True,103,50
r-j-decker-investigador-privado-1a-temporada,R.J. Decker: Investigador Privado 1ª Temporada,2026,Série,1080p,0,True,142,89
os-bons-se-vestem-de-negro,Os Bons se Vestem de Negro,1978,Filme,1080p,1,True,122,69
as-ovelhas-detetives,As Ovelhas Detetives,2026,Filme,1080p,3,True,116,63
descendentes-colecao,Descendentes: Coleção,2015,Filme,1080p,1,True,117,64
descendentes-3,Descendentes 3,2019,Filme,1080p,3,True,110,57
descendentes,Descendentes,2015,Filme,1080p,3,True,108,55
bourne-colecao,Bourne: Coleção,2002,Filme,1080p,1,True,111,58
jogos-mortais-colecao,Jogos Mortais: Coleção,2005,Filme,1080p,1,True,118,65
um-dia-de-cada-vez,Um Dia de Cada Vez,2024,Filme,1080p,3,True,114,61
viagem-gelada-o-resgate-do-urso-polar,Viagem Gelada: O Resgate do Urso Polar,2022,Filme,1080p,4,True,134,81
descendentes-2,Descendentes 2,2017,Filme,1080p,3,True,110,57
toy-story-2,Toy Story 2,1999,Filme,1080p,4,True,107,54
toy-story-3,Toy Story 3,2010,Filme,1080p,4,True,107,54
planeta-dos-macacos-original-colecao,Planeta dos Macacos (Original) Coleção,1968,Filme,1080p,1,True,134,81
kung-fu-panda-colecao,Kung Fu Panda: Coleção,2008,Filme,1080p,1,True,118,65
a-influencer,A Influencer,2024,Filme,1080p,1,True,108,55
espirito-assassino,Espírito Assassino,1986,Filme,1080p,3,True,114,61
citizen-vigilante,Citizen Vigilante,2026,Filme,1080p,2,True,113,60
toy-story,Toy Story,1995,Filme,1080p,4,True,105,52
vinganca-obsessiva,Vingança Obsessiva,1989,Filme,1080p,2,True,114,61
hitpig-o-heroi-da-bicharada,Hitpig! O Herói da Bicharada,2024,Filme,1080p,4,True,124,71
morte-na-fronteira,Morte na Fronteira,2023,Filme,1080p,2,True,114,61
toy-story-4,Toy Story 4,2019,Filme,1080p,4,True,107,54
perigo-nas-alturas,Perigo nas Alturas,2024,Filme,1080p,2,True,114,61
refens-na-noite,Reféns na Noite,2024,Filme,1080p,2,True,111,58
busca-implacavel-colecao,Busca Implacável: Coleção,2008,Filme,1080p,1,True,121,68
descendentes-a-ascensao-de-copas,Descendentes: A Ascensão de Copas,2024,Filme,1080p,3,True,129,76
maridos-em-acao,Maridos em Ação,2026,Filme,1080p,2,True,111,58
parto-maldito,Parto Maldito,2025,Filme,1080p,2,True,109,56
hokum-o-pesadelo-da-bruxa,Hokum: O Pesadelo da Bruxa,2026,Filme,1080p,1,True,122,69
eu-vou-te-encontrar-1a-temporada,Eu Vou Te Encontrar 1ª Temporada,2026,Série,1080p,0,True,128,75
missao-improvavel,Missão - Improvável,2025,Filme,1080p,3,True,115,62
dark-places,Dark Places,2026,Filme,1080p,1,True,107,54
o-espetacular-homem-aranha-2-a-ameaca-de-electro,O Espetacular Homem-Aranha 2: A Ameaça de Electro,2014,Filme,1080p,3,True,145,92
god-of-frogs,God of Frogs,2026,Filme,1080p,1,True,108,55
homem-aranha-sem-volta-para-casa,Homem-Aranha: Sem Volta Para Casa,2021,Filme,1080p,3,True,129,76
vulcao-fogo-debaixo-da-terra,Vulcão: Fogo debaixo da Terra,2025,Filme,1080p,1,True,125,72
elshater,Elshater,2025,Filme,1080p,2,True,104,51
homem-aranha-3,Homem-Aranha 3,2007,Filme,1080p,3,True,110,57
homem-aranha-2,Homem-Aranha 2,2004,Filme,1080p,3,True,110,57
casa-grande,Casa Grande,2026,Filme,1080p,2,True,107,54
empire-of-lies,Empire of Lies,2026,Filme,1080p,2,True,110,57
homem-aranha-colecao,Homem-Aranha: Coleção,2002,Filme,1080p,1,True,117,64
homem-aranha-de-volta-ao-lar,Homem-Aranha: De Volta ao Lar,2017,Filme,1080p,3,True,125,72
exit-8,Exit 8,2025,Filme,1080p,2,True,102,49
dracula-rise-of-the-vampire,Dracula: Rise of the Vampire,2025,Filme,1080p,3,True,124,71
homem-aranha,Homem-Aranha,2002,Filme,1080p,2,True,108,55
aprendendo-a-licao-1a-temporada,Aprendendo a Lição 1ª Temporada,,Filme,,1,False,103,67
homem-aranha-longe-de-casa,Homem-Aranha: Longe de Casa,2019,Filme,1080p,3,True,123,70
mensagens-para-isabelle,Mensagens para Isabelle,2026,Filme,1080p,2,True,119,66
o-espetacular-homem-aranha,O Espetacular Homem-Aranha,2012,Filme,1080p,3,True,122,69
his-dark-materials-fronteiras-do-universo-3a-temporada,His Dark Materials: Fronteiras do Universo 3ª Temporada,2022,Série,1080p,0,True,151,98
a-magia-do-natal,A Magia do Natal,2024,Filme,1080p,3,True,112,59
brothers-under-fire,Brothers Under Fire,2026,Filme,1080p,4,True,115,62
minha-culpa,Minha Culpa,2023,Filme,1080p,3,True,107,54
conflito-de-interesses-amoroso,Conflito de Interesses Amoroso,2024,Filme,1080p,2,True,126,73
corrida-mortal-colecao,Corrida Mortal: Coleção,2008,Filme,1080p,1,True,119,66
minha-culpa-londres,Minha Culpa: Londres,2025,Filme,1080p,2,True,116,63
corrida-mortal-4-anarquia,Corrida Mortal 4: Anarquia,2018,Filme,1080p,3,True,122,69
amor-paterno,Amor Paterno,2024,Filme,1080p,1,True,108,55
o-sequestro-do-metro-1-2-3,O Sequestro do Metrô 1 2 3,2009,Filme,1080p,3,True,122,69
boy-of-your-dreams-2,Boy Of Your Dreams 2,2026,Filme,1080p,2,True,116,63
ela-e-o-diabo,Ela é o Diabo,1989,Filme,1080p,1,True,109,56
60-dates-in-6-months,60 Dates in 6 Months,2026,Filme,1080p,2,True,116,63
by-his-hand,By His Hand,2026,Filme,1080p,2,True,107,54
his-dark-materials-fronteiras-do-universo-1a-temporada,His Dark Materials: Fronteiras do Universo 1ª Temporada,2019,Série,1080p,0,True,151,98
never-change,Never Change!,2026,Filme,1080p,1,True,109,56
a-loucura-das-colegiais,A Loucura das Colegiais,1973,Filme,1080p,1,True,119,66
his-dark-materials-fronteiras-do-universo-2a-temporada,His Dark Materials: Fronteiras do Universo 2ª Temporada,2020,Série,1080p,0,True,151,98
a-familia-que-escolhi,A Família que Escolhi,2024,Filme,1080p,3,True,117,64
o-segredo-de-widow-s-bay-1a-temporada,O Segredo de Widow's Bay 1ª Temporada,2026,Série,1080p,0,True,133,80
sua-culpa-londres,Sua Culpa: Londres,2026,Filme,1080p,2,True,114,61
o-dia-do-massacre,O Dia do Massacre,2025,Filme,1080p,1,True,113,60
uma-tia-da-pesada-2,Uma Tia da Pesada 2,2025,Filme,1080p,2,True,115,62
capture,Capture,2026,Filme,1080p,1,True,103,50
amazing-elisa,Amazing Elisa,2022,Filme,1080p,1,True,109,56
a-soma-de-todos-os-medos,A Soma de Todos os Medos,,Filme,1080p,3,True,113,60
tita,Titã,2018,Filme,1080p,2,True,100,47
corrida-mortal-2,Corrida Mortal 2,2010,Filme,1080p,3,True,112,59
undertone,undertone,2026,Filme,1080p,2,True,105,52
blades-of-the-guardians-wind-rises-in-the-desert,Blades of the Guardians: Wind Rises in the Desert,2026,Filme,1080p,3,True,145,92
cancao-ao-longe,Canção ao Longe,2023,Filme,1080p,1,True,111,58
corrida-mortal,Corrida Mortal,2008,Filme,1080p,3,True,110,57
projeto-internato,Projeto Internato,2026,Filme,1080p,1,True,113,60
cidade-louca,Cidade Louca,2016,Filme,1080p,2,True,108,55
attraction,Attraction,2017,Filme,1080p,4,True,106,53
master-of-the-universe,Master of the Universe,2026,Filme,1080p,2,True,118,65
mr-x,Mr. X,2026,Filme,1080p,2,True,101,48
virus,Virus,1999,Filme,1080p,3,True,101,48
subspecies-2-a-maldicao-continua,Subspecies 2 - A Maldição Continua,1993,Filme,1080p,1,True,130,77
attraction-2-a-invasao,Attraction 2: A Invasão,2020,Filme,1080p,3,True,119,66
um-pai-em-apuros,Um Pai em Apuros,2026,Filme,1080p,1,True,112,59
todos-a-bordo,Todos a Bordo,2021,Filme,1080p,1,True,109,56
lances-da-vida-1a-a-9a-temporada,Lances da Vida 1ª a 9ª Temporada,2003,Série,1080p,2,True,128,75
os-encantados,Os Encantados,2023,Filme,1080p,1,True,109,56
subspecies-a-geracao-vamp,Subspecies - A Geração Vamp,1991,Filme,1080p,1,True,123,70
corrida-mortal-3-inferno,Corrida Mortal 3: Inferno,2013,Filme,1080p,3,True,121,68
o-homem-que-luta-so,O Homem Que Luta Só,1959,Filme,1080p,1,True,115,62
tentacao,Tentação,1995,Filme,1080p,3,True,104,51
shrek-colecao,Shrek: Coleção,,Filme,,1,True,86,50
boa-sorte-divirta-se-nao-morra,"Boa Sorte, Divirta-se, Não Morra",2026,Filme,1080p,3,True,128,75
deixa-acontecer,Deixa Acontecer,2026,Filme,1080p,3,True,111,58
among-us-1a-temporada,Among Us 1ª Temporada,2026,Série,1080p,0,True,117,64
o-favor,O Favor,2026,Filme,1080p,3,True,103,50
eu-sou-frankelda,Eu sou Frankelda,2026,Filme,1080p,4,True,112,59
coracoes-em-chamas,Corações em Chamas,2025,Filme,1080p,2,True,114,61
a-dama-1a-temporada,A Dama 1ª Temporada,2026,Série,1080p,0,True,115,62
personhood,Personhood,2026,Filme,1080p,2,True,106,53
a-raiz-do-mal,A Raiz do Mal,2025,Filme,1080p,1,True,109,56
agente-zero,Agente Zero,2025,Filme,1080p,2,True,107,54
vigilantes-do-tempo,Vigilantes do Tempo,2023,Filme,1080p,3,True,115,62
ronin,Ronin,1998,Filme,1080p,3,True,101,48
desejo-em-manhattan,Desejo em Manhattan,2026,Filme,1080p,2,True,115,62
colecao-brinquedo-assassino,Coleção Brinquedo Assassino,,Filme,,1,True,99,63
a-cancao-que-me-salvoutorrent-dual-audio-download-kj-um-jovem-cantor-de-rua-em-crise-e-barry-um-veterano-sem-t,"A Canção Que Me SalvouTorrent Dual Áudio Download – KJ, um jovem cantor de rua em crise, e Barry, um veterano sem-teto, encontram esperança e cura na conexão que nasce da música e da amizade. Baixar o filme A Canção Que Me Salvouvia",2025,Filme,1080p,1,True,158,275
o-golpe-final,O Golpe Final,2026,Filme,1080p,2,True,109,56
as-cores-do-mal-preto,As Cores do Mal: Preto,2026,Filme,1080p,4,True,118,65
por-cima-do-seu-cadaver,Por Cima do seu Cadáver,2026,Filme,1080p,3,True,119,66
mortuaria,Mortuária,,Filme,,1,True,81,45
instinto-materno,Instinto Materno,2026,Filme,1080p,2,True,112,59
incondicional-1a-temporada,Incondicional 1ª Temporada,2026,Série,1080p,0,True,122,69
3-dias-para-matar,3 Dias para Matar,2014,Filme,1080p,3,True,113,60
the-capture-3a-temporada,The Capture 3ª Temporada,2026,Série,1080p,0,True,120,67
o-deserto-de-akin,O Deserto de Akin,2025,Filme,1080p,1,True,113,60
depois-daquele-ano-1a-temporada,Depois Daquele Ano 1ª Temporada,,Filme,,1,False,103,67
signal-one,Signal One,2026,Filme,1080p,2,True,106,53
anjos-da-noite,Anjos da Noite,2003,Filme,1080p,4,True,110,57
inventario-de-imagens-perdidas,Inventário de Imagens Perdidas,2025,Filme,1080p,2,True,126,73
the-passenger,The Passenger,2026,Filme,1080p,1,True,109,56
iron-maiden-burning-ambition,Iron Maiden: Burning Ambition,2026,Filme,1080p,2,True,125,72
mortal-kombat-2,Mortal Kombat 2,2026,Filme,1080p,3,True,111,58
anjos-da-noite-o-despertar,Anjos da Noite: O Despertar,2012,Filme,1080p,4,True,123,70
sexa,Sexa,2025,Filme,1080p,3,True,100,47
jackass-best-and-last,Jackass: Best and Last,,Filme,,1,False,94,58
tetra-acreditar-de-novo,Tetra: Acreditar de Novo,2026,Filme,1080p,1,True,120,67
100-noites-de-desejo,100 Noites de Desejo,,Filme,,1,False,92,56
seven-snipers,Seven Snipers,2026,Filme,1080p,3,True,109,56
procurando-adam,Procurando Adam,2024,Filme,1080p,2,True,111,58
michael,Michael,2026,Filme,1080p,2,True,103,50
anjos-da-noite-guerras-de-sangue,Anjos da Noite: Guerras de Sangue,,Filme,1080p,5,True,122,69
alpha,Alpha,,Filme,,1,True,77,41
avatar-o-ultimo-mestre-do-ar-1a-temporada,Avatar: O Último Mestre do Ar 1ª Temporada,2024,Série,1080p,0,True,138,85
dhurandhar-a-vinganca,Dhurandhar: A Vingança,2026,Filme,1080p,3,True,118,65
zico-o-samurai-de-quintino,Zico: O Samurai de Quintino,2026,Filme,1080p,1,True,123,70
anjos-da-noite-a-evolucao,Anjos da Noite: A Evolução,2006,Filme,1080p,4,True,122,69
the-amazing-digital-circus-o-ultimo-ato,The Amazing Digital Circus: O Último Ato,2026,Filme,1080p,4,True,136,83
anjos-da-noite-a-rebeliao,Anjos da Noite: A Rebelião,2009,Filme,1080p,4,True,122,69
pitfall,Pitfall,2026,Filme,1080p,3,True,103,50
mortuaria-2,Mortuária,2005,Filme,1080p,1,True,105,52
backwood-madness,Backwood Madness,2025,Filme,1080p,2,True,112,59
prazer-maximo-garantido-1a-temporada,Prazer Máximo Garantido 1ª Temporada,2026,Série,1080p,0,True,132,79
mexico-1986,México 1986,2026,Filme,1080p,3,True,107,54
great-teacher-onizuka-1a-temporada,Great Teacher Onizuka 1ª Temporada,1999,Série,1080p,0,True,130,77
a-testemunha-1a-temporada,A Testemunha 1ª Temporada,2026,Série,1080p,0,True,121,68
blue-lock-o-filme-episodio-nagi,BLUE LOCK O FILME -EPISÓDIO NAGI-,2024,Filme,1080p,3,True,129,76
o-sussurro,O Sussurro,2026,Filme,1080p,1,True,106,53
the-summoning-of-chloe-kane,The Summoning of Chloe Kane,2026,Filme,1080p,2,True,123,70
todo-mundo-em-panico-colecao,Todo Mundo em Pânico: Coleção,,Filme,,1,True,101,65
reacao-em-cadeia,Reação em Cadeia,1996,Filme,1080p,3,True,112,59
a-casa-de-verao,A Casa de Verão,2026,Filme,1080p,4,True,111,58
um-drink-no-inferno,Um Drink no Inferno,1996,Filme,1080p,3,True,115,62
todo-mundo-em-panico-5,Todo Mundo em Pânico 5,2013,Filme,1080p,1,True,118,65
neglected,Neglected,2026,Filme,1080p,2,True,105,52
capitao-astucia,Capitão Astúcia,2025,Filme,1080p,3,True,111,58
a-desconhecida,A Desconhecida,2026,Filme,1080p,2,True,110,57
maravilhoso-mundo-novo,Maravilhoso Mundo Novo,2025,Filme,1080p,3,True,118,65
rio-de-sangue,Rio de Sangue,2026,Filme,1080p,3,True,109,56
paixao-de-escritorio,Paixão de Escritório,2026,Filme,1080p,2,True,116,63
pinkerton,Pinkerton,2025,Filme,1080p,1,True,105,52
o-caso-frieda,O Caso Frieda,2025,Filme,1080p,1,True,109,56
na-rota-do-crime,Na Rota do Crime,2026,Filme,1080p,4,True,112,59
ela-escolhe-perdoar,Ela Escolhe Perdoar,2025,Filme,1080p,2,True,115,62
corporate-retreat,Corporate Retreat,2026,Filme,1080p,2,True,113,60
michael-jackson-o-veredito-1a-temporada,Michael Jackson: O Veredito 1ª Temporada,2026,Série,1080p,0,True,136,83
todo-mundo-em-panico-3,Todo Mundo em Pânico 3,2003,Filme,1080p,1,True,118,65
aurora,Aurora,2025,Filme,1080p,2,True,102,49
crime-na-casa-branca,Crime na Casa Branca,1997,Filme,1080p,4,True,116,63
a-invocacao,A Invocação,,Filme,1080p,2,True,100,47
shaitaan,Shaitaan,2025,Filme,1080p,3,True,104,51
pillion,Pillion,2025,Filme,1080p,3,True,103,50
o-assassinato-de-rachel-nickell,O Assassinato de Rachel Nickell,2026,Filme,1080p,1,True,127,74
o-estrangeiro,O Estrangeiro,2025,Filme,1080p,2,True,109,56
ate-que-amanheca,Até Que Amanheça,2026,Filme,1080p,2,True,112,59
todo-mundo-em-panico-2,Todo Mundo em Pânico,2000,Filme,1080p,1,True,116,63
o-silencio-da-noite,O Silêncio da Noite,2024,Filme,1080p,3,True,115,62
todo-mundo-em-panico-4,Todo Mundo em Pânico 4,2006,Filme,1080p,1,True,118,65
filhas-deu-ruim,"Filhas, Deu Ruim!",2026,Filme,1080p,2,True,113,60
kidnapping-my-own-daughter,Kidnapping My Own Daughter,2026,Filme,1080p,1,True,122,69
cara-de-um-focinho-de-outro,"Cara de Um, Focinho de Outro",2026,Filme,1080p,4,True,124,71
shaitaan-2,Shaitaan,2026,Filme,1080p,1,True,104,51
todo-mundo-em-panico-2-2,Todo Mundo em Pânico 2,2001,Filme,1080p,1,True,118,65
podolski,Podolski,2026,Filme,1080p,1,True,104,51
o-jogo-da-verdade,O Jogo da Verdade,1995,Filme,1080p,3,True,113,60
risa-e-o-telefone-do-vento,Risa e o Telefone do Vento,2026,Filme,1080p,2,True,122,69
atracao-mortal,Atração Mortal,1989,Filme,1080p,2,True,110,57
manual-de-assassinato-para-boas-garotas-1a-temporada,Manual de Assassinato para Boas Garotas 1ª Temporada,2024,Série,1080p,0,True,148,95
liar-game-1a-temporada,LIAR GAME 1ª Temporada,2026,Série,1080p,0,True,118,65
rooster-fighter-1a-temporada,Rooster Fighter 1ª Temporada,2026,Série,1080p,0,True,124,71
a-fabrica-de-fake-news,A Fábrica de Fake News,2024,Filme,1080p,2,True,118,65
euphoria-3a-temporada,Euphoria 3ª Temporada,2026,Série,1080p,0,True,117,64
o-misterio-de-chapelwaite-1a-temporada,O Mistério de Chapelwaite 1ª Temporada,2021,Série,1080p,0,True,134,81
mare-vermelha,Maré Vermelha,2025,Filme,1080p,4,True,109,56
os-esquecidos,Os Esquecidos,2004,Filme,1080p,3,True,109,56
shaitaan-3,Shaitaan,2024,Filme,1080p,2,True,104,51
manual-de-assassinato-para-boas-garotas-2a-temporada,Manual de Assassinato para Boas Garotas 2ª Temporada,2026,Série,1080p,0,True,148,95
agents-of-the-four-seasons-dance-of-spring-1a-temporada,Agents of the Four Seasons: Dance of Spring 1ª Temporada,2025,Série,1080p,0,True,152,99
needy-girl-overdose-1a-temporada,NEEDY GIRL OVERDOSE 1ª Temporada,2025,Série,1080p,0,True,128,75
nippon-sangoku-a-guerra-das-tres-nacoes-1a-temporada,NIPPON SANGOKU: A Guerra das Três Nações 1ª Temporada,2025,Série,1080p,0,True,149,96
dorohedoro-2a-temporada,Dorohedoro 2ª Temporada,2026,Série,1080p,0,True,119,66
sob-o-dominio-do-mal,Sob o Domínio do Mal,2004,Filme,1080p,3,True,116,63
k-pops,K-Pops!,2026,Filme,1080p,3,True,103,50
los-angeles-cidade-proibida,Los Angeles: Cidade Proibida,1997,Filme,1080p,2,True,124,71
a-licao-fatal,A Lição Fatal,2021,Filme,1080p,3,True,109,56
akane-banashi-1a-temporada,Akane-banashi 1ª Temporada,2025,Série,1080p,0,True,122,69
snowball-earth-1a-temporada,SNOWBALL EARTH 1ª temporada,2025,Série,1080p,0,True,123,70
witch-hat-atelier-1a-temporada,Witch Hat Atelier 1ª Temporada,2026,Série,1080p,0,True,126,73
expresso-galatico-metro-via-lacteo-o-filme,Expresso Galático Metrô Via-Lácteo: O Filme,2026,Filme,1080p,4,True,139,86
fist-of-the-north-star-hokuto-no-ken-1a-temporada,Fist of the North Star: HOKUTO NO KEN 1ª temporada,2025,Série,1080p,0,True,146,93
15-minutos,15 Minutos,2001,Filme,1080p,3,True,106,53
aventuras-nas-alturas,Aventuras nas Alturas,2026,Filme,1080p,3,True,117,64
dibu-martinez-o-garoto-que-parava-o-tempo,Dibu Martínez: O Garoto que Parava o Tempo,2026,Filme,1080p,1,True,138,85
o-rastreador-tracker-3a-temporada,O Rastreador (Tracker) 3ª Temporada,2025,Série,1080p,0,True,131,78
love-chunibyo-other-delusions-1a-temporada,"Love, Chunibyo & Other Delusions! 1ª Temporada",2012,Série,1080p,0,True,142,89
a-visao-do-terror,A Visão do Terror,,Filme,1080p,3,False,106,53
o-convite-2,O Convite,2016,Filme,1080p,2,True,105,52
grand-prix-a-toda-velocidade,Grand Prix: A Toda Velocidade,2025,Filme,1080p,3,True,125,72
velhos-bandidos,Velhos Bandidos,2026,Filme,1080p,3,True,111,58
pela-metade-1a-temporada,Pela Metade 1ª Temporada,2026,Série,1080p,0,True,120,67
prisioneiro-do-inferno,Prisioneiro do Inferno,1987,Filme,1080p,2,True,118,65
falcoes-da-noite,Falcões da Noite,1981,Filme,1080p,3,True,112,59
loucos-por-ela,Loucos Por Ela,2019,Filme,1080p,1,True,110,57
10-minutos-para-morrer,10 Minutos Para Morrer,1983,Filme,1080p,3,True,118,65
seus-amigos-e-vizinhos-2a-temporada,Seus Amigos e Vizinhos 2ª Temporada,2026,Série,1080p,0,True,131,78
brasil-70-a-saga-do-tri-1a-temporada,Brasil 70: A Saga do Tri 1ª Temporada,2026,Série,1080p,0,True,133,80
insaciavel,Insaciável,2026,Filme,1080p,1,True,106,53
medo,Medo,2003,Filme,1080p,3,True,100,47
operacao-terceira-idade,Operação Terceira Idade,2026,Filme,1080p,2,True,119,66
os-supertontos-1a-temporada,Os SUPERtontos 1ª Temporada,2026,Série,1080p,0,True,123,70
murder-at-the-merriweather,Murder at the Merriweather,2026,Filme,1080p,1,True,122,69
no-ordinary-heist,No Ordinary Heist,2026,Filme,1080p,2,True,113,60
esfera,Esfera,1998,Filme,1080p,3,True,102,49
for-all-mankind-5a-temporada,For All Mankind 5ª Temporada,2026,Série,1080p,0,True,124,71
iron-lung-oceano-de-sangue,Iron Lung: Oceano de Sangue,2026,Filme,1080p,3,True,123,70
historico-criminal-2a-temporada,Histórico Criminal 2ª Temporada,2026,Série,1080p,0,True,127,74
mississipi-em-chamas,Mississipi em Chamas,1988,Filme,1080p,4,True,116,63
um-simples-favor,Um Simples Favor,2023,Filme,1080p,1,True,112,59
culpa-expensive-candy,Culpa (Expensive Candy),2022,Filme,1080p,2,True,119,66
dr-stone-science-future-4a-temporada,Dr. STONE: SCIENCE FUTURE 4ª temporada,2025,Série,1080p,0,True,134,81
o-profissional,O Profissional,1994,Filme,1080p,3,True,110,57
ciao,Ciao,2024,Filme,1080p,1,True,100,47
o-conselheiro-do-amor,O Conselheiro do Amor,2023,Filme,1080p,2,True,117,64
untold-reino-unido-vinnie-jones,Untold Reino Unido: Vinnie Jones,2026,Filme,1080p,2,True,128,75
protegida-por-um-anjo,Protegida Por um Anjo,2006,Filme,1080p,3,True,117,64
one-piece-film-red,One Piece Film: Red,2022,Filme,1080p,4,True,115,62
quando-os-gritos-comecam,Quando Os Gritos Começam,2021,Filme,1080p,2,True,120,67
operacao-fox-hunt,Operação Fox Hunt,2025,Filme,1080p,3,True,113,60
urso-sangrento-a-noite-do-terror,Urso Sangrento: A Noite do Terror,2026,Filme,1080p,2,True,129,76
robos,Robôs,2005,Filme,1080p,3,True,101,48
scarlet,Scarlet,2025,Filme,1080p,4,True,103,50
cowboys-do-espaco,Cowboys do Espaço,2000,Filme,1080p,3,True,113,60
georgie-e-mandy-seu-primeiro-casamento-2a-temporada,Georgie e Mandy Seu Primeiro Casamento 2ª Temporada,2025,Série,1080p,0,True,147,94
uma-noiva-e-tanto,Uma Noiva e Tanto,1993,Filme,1080p,3,True,113,60
o-drama,O Drama,2026,Filme,1080p,3,True,103,50
marriagetoxin-1a-temporada,MARRIAGETOXIN 1ª Temporada,2026,Série,1080p,0,True,122,69
o-mago-do-kremlin,O Mago do Kremlin,2026,Filme,1080p,1,True,113,60
os-testamentos-das-filhas-de-gilead-1a-temporada,Os Testamentos: Das Filhas de Gilead 1ª Temporada,2026,Série,1080p,0,True,145,92
spider-noir-1a-temporada,Spider-Noir 1ª Temporada,2026,Série,1080p,0,True,120,67
a-beira-do-machado,A Beira do Machado,1988,Filme,1080p,2,True,114,61
sunshine-alerta-solar,Sunshine: Alerta Solar,2007,Filme,1080p,2,True,118,65
a-blind-bargain,A Blind Bargain,2025,Filme,1080p,2,True,111,58
assassinos,Assassinos,1995,Filme,1080p,4,True,106,53
toc-toc-toc-ecos-do-alem,TOC TOC TOC - Ecos do Além,2023,Filme,1080p,1,True,122,69
la-undercover-against-the-code,LA Undercover: Against the Code,2026,Filme,1080p,1,True,127,74
o-suspeito-da-rua-arlington,O Suspeito da Rua Arlington,1999,Filme,1080p,4,True,123,70
the-boroughs-1a-temporada,The Boroughs 1ª Temporada,2026,Série,1080p,0,True,121,68
insano,Insano,2024,Filme,1080p,3,True,102,49
os-especialistas,Os Especialistas,2011,Filme,1080p,3,True,112,59
o-destino-de-jupiter,O Destino de Júpiter,2015,Filme,1080p,3,True,116,63
primeiro-as-damas,Primeiro as Damas,2026,Filme,1080p,1,True,113,60
morbius,Morbius,2022,Filme,1080p,3,True,103,50
the-capture-2a-temporada,The Capture 2ª Temporada,2022,Série,1080p,0,True,120,67
marshals-uma-historia-de-yellowstone-1a-temporada,Marshals: Uma História de Yellowstone 1ª Temporada,2026,Série,1080p,0,True,146,93
o-pior-vizinho-do-mundo,O Pior Vizinho do Mundo,2022,Filme,1080p,2,True,119,66
o-chamado-da-agua,O Chamado da Água,2024,Filme,1080p,1,True,113,60
ice-pocalypse,Ice-Pocalypse,2026,Filme,1080p,1,True,109,56
o-preco-da-traicao,O Preço da Traição,2010,Filme,1080p,3,True,114,61
companhia-assassina,Companhia Assassina,2024,Filme,1080p,2,True,115,62
a-praia-do-pesadelo,A Praia do Pesadelo,1989,Filme,1080p,2,True,115,62
parede-de-gelo-1a-temporada,Parede de Gelo 1ª Temporada,2026,Série,1080p,0,True,123,70
the-capture-1a-temporada,The Capture 1ª Temporada,2019,Série,1080p,0,True,120,67
o-especialista,O Especialista,1994,Filme,1080p,2,True,110,57
the-mummy,The Mummy,2026,Filme,1080p,1,True,105,52
i-live-here-now,I Live Here Now,2026,Filme,1080p,2,True,111,58
i-want-to-end-this-love-game-1a-temporada,I Want to End This Love Game 1ª Temporada,2026,Série,1080p,0,True,137,84
a-porrada-vai-comer,A Porrada Vai Comer!,2024,Filme,1080p,2,True,116,63
casamento-na-costa-rica,Casamento na Costa Rica,2025,Filme,1080p,3,True,119,66
perturbado-pelo-passado,Perturbado Pelo Passado,2026,Filme,1080p,3,True,119,66
margo-esta-em-apuros-1a-temporada,Margô Está em Apuros 1ª Temporada,2026,Série,1080p,0,True,129,76
mother-mary,Mother Mary,2026,Filme,1080p,3,True,107,54
captain-tsunami,Captain Tsunami,2025,Filme,1080p,3,True,111,58
super-mario-galaxy-o-filme,Super Mario Galaxy - O Filme,2026,Filme,1080p,4,True,124,71
untold-reino-unido-a-vitoria-do-liverpool,Untold Reino Unido: A Vitória do Liverpool,2026,Filme,1080p,2,True,138,85
a-tregua,A Trégua,2025,Filme,1080p,2,True,104,51
jack-ryan-de-tom-clancy-guerra-fantasma,Jack Ryan de Tom Clancy: Guerra Fantasma,2026,Filme,1080p,3,True,136,83
the-boys-5a-temporada,The Boys 5ª Temporada,2026,Série,1080p,0,True,117,64
a-mulher-mais-rica-do-mundo,A Mulher Mais Rica do Mundo,2025,Filme,1080p,2,True,123,70
covil,Covil,2026,Filme,1080p,3,True,101,48
i-have-to-kill-my-neighbor,I Have to Kill My Neighbor,2026,Filme,1080p,1,True,122,69
a-hora-negra,A Hora Negra,2026,Filme,1080p,4,True,108,55
caso-perigoso,Caso Perigoso,2022,Filme,1080p,4,True,109,56
el-salvador-o-dia-em-que-o-medo-mudou-de-lado,El Salvador - O dia em que o medo mudou de lado,2026,Filme,1080p,1,True,143,90
normal,Normal,2026,Filme,1080p,3,True,102,49
apple-music-live-lady-gaga-mayhem-requiem,Apple Music Live: Lady Gaga MAYHEM Requiem,2026,Filme,1080p,1,True,138,85
o-amor-nao-se-ensina,O Amor Não se Ensina,2024,Filme,1080p,2,True,116,63
enterrando-os-mortos,Enterrando os Mortos,2026,Filme,1080p,2,True,116,63
o-patriota,O Patriota,2000,Filme,1080p,4,True,106,53
quando-as-luzes-se-apagam,Quando as Luzes Se Apagam,2016,Filme,1080p,1,True,121,68
emilia-perez,Emilia Pérez,2024,Filme,1080p,2,True,108,55
o-rei-tirano,O Rei Tirano,2024,Filme,1080p,4,True,108,55
a-noiva-do-ano,A Noiva do Ano,2026,Filme,1080p,3,True,110,57
os-sacerdotes,Os Sacerdotes,2015,Filme,1080p,3,True,109,56
o-justiceiro-uma-ultima-morte,O Justiceiro: Uma Última Morte,2026,Filme,1080p,3,True,126,73
la-casa-de-papel-berlim-e-a-dama-com-arminho-1a-temporada,La Casa de Papel: Berlim e a Dama com Arminho 1ª Temporada,2026,Série,1080p,0,True,154,101
ja-fui-famoso,Já Fui Famoso,2022,Filme,1080p,3,True,109,56
uma-mente-excepcional-2a-temporada,Uma Mente Excepcional 2ª Temporada,2025,Série,1080p,0,True,130,77
vigia-noturno-o-legado,Vigia Noturno: O Legado,2023,Filme,1080p,3,True,119,66
beast,Beast,2026,Filme,1080p,2,True,101,48
encontrando-um-amor-no-natal,Encontrando um Amor no Natal,2023,Filme,1080p,3,True,124,71
outlander-8a-temporada,Outlander 8ª Temporada,2026,Série,1080p,0,True,118,65
pinoquio,Pinóquio,2026,Filme,1080p,3,True,104,51
agente-oculto,Agente Oculto,2022,Filme,1080p,3,True,109,56
vampiros-a-conversao,Vampiros: A Conversão,2005,Filme,1080p,3,True,117,64
colisao-acidente-ou-homicidio,Colisão: Acidente ou Homicídio?,2026,Filme,1080p,2,True,127,74
maldicao-da-mumia,Maldição da Múmia,2026,Filme,1080p,2,True,113,60
a-maravilhosa-arvore-encantada,A Maravilhosa Árvore Encantada,2026,Filme,1080p,3,True,126,73
carta-selvagem,Carta Selvagem,2015,Filme,1080p,3,True,110,57
tres-sogras-e-um-plano,Três Sogras e Um Plano,2024,Filme,1080p,1,True,118,65
ilusao-macabra,Ilusão Macabra,2026,Filme,1080p,4,True,110,57
alem-do-dever,Além do Dever,2026,Filme,1080p,3,True,109,56
os-ultimos-cavaleiros,Os Últimos Cavaleiros,2015,Filme,1080p,2,True,117,64
imortais,Imortais,2025,Filme,1080p,2,True,104,51
bad-girl-office,Bad Girl Office,2026,Filme,1080p,1,True,111,58
a-greve-da-selecao-da-franca,A Greve da Seleção da França,2026,Filme,1080p,1,True,124,71
entre-garotos,Entre Garotos,2025,Filme,1080p,1,True,109,56
maid-robot,Maid Robot,2026,Filme,1080p,1,True,106,53
ditto-conexoes-do-amor,Ditto: Conexões do Amor,2022,Filme,1080p,2,True,119,66
say-cheese,Say Cheese,2026,Filme,1080p,2,True,106,53
off-campus-amores-improvaveis-1a-temporada,Off Campus: Amores Improváveis 1ª Temporada,2026,Série,1080p,0,True,139,86
a-ultima-fagulha-de-esperanca,A Última Fagulha de Esperança,2023,Filme,1080p,2,True,125,72
o-preco-da-violencia,O Preço da Violência,2025,Filme,1080p,3,True,116,63
devil-may-cry-2a-temporada,Devil May Cry 2ª Temporada,2026,Série,1080p,0,True,122,69
belas-maldicoes-1a-temporada,Belas Maldições 1ª Temporada,2019,Série,1080p,0,True,124,71
robot-girls,Robot Girls,2026,Filme,1080p,2,True,107,54
belas-maldicoes-3a-temporada,Belas Maldições 3ª Temporada,2026,Série,1080p,0,True,124,71
belas-maldicoes-2a-temporada,Belas Maldições 2ª Temporada,2023,Série,1080p,0,True,124,71
vingadora,Vingadora,2026,Filme,1080p,2,True,105,52
garota-desconhecida,Garota Desconhecida,2023,Filme,1080p,2,True,115,62
fernao-de-magalhaes,Fernão de Magalhães,2025,Filme,1080p,3,True,115,62
a-casa-dos-espiritos-1a-temporada,A Casa dos Espíritos 1ª Temporada,2026,Série,1080p,0,True,129,76
faces-da-morte,Faces da Morte,2026,Filme,1080p,1,True,110,57
marco-justica-implacavel,Marco: Justiça Implacável,2024,Filme,1080p,3,True,121,68
13-dias-13-noites,"13 Dias, 13 Noites",2025,Filme,1080p,3,True,114,61
o-homem-da-mascara-de-ferro,O Homem da Máscara de Ferro,1998,Filme,1080p,3,True,123,70
untold-reino-unido-jamie-vardy,Untold Reino Unido: Jamie Vardy,2026,Filme,1080p,1,True,127,74
devoradores-de-estrelas,Devoradores de Estrelas,2026,Filme,1080p,3,True,119,66
sheriff-country-1a-temporada,Sheriff Country 1ª Temporada,2025,Série,1080p,0,True,124,71
fire-country-4a-temporada,Fire Country 4ª Temporada,2025,Série,1080p,0,True,121,68
advogado-do-diabo,Advogado do Diabo,1997,Filme,1080p,4,True,113,60
rooster-1a-temporada,Rooster 1ª Temporada,2026,Série,1080p,0,True,116,63
a-incrivel-historia-da-ilha-das-rosas,A Incrível História da Ilha das Rosas,2020,Filme,1080p,2,True,133,80
tudo-que-um-filho-quer,Tudo Que Um Filho Quer,2022,Filme,1080p,1,True,118,65
devil-may-cry-1a-temporada,Devil May Cry 1ª Temporada,2025,Série,1080p,0,True,122,69
o-despertar-da-lenda,O Despertar da Lenda,2014,Filme,1080p,2,True,116,63
de-volta-ao-meu-coracao,De Volta ao Meu Coração,2023,Filme,1080p,2,True,119,66
o-heroi-de-bucha,O Herói de Bucha,2024,Filme,1080p,4,True,112,59
martin-short-uma-vida-de-comedia,Martin Short: Uma Vida de Comédia,2026,Filme,1080p,1,True,129,76
a-imensidao,A Imensidão,2022,Filme,1080p,1,True,107,54
equilibrium,Equilibrium,2002,Filme,1080p,3,True,107,54
o-fim-da-cracolandia,O fim da Cracolândia,2026,Filme,1080p,1,True,116,63
boston-blue-1a-temporada,Boston Blue 1ª Temporada,2025,Série,1080p,0,True,120,67
quebrando-a-banca,Quebrando a Banca,2008,Filme,1080p,2,True,113,60
eu-voce-na-toscana,Eu & Você na Toscana,2026,Filme,1080p,2,True,116,63
firewall-seguranca-em-risco,Firewall: Segurança em Risco,2006,Filme,1080p,3,True,124,71
eu-so-posso-imaginar-2,Eu Só Posso Imaginar 2,2026,Filme,1080p,2,True,118,65
projeto-mortal,Projeto Mortal,1992,Filme,1080p,3,True,110,57
criaturas-extraordinariamente-brilhantes,Criaturas Extraordinariamente Brilhantes,2026,Filme,1080p,2,True,136,83
uma-casa-em-chamas,Uma Casa em Chamas,2024,Filme,1080p,1,True,114,61
mortal-kombat-legends-cegueira-glacial,Mortal Kombat Legends: Cegueira Glacial,2022,Filme,1080p,3,True,135,82
mortal-kombat-legends-batalha-dos-reinos,Mortal Kombat Legends: Batalha dos Reinos,2021,Filme,1080p,3,True,137,84
terra-dos-bravos,Terra dos Bravos,2019,Filme,1080p,1,True,112,59
mortal-kombat,Mortal Kombat,1995,Filme,1080p,2,True,109,56
rastro-do-ouro,Rastro do Ouro,2026,Filme,1080p,3,True,110,57
socorro,Socorro!,2026,Filme,1080p,2,True,104,51
quatro-maes,Quatro Mães,2025,Filme,1080p,2,True,107,54
mortal-kombat-legends-a-vinganca-de-scorpion,Mortal Kombat Legends: A Vingança de Scorpion,2020,Filme,1080p,3,True,141,88
jovens-maes,Jovens Mães,2025,Filme,1080p,1,True,107,54
citadel-1a-temporada,Citadel 1ª Temporada,2024,Série,1080p,0,True,116,63
meu-querido-assassino,Meu Querido Assassino,2026,Filme,1080p,3,True,117,64
demolidor-renascido-2a-temporada,Demolidor: Renascido 2ª Temporada,2026,Série,1080p,0,True,129,76
casamento-sangrento,Casamento Sangrento,2019,Filme,1080p,2,True,115,62
turbulencia,Turbulência,2025,Filme,1080p,3,True,107,54
no-rastro-do-perigo,No Rastro do Perigo,2025,Filme,1080p,2,True,115,62
citadel-2a-temporada,Citadel 2ª Temporada,2026,Série,1080p,0,True,116,63
da-toscana-com-amor,"Da Toscana, com Amor",2026,Filme,1080p,2,True,116,63
um-dia-para-morrer,Um Dia para Morrer,2022,Filme,1080p,3,True,114,61
gary,Gary,2026,Filme,1080p,2,True,100,47
a-fortuna-de-escobar,A Fortuna de Escobar,2025,Filme,1080p,2,True,116,63
mortal-kombat-a-aniquilacao,Mortal Kombat: A Aniquilação,1997,Filme,1080p,3,True,124,71
mortal-kombat-3,Mortal Kombat,2021,Filme,1080p,3,True,109,56
jester-nao-da-para-enganar-a-morte-duas-vezes,Jester: Não Dá para Enganar A Morte Duas Vezes,2025,Filme,1080p,2,True,142,89
mortal-kombat-legends-cage-bom-de-luta,Mortal Kombat Legends: Cage Bom de Luta,2023,Filme,1080p,3,True,135,82
fruits-basket-3a-temporada,Fruits Basket 3ª Temporada,2021,Série,1080p,0,True,122,69
fruits-basket-1a-temporada,Fruits Basket 1ª Temporada,2019,Série,1080p,0,True,122,69
a-lenda-do-cavaleiro-verde,A Lenda do Cavaleiro Verde,2021,Filme,1080p,3,True,122,69
fruits-basket-2a-temporada,Fruits Basket 2ª Temporada,2020,Série,1080p,0,True,122,69
pandorum,Pandorum,2009,Filme,1080p,3,True,104,51
a-arvore-que-chorava-sangue,A Árvore Que Chorava Sangue,2023,Filme,1080p,1,True,123,70
monstros-da-california,Monstros da Califórnia,2023,Filme,1080p,3,True,118,65
vida,Vida,2017,Filme,1080p,3,True,100,47
azur-lane-1a-temporada,AZUR LANE 1ª Temporada,2019,Série,1080p,0,True,118,65
star-wars-maul-lorde-das-sombras-1a-temporada,Star Wars: Maul – Lorde das Sombras 1ª Temporada,2026,Série,1080p,0,True,144,91
capitao-harlock-pirata-do-espaco,Capitão Harlock Pirata do Espaço,2013,Filme,1080p,2,True,128,75
kraken,Kraken,2026,Filme,1080p,3,True,102,49
acrimonia,Acrimônia,2018,Filme,1080p,2,True,105,52
40-dias-perdidos-na-selva,40 Dias Perdidos na Selva,2024,Filme,1080p,2,True,121,68
capitao-harlock-1a-temporada,Capitão Harlock 1ª Temporada,1978,Série,1080p,0,True,124,71
passageiro-acidental,Passageiro Acidental,2021,Filme,1080p,3,True,116,63
os-cavaleiros-do-zodiaco-serie-completa,Os Cavaleiros do Zodíaco - Serie Completa,1986,Série,1080p,0,True,137,84
confrontando-o-passado,Confrontando o Passado,2024,Filme,1080p,1,True,118,65
senhora-presidente,Senhora Presidente,2022,Filme,1080p,1,True,114,61
vidas-a-deriva,Vidas à Deriva,2023,Filme,1080p,1,True,110,57
mikaela,Mikaela,2025,Filme,1080p,3,True,103,50
yu-gi-oh-duel-monsters-serie-completa,Yu-Gi-Oh!: Duel Monsters - Serie Completa,2000,Série,1080p,0,True,137,84
lunar,Lunar,2009,Filme,1080p,2,True,101,48
high-life-uma-nova-vida,High Life: Uma Nova Vida,2018,Filme,1080p,3,True,120,67
cidade-virtual,Cidade Virtual,2017,Filme,1080p,3,True,110,57
my-hero-academia-3a-temporada,My Hero Academia 3ª Temporada,2018,Série,1080p,0,True,125,72
territorios-sob-o-dominio-do-crime-1a-temporada,Territórios: Sob o Domínio do Crime 1ª Temporada,2026,Série,1080p,0,True,144,91
minha-querida-menina,Minha Querida Menina,2026,Filme,1080p,2,True,116,63
best-sellers-a-ultima-turne,Best Sellers: A Última Turnê,2011,Filme,1080p,2,True,124,71
homem-em-chamas-1a-temporada,Homem em Chamas 1ª Temporada,2026,Série,1080p,0,True,124,71
o-genro,O Genro,2026,Filme,1080p,2,True,103,50
evangelion-2-22-voce-nao-pode-avancar,Evangelion: 2.22 Você (Não) Pode Avançar,2009,Filme,1080p,4,True,136,83
um-lugar-secreto,Um Lugar Secreto,2021,Filme,1080p,3,True,112,59
my-hero-academia-2a-temporada,My Hero Academia 2ª Temporada,2017,Série,1080p,0,True,125,72
hilda-e-o-rei-da-montanha,Hilda e o Rei da Montanha,2021,Filme,1080p,3,True,121,68
samia-correndo-atras-de-um-sonho,Samia - Correndo Atrás de um Sonho,2024,Filme,1080p,2,True,130,77
my-hero-academia-5a-temporada,My Hero Academia 5ª Temporada,2021,Série,1080p,0,True,125,72
my-hero-academia-4a-temporada,My Hero Academia 4ª Temporada,2019,Série,1080p,0,True,125,72
my-hero-academia-6a-temporada,My Hero Academia 6ª Temporada,2022,Série,1080p,0,True,125,72
a-pequena-amelie,A Pequena Amélie,2025,Filme,1080p,3,True,112,59
my-hero-academia-7a-temporada,My Hero Academia 7ª Temporada,2024,Série,1080p,0,True,125,72
impuros-6a-temporada,Impuros 6ª Temporada,2026,Série,1080p,0,True,116,63
my-hero-academia-8a-temporada,My Hero Academia 8ª Temporada,2025,Série,1080p,0,True,125,72
my-hero-academia-1a-temporada,My Hero Academia 1ª Temporada,2016,Série,1080p,0,True,125,72
o-tesouro-de-sarah,O Tesouro de Sarah,2025,Filme,1080p,1,True,114,61
evangelion-3-0-1-01-a-esperanca,Evangelion: 3.0+1.01 A Esperança,2021,Filme,1080p,4,True,128,75
evangelion-1-11-voce-nao-esta-sozinho,Evangelion: 1.11 Você (Não) Está Sozinho,2007,Filme,1080p,4,True,136,83
evangelion-3-33-voce-nao-pode-refazer,Evangelion: 3.33 Você (Não) Pode Refazer,2012,Filme,1080p,4,True,136,83
se-desejos-matassem-1a-temporada,Se Desejos Matassem… 1ª Temporada,2026,Série,1080p,0,True,129,76
missao-refugio,Missão Refúgio,2026,Filme,1080p,3,True,110,57
seducao,Sedução,2025,Filme,1080p,2,True,103,50
the-hunting-party-2a-temporada,The Hunting Party 2ª Temporada,2026,Série,1080p,0,True,126,73
de-olhos-bem-abertos,De Olhos Bem Abertos,2025,Filme,1080p,3,True,116,63
agentes-muito-especiais,Agentes Muito Especiais,2026,Filme,1080p,1,True,119,66
os-estranhos-capitulo-final,Os Estranhos: Capítulo Final,2026,Filme,1080p,2,True,124,71
impuros-4a-temporada,Impuros 4ª Temporada,2023,Série,1080p,0,True,116,63
impuros-3a-temporada,Impuros 3ª Temporada,2021,Série,1080p,0,True,116,63
9-1-1-nashville-1a-temporada,9-1-1: Nashville 1ª Temporada,2025,Série,1080p,0,True,125,72
impuros-2a-temporada,Impuros 2ª Temporada,2019,Série,1080p,0,True,116,63
deixando-neverland-2,Deixando Neverland 2,2025,Filme,1080p,1,True,116,63
cesium-fallout,Cesium Fallout,2024,Filme,1080p,2,True,110,57
meu-nome-e-agneta,Meu Nome é Agneta,2026,Filme,1080p,3,True,113,60
o-monstro-da-ilha,O Monstro da Ilha,2025,Filme,1080p,1,True,113,60
alem-de-um-olhar,Além de um Olhar,2025,Filme,1080p,2,True,112,59
pov-presenca-oculta,POV: Presença Oculta,2026,Filme,1080p,1,True,116,63
icefall-saque-no-gelo,Icefall: Saque no Gelo,2025,Filme,1080p,3,True,118,65
monarch-legado-de-monstros-2a-temporada,Monarch: Legado de Monstros 2ª Temporada,2026,Série,1080p,0,True,136,83
como-magica,Como Mágica,2026,Filme,1080p,4,True,107,54
privileges-1a-temporada,Privileges 1ª Temporada,2026,Série,1080p,0,True,119,66
impuros-1a-temporada,Impuros 1ª Temporada,2018,Série,1080p,0,True,116,63
impuros-5a-temporada,Impuros 5ª Temporada,2024,Série,1080p,0,True,116,63
kill-blue-1a-temporada,KILL BLUE 1ª Temporada,2026,Série,1080p,0,True,118,65
caminhos-da-violencia,Caminhos da Violência,2022,Filme,1080p,3,True,117,64
o-chacal,O Chacal,1997,Filme,1080p,3,True,104,51
cangaco-novo-2a-temporada,Cangaço Novo 2ª Temporada,2026,Série,1080p,0,True,121,68
a-ultima-ceia,A Última Ceia,2025,Filme,1080p,1,True,109,56
cangaco-novo-1a-temporada,Cangaço Novo 1ª Temporada,2023,Série,1080p,0,True,121,68
sirat,Sirāt,2025,Filme,1080p,2,True,101,48
resgate-em-grande-altitude,Resgate em Grande Altitude,2025,Filme,1080p,2,True,122,69
o-acordo,O Acordo,2013,Filme,1080p,1,True,104,51
black-bird-1a-temporada,Black Bird 1ª Temporada,2022,Série,1080p,0,True,119,66
maze-runner-a-cura-mortal,Maze Runner: A Cura Mortal,2018,Filme,1080p,4,True,122,69
nao-pisque,Não Pisque,2025,Filme,1080p,3,True,106,53
eles-vao-te-matar,Eles Vão te Matar,2026,Filme,1080p,3,True,113,60
pedagogia-do-abandono,Pedagogia do Abandono,2026,Filme,1080p,1,True,117,64
ferias-no-caribe,Férias no Caribe,2022,Filme,1080p,2,True,112,59
maze-runner-prova-de-fogo,Maze Runner: Prova de Fogo,2015,Filme,1080p,4,True,122,69
a-criatura-mutante,A Criatura Mutante,2020,Filme,1080p,3,True,114,61
maze-runner-correr-ou-morrer,Maze Runner: Correr ou Morrer,2014,Filme,1080p,4,True,125,72
the-whistler,The Whistler,2026,Filme,1080p,3,True,108,55
o-jogo-do-predador,O Jogo do Predador,2026,Filme,1080p,2,True,114,61
o-6o-dia,O 6º Dia,2000,Filme,1080p,4,True,104,51
o-ritmo-da-vinganca,O Ritmo da Vingança,2020,Filme,1080p,2,True,115,62
obsessiva,Obsessiva,2009,Filme,1080p,2,True,105,52
monster-hunter,Monster Hunter,2020,Filme,1080p,3,True,110,57
ballistic,Ballistic,2026,Filme,1080p,2,True,105,52
halloween-o-espantalho-assassino,Halloween - O Espantalho Assassino,2025,Filme,1080p,2,True,130,77
o-segredo-do-ourives,O Segredo do Ourives,2025,Filme,1080p,2,True,116,63
mexicali-terra-sem-lei,Mexicali: Terra sem Lei,2026,Filme,1080p,2,True,119,66
push-no-limite-do-medo,Push: No Limite do Medo,2025,Filme,1080p,2,True,119,66
stranger-things-historias-de-85-1a-temporada,Stranger Things: Histórias de 85 1ª Temporada,2026,Série,1080p,0,True,141,88
looper-assassinos-do-futuro,Looper: Assassinos do Futuro,2022,Filme,1080p,4,True,124,71
cigarros-mortais,Cigarros Mortais,2024,Filme,1080p,2,True,112,59
o-medo-atras-da-tela,O Medo Atrás da Tela,2024,Filme,1080p,2,True,116,63
gafanhoto,Gafanhoto,2025,Filme,1080p,2,True,105,52
monstro-a-bordo,Monstro a Bordo,2024,Filme,1080p,2,True,111,58
sem-salvacao-1a-temporada,Sem Salvação 1ª Temporada,2026,Série,1080p,0,True,121,68
missao-babilonia,Missão Babilônia,2008,Filme,1080p,4,True,112,59
nouvelle-vague,Nouvelle Vague,2025,Filme,1080p,3,True,110,57
anatema,Anatéma,2024,Filme,1080p,1,True,103,50
o-som-da-morte,O Som da Morte,2026,Filme,1080p,2,True,110,57
os-esquecidos-cicatrizes,Os Esquecidos: Cicatrizes,2023,Filme,1080p,1,True,121,68
o-corpo,O Corpo,,Filme,1080p,2,True,96,43
ele-te-ve-enquanto-voce-dorme,Ele Te Vê Enquanto Você Dorme,2024,Filme,1080p,1,True,125,72
de-repente-grande,De Repente Grande,2023,Filme,1080p,2,True,113,60
historico-criminal-1a-temporada,Histórico Criminal 1ª Temporada,2024,Série,1080p,0,True,127,74
um-conto-sombrio,Um Conto Sombrio,2025,Filme,1080p,2,True,112,59
um-stalker-apaixonado,Um Stalker Apaixonado,2025,Filme,1080p,3,True,117,64
a-dois-passos-do-assassino,A Dois Passos do Assassino,2024,Filme,1080p,4,True,122,69
monster,Monster,2021,Filme,1080p,2,True,103,50
mestre-z-o-legado-de-ip-man,Mestre Z: O Legado de Ip Man,2018,Filme,1080p,3,True,124,71
murder-at-the-derby,Murder at the Derby,2025,Filme,1080p,1,True,115,62
o-mestre-do-golpe,O Mestre do Golpe,2025,Filme,1080p,2,True,113,60
s-m-a-r-t-chase-perseguicao-explosiva,S.M.A.R.T. Chase: Perseguição Explosiva,2017,Filme,1080p,4,True,135,82
messenger-666,Messenger 666,2025,Filme,1080p,1,True,109,56
o-rastreador-tracker-1a-temporada,O Rastreador (Tracker) 1ª Temporada,2024,Série,1080p,0,True,131,78
frieren-e-a-jornada-para-o-alem-2a-temporada,Frieren e a Jornada para o Além 2ª Temporada,2026,Série,1080p,0,True,140,87
atormentado-pelo-passado,Atormentado Pelo Passado,2017,Filme,1080p,2,True,120,67
untold-crime-em-hawthorne-hill,Untold: Crime em Hawthorne Hill,2026,Filme,1080p,1,True,127,74
o-rastreador-tracker-2a-temporada,O Rastreador (Tracker) 2ª Temporada,2024,Série,1080p,0,True,131,78
invencivel-4a-temporada,Invencível 4ª Temporada,2026,Série,1080p,0,True,119,66
misterio-a-beira-mar,Mistério à Beira Mar,2023,Filme,1080p,2,True,116,63
man-in-the-blue-suit,Man in the Blue Suit,2024,Filme,1080p,1,True,116,63
cabana-do-medo-o-ultimo-fim-de-semana-do-verao,Cabana do Medo: O Último Fim de Semana do Verão,2024,Filme,1080p,1,True,143,90
feel-my-pain,Feel My Pain,2025,Filme,1080p,1,True,108,55
vale-dos-vermes-do-rei-xian-e-lampada-fantasma,Vale dos Vermes do Rei Xian e Lâmpada Fantasma,2023,Filme,1080p,2,True,142,89
os-efeitos-da-mentira,Os Efeitos da Mentira,2023,Filme,1080p,2,True,117,64
hold-me-softly,"Hold Me, Softly",2025,Filme,1080p,2,True,111,58
tojima-wants-to-be-a-kamen-rider-1a-temporada,Tojima Wants to Be a Kamen Rider 1ª Temporada,2026,Série,1080p,0,True,141,88
nuked,Nuked,2025,Filme,1080p,1,True,101,48
uma-segunda-chance,Uma Segunda Chance,2026,Filme,1080p,2,True,114,61
hell-s-paradise-2a-temporada,Hell's Paradise 2ª Temporada,2026,Série,1080p,0,True,124,71
quando-o-mal-desperta,Quando o Mal Desperta,2024,Filme,1080p,3,True,117,64
dorothea,Dorothea,2025,Filme,1080p,3,True,104,51
from-origem-3a-temporada,From (Origem) 3ª Temporada,2024,Série,1080p,1,True,122,69
home-sweet-home-recomeco,Home Sweet Home: Recomeço,2025,Filme,1080p,4,True,121,68
titanic-afunda-hoje-a-noite-1a-temporada,Titanic Afunda Hoje À Noite 1ª Temporada,2025,Série,1080p,0,True,136,83
from-origem-2a-temporada,From (Origem) 2ª Temporada,2023,Série,1080p,0,True,122,69
jujutsu-kaisen-3a-temporada,Jujutsu Kaisen 3ª Temporada,2026,Série,1080p,0,True,123,70
a-historia-de-um-gorila-com-david-attenborough,A História de Um Gorila com David Attenborough,2026,Filme,1080p,1,True,142,89
from-origem-1a-temporada,From (Origem) 1ª Temporada,2022,Série,1080p,0,True,122,69
risco-duplo,Risco Duplo,1999,Filme,1080p,3,True,107,54
nuremberg,Nuremberg,2025,Filme,1080p,2,True,105,52
o-ultimo-conquistador,O Último Conquistador,2026,Filme,1080p,4,True,117,64
vinganca-brutal,Vingança Brutal,2026,Filme,1080p,2,True,111,58
rede-toxica,Rede Tóxica,2025,Filme,1080p,2,True,107,54
miami-vice,Miami Vice,2006,Filme,1080p,3,True,106,53
garota-de-fora-recomeco-1a-temporada,Garota de Fora: Recomeço 1ª Temporada,2026,Série,1080p,0,True,133,80
operacao-arriscada,Operação Arriscada,2025,Filme,1080p,2,True,114,61
dente-de-leao-1a-temporada,Dente-de-Leão 1ª Temporada,2026,Série,1080p,0,True,122,69
rob1n-inteligencia-assassina,Rob1n: Inteligência Assassina,2025,Filme,1080p,3,True,125,72
cruzada,Cruzada,2005,Filme,1080p,3,True,103,50
a-casa,A casa,2020,Filme,1080p,2,True,102,49
pesadelo-na-montanha,Pesadelo na Montanha,2023,Filme,1080p,2,True,116,63
the-pitt-2a-temporada,The Pitt 2ª Temporada,2026,Série,1080p,0,True,117,64
a-caixa-azul,A Caixa Azul,2026,Filme,1080p,2,True,108,55
a-colega-perfeita,A Colega Perfeita,2026,Filme,1080p,1,True,113,60
180,180,2026,Filme,1080p,3,True,99,46
alerta-apocalipse,Alerta Apocalipse,2026,Filme,1080p,3,True,113,60
voce-nem-imagina,Você Nem Imagina,2020,Filme,1080p,3,True,112,59
alien-ai-abducted,Alien AI: Abducted,2024,Filme,1080p,1,True,114,61
dois-nilos,Dois Nilos,2004,Filme,1080p,1,True,106,53
o-diabo-que-voce-conhece,O Diabo que Você Conhece,2022,Filme,1080p,3,True,120,67
a-torradeira,A Torradeira,2026,Filme,1080p,1,True,108,55
o-homem-que-desafiou-o-diabo,O Homem Que Desafiou o Diabo,2007,Filme,1080p,4,True,124,71
sentenced-to-be-a-hero-1a-temporada,Sentenced to Be a Hero 1ª Temporada,2026,Série,1080p,0,True,131,78
charlie-o-super-cao,Charlie: O Super Cão,2025,Filme,1080p,4,True,116,63
ronaldinho-gaucho-1a-temporada,Ronaldinho Gaúcho 1ª Temporada,2026,Série,1080p,0,True,126,73
ilha-do-medo,Ilha do Medo,2010,Filme,1080p,2,True,108,55
bone-hill,Bone Hill,2025,Filme,1080p,1,True,105,52
placa-mae,Placa-mãe,2024,Filme,1080p,2,True,105,52
dias-sem-fim,Dias Sem Fim,2020,Filme,1080p,1,True,108,55
alem-da-forca-alem-da-fe,"Além da Força, Além da Fé",2024,Filme,1080p,1,True,121,68
amor-e-outras-drogas,Amor e Outras Drogas,2010,Filme,1080p,3,True,116,63
bola-pra-cima,Bola pra Cima,2026,Filme,1080p,2,True,109,56
terror-em-silent-hill-regresso-para-o-inferno,Terror em Silent Hill: Regresso Para o Inferno,2026,Filme,1080p,2,True,142,89
the-yeti,The Yeti,2026,Filme,1080p,2,True,104,51
manual-pratico-da-vinganca-lucrativa,Manual Prático da Vingança Lucrativa,2026,Filme,1080p,2,True,132,79
untold-jail-blazers,Untold: Jail Blazers,2026,Filme,1080p,1,True,116,63
a-ultima-coisa-que-ele-queria,A Última Coisa que Ele Queria,2020,Filme,1080p,2,True,125,72
bait,Bait,2025,Filme,1080p,1,True,100,47
crimes-de-guerra,Crimes de Guerra,2022,Filme,1080p,2,True,112,59
a-teenage-tragedy,A Teenage Tragedy,2025,Filme,1080p,3,True,113,60
electric-dreams-1a-temporada,Electric Dreams 1ª Temporada,2017,Série,1080p,0,True,124,71
euphoria-2a-temporada,Euphoria 2ª Temporada,2022,Série,1080p,0,True,117,64
shootfighter-2,Shootfighter 2,1996,Filme,1080p,1,True,110,57
psycho-killer,Psycho Killer,2026,Filme,1080p,3,True,109,56
bleach-2a-temporada,Bleach 2ª Temporada,2022,Série,1080p,0,True,115,62
dtf-st-louis-1a-temporada,DTF St. Louis 1ª Temporada,2026,Série,1080p,0,True,122,69
o-lado-bom-de-ser-traida,O Lado Bom de Ser Traída,2023,Filme,1080p,3,True,120,67
noah-kahan-out-of-body,Noah Kahan: Out of Body,2026,Filme,1080p,2,True,119,66
my-hero-academia-vigilantes-2a-temporada,My Hero Academia: Vigilantes 2ª Temporada,2026,Série,1080p,0,True,137,84
o-homem-que-copiava,O Homem Que Copiava,2003,Filme,1080p,3,True,115,62
alfa,Alfa,2018,Filme,1080p,2,True,100,47
guerra-ao-terror,Guerra ao Terror,2008,Filme,1080p,3,True,112,59
o-reino,O Reino,2007,Filme,1080p,3,True,103,50
after-all,After All,2025,Filme,1080p,2,True,105,52
arvores-da-paz,Árvores da Paz,2021,Filme,1080p,1,True,110,57
kill-bill-volume-1,Kill Bill: Volume 1,2003,Filme,1080p,2,True,115,62
euphoria-1a-temporada,Euphoria 1ª Temporada,2019,Série,1080p,0,True,117,64
a-woman-scorned,A Woman Scorned,2025,Filme,1080p,1,True,111,58
consequencia,Consequência,2026,Filme,1080p,2,True,108,55
o-recepcionista,O Recepcionista,2020,Filme,1080p,3,True,111,58
bleach-1a-temporada,Bleach 1ª Temporada,2004,Série,1080p,0,True,115,62
the-audacity-1a-temporada,The Audacity 1ª Temporada,2026,Série,1080p,0,True,121,68
kill-bill-volume-2,Kill Bill: Volume 2,2004,Filme,1080p,3,True,115,62
cyborg-o-dragao-do-futuro,Cyborg - O Dragão do Futuro,1989,Filme,1080p,3,True,123,70
terror-em-sutterville,Terror em Sutterville,1989,Filme,1080p,3,True,117,64
tombstone-a-justica-esta-chegando,Tombstone: A Justiça Está Chegando,1993,Filme,1080p,2,True,130,77
kinjite-desejos-proibidos,Kinjite: Desejos Proibidos,1989,Filme,1080p,3,True,122,69
cemiterio-maldito,Cemitério Maldito,1989,Filme,1080p,1,True,113,60
amor-bandido,Amor Bandido,2013,Filme,1080p,1,True,108,55
o-impostor,O Impostor,2014,Filme,1080p,3,True,106,53
sozinhos-1a-temporada,Sozinhos 1ª Temporada,2021,Série,1080p,0,True,117,64
vitimas-de-uma-paixao,Vítimas de Uma Paixão,1989,Filme,1080p,3,True,117,64
malcolm-a-vida-continua-injusta-1a-temporada,Malcolm: A Vida Continua Injusta 1ª Temporada,2026,Série,1080p,0,True,141,88
meu-pai-uma-licao-de-vida,"Meu Pai, Uma Lição de Vida",1989,Filme,1080p,1,True,122,69
women-s-hell-1a-temporada,Women's Hell 1ª Temporada,2026,Série,1080p,0,True,121,68
furia-cega,Fúria Cega,1989,Filme,1080p,2,True,106,53
no-pique-de-nova-york,No Pique de Nova York,2004,Filme,1080p,1,True,117,64
a-pequena-sereia,A Pequena Sereia,1989,Filme,1080p,3,True,112,59
o-mestre-dos-brinquedos,O Mestre dos Brinquedos,1989,Filme,1080p,3,True,119,66
o-segredo-do-abismo,O Segredo do Abismo,1989,Filme,1080p,3,True,115,62
abismo-do-terror,Abismo do Terror,,Filme,,1,True,88,52
arco,Arco,2025,Filme,1080p,3,True,100,47
ataque-brutal,Ataque Brutal,2026,Filme,1080p,2,True,109,56
ultimos-dias-no-deserto,Últimos Dias no Deserto,2016,Filme,1080p,3,True,119,66
joe,Joe,2014,Filme,1080p,1,True,99,46
des-controle,(Des)controle,2026,Filme,1080p,1,True,109,56
a-arvore-da-vida,A Árvore da Vida,2011,Filme,1080p,2,True,112,59
18-rosas,18 Rosas,2026,Filme,1080p,2,True,104,51
noite-da-pizza,Noite da Pizza,2026,Filme,1080p,2,True,110,57
a-sombra-de-um-futuro,A Sombra de Um Futuro,2025,Filme,1080p,2,True,117,64
matador-de-aluguel,Matador de Aluguel,1989,Filme,1080p,2,True,114,61
perfeitos-desconhecidos,Perfeitos Desconhecidos,2025,Filme,1080p,1,True,119,66
o-retorno-de-davy-crockett,O Retorno de Davy Crockett,2024,Filme,1080p,1,True,122,69
um-toque-de-outro-mundo,Um Toque de Outro Mundo,2026,Filme,1080p,2,True,119,66
ato-noturno,Ato Noturno,2026,Filme,1080p,3,True,107,54
vlavianos-o-impulso-e-a-razao,"Vlavianos, o Impulso e a Razão",2025,Filme,1080p,1,True,126,73
e-quase-verdade,É Quase Verdade,2026,Filme,1080p,1,True,111,58
caca-explosiva,Caça Explosiva,2021,Filme,1080p,3,True,110,57
para-sempre-medo,Para Sempre Medo,2025,Filme,1080p,2,True,112,59
hannibal-3a-temporada,Hannibal 3ª Temporada,2015,Série,1080p,0,True,117,64
a-procura-de-harry-a-arte-por-tras-da-magia,À Procura de Harry: A Arte por Trás da Magia,2026,Filme,1080p,1,True,140,87
o-atirador-sem-nacao,O Atirador: Sem Nação,2026,Filme,1080p,2,True,117,64
the-boys-3a-temporada,The Boys 3ª Temporada,2022,Série,1080p,0,True,117,64
hannibal-2a-temporada,Hannibal 2ª Temporada,2014,Série,1080p,0,True,117,64
the-boys-2a-temporada,The Boys 2ª Temporada,2020,Série,1080p,0,True,117,64
hannibal-1a-temporada,Hannibal 1ª Temporada,2013,Série,1080p,0,True,117,64
untold-o-rei-em-xeque,Untold: O Rei em Xeque,2026,Filme,1080p,1,True,118,65
o-verao-que-mudou-tudo,O Verão que Mudou Tudo,2024,Filme,,4,True,101,65
the-boys-4a-temporada,The Boys 4ª Temporada,2024,Série,1080p,0,True,117,64
the-boys-1a-temporada,The Boys 1ª Temporada,2019,Série,1080p,0,True,117,64
so-i-m-a-spider-so-what-1a-temporada,"So I'm a Spider, So What? 1ª Temporada",2021,Série,1080p,0,True,134,81
o-incidente-de-darwin-1a-temporada,O Incidente de Darwin 1ª Temporada,2026,Série,1080p,0,True,130,77
o-momento,O Momento,2026,Filme,1080p,3,True,105,52
stay-alive-jogo-mortal,Stay Alive: Jogo Mortal,2006,Filme,1080p,2,True,119,66
o-nome-do-jogo,O Nome do Jogo,1995,Filme,1080p,3,True,110,57
a-costureira,A Costureira,2025,Filme,1080p,3,True,108,55
a-tragedia-de-moriah-wilson,A Tragédia de Moriah Wilson,2026,Filme,1080p,1,True,123,70
hope-valley-1874-1a-temporada,Hope Valley: 1874 1ª Temporada,2026,Série,1080p,0,True,126,73
algo-horrivel-vai-acontecer-1a-temporada,Algo Horrível Vai Acontecer 1ª Temporada,2026,Série,1080p,0,True,136,83
caes-de-caca-1a-temporada,Cães de Caça 1ª Temporada,2023,Série,1080p,0,True,121,68
anemona,Anêmona,2025,Filme,1080p,1,True,103,50
o-caso-dos-estrangeiros,O Caso dos Estrangeiros,2025,Filme,1080p,2,True,119,66
sinta-a-minha-voz,Sinta a Minha Voz,2026,Filme,1080p,2,True,113,60
a-noiva,A Noiva!,2026,Filme,1080p,3,True,104,51
s4-the-bob-lazar-story,S4: The Bob Lazar Story,2026,Filme,1080p,1,True,119,66
depois-do-fogo,Depois do Fogo,2025,Filme,1080p,1,True,110,57
tamanho-real,Tamanho Real,2024,Filme,1080p,2,True,108,55
domingo-sem-deus,Domingo Sem Deus,2026,Filme,1080p,1,True,112,59
a-i-inteligencia-artificial,A.I.: Inteligência Artificial,2001,Filme,1080p,3,True,125,72
hereditario,Hereditário,2018,Filme,1080p,4,True,107,54
dorohedoro-1a-temporada,Dorohedoro 1ª Temporada,2020,Série,1080p,0,True,119,66
gosto-infernal,Gosto Infernal,2025,Filme,1080p,1,True,110,57
avatar-fogo-e-cinzas,Avatar: Fogo e Cinzas,2025,Filme,1080p,4,True,117,64
contagem-regressiva,Contagem Regressiva,1994,Filme,1080p,1,True,115,62
caes-de-caca-2a-temporada,Cães de Caça 2ª Temporada,2026,Série,1080p,0,True,121,68
a-historia-do-som,A História do Som,2025,Filme,1080p,3,True,113,60
e-preciso-um-vilarejo,É Preciso um Vilarejo…,2026,Filme,1080p,2,True,118,65
a-guerra-dos-reinos-1a-temporada,A Guerra dos Reinos 1ª Temporada,2025,Série,1080p,0,True,128,75
o-sexto-sentido,O Sexto Sentido,1999,Filme,1080p,3,True,111,58
caminhos-do-crime,Caminhos do Crime,2026,Filme,1080p,2,True,113,60
bride-of-the-covenant,Bride of the Covenant,2025,Filme,1080p,1,True,117,64
comer-rezar-ladrar,"Comer, Rezar, Ladrar",2026,Filme,1080p,1,True,116,63
resgate-no-golfo,Resgate no Golfo,2025,Filme,1080p,2,True,112,59
contrato-das-sombras,Contrato das Sombras,2024,Filme,1080p,3,True,116,63
inteligencia-humana,Inteligência Humana,2026,Filme,1080p,3,True,115,62
tres-pessoas-sem-destino,Três Pessoas Sem Destino,2023,Filme,1080p,2,True,120,67
natal,#Natal,2022,Filme,1080p,3,True,102,49
salverosa,#SalveRosa,2025,Filme,1080p,2,True,106,53
seacabo-diario-das-campeas,#SeAcabó: Diário das Campeãs,2024,Filme,1080p,1,True,124,71
sem-filtro-noite-sangrenta,#Sem_Filtro - Noite Sangrenta,2022,Filme,1080p,3,True,125,72
velozes-furiosos,+ Velozes + Furiosos,2003,Filme,1080p,3,True,116,63
1-milhao-de-seguidores,1 Milhão de Seguidores,2024,Filme,1080p,1,True,118,65
10-dias-de-um-homem-curioso,10 Dias de um Homem Curioso,2024,Filme,1080p,2,True,123,70
10-regras-para-salvar-um-casamento,10 Regras Para Salvar um Casamento,2023,Filme,1080p,3,True,130,77
10dance,10DANCE,2025,Filme,1080p,2,True,103,50
12-anos-de-escravidao,12 Anos de Escravidão,2013,Filme,1080p,2,True,117,64
12-horas-para-o-fim-do-mundo,12 Horas Para o Fim do Mundo,2022,Filme,1080p,4,True,124,71
13-dias-no-lago-da-morte,13 Dias no Lago da Morte,2024,Filme,1080p,3,True,120,67
13-horas-os-soldados-secretos-de-benghazi,13 Horas: Os Soldados Secretos de Benghazi,2016,Filme,1080p,5,True,138,85
13-sentimentos,13 Sentimentos,2024,Filme,1080p,3,True,110,57
1408,1408,2007,Filme,1080p,3,True,100,47
15-anos-em-silencio,15 Anos em Silêncio,2024,Filme,1080p,2,True,115,62
15-cameras,15 Câmeras,2023,Filme,1080p,1,True,106,53
1923-1a-temporada,1923 1ª Temporada,2022,Série,1080p,1,True,113,60
1923-2a-temporada,1923 2ª Temporada,2025,Série,1080p,0,True,113,60
1978,1978,2025,Filme,1080p,3,True,100,47
1992,1992,2024,Filme,1080p,2,True,100,47
21-mao-na-cabeca,21 - Mão Na Cabeça,2019,Filme,1080p,1,True,114,61
22-balas,22 Balas,2010,Filme,1080p,3,True,104,51
22-milhas,22 Milhas,2018,Filme,1080p,2,True,105,52
27-noites,27 Noites,2025,Filme,1080p,1,True,105,52
31-minutos-natal-escaldante,31 Minutos: Natal Escaldante,2025,Filme,1080p,4,True,124,71
37-l-ombre-et-la-proie,37 : l'ombre et la proie,2024,Filme,1080p,2,True,120,67
404-run-run,404 Run Run,2024,Filme,1080p,2,True,107,54
42-segundos,42 segundos,2022,Filme,1080p,1,True,107,54
47-ronins,47 Ronins,2013,Filme,1080p,3,True,105,52
50-km-por-hora,50 Km Por Hora,2024,Filme,1080p,1,True,110,57
53-domingos,53 Domingos,2026,Filme,1080p,2,True,107,54
60-segundos,60 Segundos,2000,Filme,1080p,3,True,107,54
63-horas-de-panico,63 Horas de Pânico,2026,Filme,1080p,2,True,114,61
7-veroes,7 Verões,2020,Filme,1080p,1,True,104,51
70-e-apenas-um-numero,70 é Apenas um Número,2021,Filme,1080p,1,True,117,64
7500,7500,2019,Filme,1080p,2,True,100,47
9-1-1-lone-star-1a-temporada,9-1-1: Lone Star 1ª Temporada,2020,Série,1080p,0,True,125,72
9-1-1-lone-star-2a-temporada,9-1-1: Lone Star 2ª Temporada,2021,Série,1080p,0,True,125,72
9-1-1-lone-star-3a-temporada,9-1-1: Lone Star 3ª Temporada,2022,Série,1080p,0,True,125,72
9-1-1-lone-star-4a-temporada,9-1-1: Lone Star 4ª Temporada,2023,Série,1080p,0,True,125,72
9-1-1-lone-star-5a-temporada,9-1-1: Lone Star 5ª Temporada,2024,Série,1080p,0,True,125,72
96-minutes,96 Minutes,2025,Filme,1080p,3,True,106,53
a-5a-vitima,A 5ª Vítima,2021,Filme,1080p,3,True,107,54
a-academia-do-sr-kleks,A Academia do Sr. Kleks,2024,Filme,1080p,2,True,119,66
a-acusada,A Acusada,2026,Filme,1080p,3,True,105,52
a-agente-polonesa,A Agente Polonesa,2025,Filme,1080p,4,True,113,60
a-agencia-1a-temporada,A Agência 1ª Temporada,2024,Série,1080p,0,True,118,65
a-amizade-mora-ao-lado,A Amizade Mora ao Lado,2024,Filme,1080p,1,True,118,65
a-arca-the-ark-1a-temporada,A Arca (The Ark) 1ª Temporada,2023,Série,1080p,0,True,125,72
a-arca-the-ark-2a-temporada,A Arca (The Ark) 2ª Temporada,2024,Série,1080p,0,True,125,72
a-armadilha-do-coelho,A Armadilha do Coelho,2025,Filme,1080p,3,True,117,64
a-armadilha-do-diabo,A Armadilha do Diabo,2024,Filme,1080p,2,True,116,63
a-arte-das-oito-armas,A Arte das Oito Armas,2024,Filme,1080p,2,True,117,64
a-arte-de-amar,A Arte de Amar,2024,Filme,1080p,1,True,110,57
a-ascensao-dos-mortos,A Ascensão dos Mortos,2022,Filme,1080p,2,True,117,64
a-astronauta,A Astronauta,2025,Filme,1080p,3,True,108,55
a-autopsia,A Autópsia,2016,Filme,1080p,2,True,106,53
a-avaliacao,A Avaliação,2025,Filme,1080p,3,True,107,54
a-barbarie,A Barbárie,2023,Filme,1080p,1,True,106,53
a-batalha-da-ilha-wallis,A Batalha da Ilha Wallis,2025,Filme,1080p,3,True,120,67
a-batalha-de-um-guerreiro,A Batalha de um Guerreiro,2022,Filme,1080p,3,True,121,68
a-bela-e-a-fera,A Bela e a Fera,1991,Filme,1080p,4,True,111,58
a-bela-e-a-fera-2,A Bela e a Fera,2014,Filme,1080p,2,True,111,58
a-bela-e-a-fera-3,A Bela e a Fera,2017,Filme,1080p,4,True,111,58
a-bela-e-a-fera-o-natal-encantado,A Bela e a Fera: O Natal Encantado,1997,Filme,1080p,3,True,130,77
a-bela-e-o-bilionario,A Bela e o Bilionário,2022,Filme,1080p,2,True,117,64
a-besta,A Besta,2024,Filme,1080p,3,True,103,50
a-boa-metade,A Boa Metade,2024,Filme,1080p,2,True,108,55
a-bruxa-do-bosque,A Bruxa do Bosque,2023,Filme,1080p,3,True,113,60
a-bussola-magica,A Bússola Mágica,2023,Filme,1080p,3,True,112,59
a-cadeira-1a-temporada,A Cadeira 1ª Temporada,2025,Série,1080p,0,True,118,65
a-caixa-dos-prazeres,A Caixa dos Prazeres,2020,Filme,1080p,2,True,116,63
a-cancao-de-ninar-de-katherine,A Canção de Ninar de Katherine,2020,Filme,1080p,2,True,126,73
a-cancao-do-amor,A Canção do Amor,2023,Filme,1080p,3,True,112,59
a-carta-de-natal,A Carta de Natal,2024,Filme,1080p,2,True,112,59
a-casa-entre-cactos,A Casa Entre Cactos,2022,Filme,1080p,1,True,115,62
a-casa-mal-assombrada,A Casa Mal-Assombrada,2023,Filme,1080p,2,True,117,64
a-casa-magica-da-gabby-o-filme,A Casa Mágica da Gabby: O Filme,2025,Filme,1080p,4,True,127,74
a-casa-morbida,A Casa Mórbida,2024,Filme,1080p,2,True,110,57
a-casa-da-arvore,A Casa da Árvore,2023,Filme,1080p,1,True,112,59
a-casa-de-tijolos-de-barro,A Casa de Tijolos de Barro,2024,Filme,1080p,2,True,122,69
a-casa-do-dragao-1a-temporada,A Casa do Dragão 1ª Temporada,2022,Série,1080p,0,True,125,72
a-casa-do-dragao-2a-temporada,A Casa do Dragão 2ª Temporada,2024,Série,1080p,0,True,125,72
a-casa-do-engano,A Casa do Engano,2024,Filme,1080p,5,True,112,59
a-casa-dos-misterios,A Casa dos Mistérios,2024,Filme,1080p,3,True,116,63
a-casa-dos-segredos-enterrados,A Casa dos Segredos Enterrados,2022,Filme,1080p,3,True,126,73
a-cauda-do-diabo,A Cauda do Diabo,2024,Filme,1080p,1,False,112,59
a-caverna-azul,A Caverna Azul,2024,Filme,1080p,1,True,110,57
a-caca,A Caça,2024,Filme,1080p,2,True,102,49
a-cacada-1a-temporada,A Caçada 1ª Temporada,2026,Série,1080p,0,True,117,64
a-cacadora-de-auschwitz,A Caçadora de Auschwitz,2022,Filme,1080p,2,True,119,66
a-cela-dos-milagres,A Cela dos Milagres,2025,Filme,1080p,1,True,115,62
a-chave-do-problema,A Chave do Problema,2023,Filme,1080p,5,True,115,62
a-chorona,A Chorona,2019,Filme,1080p,3,True,105,52
a-cidade-dos-sonhos,A Cidade dos Sonhos,2024,Filme,1080p,2,True,115,62
a-cinderella-christmas-ball,A Cinderella Christmas Ball,2024,Filme,1080p,2,True,123,70
a-clinica,A Clínica,2023,Filme,1080p,1,True,105,52
a-coisa,A Coisa,2011,Filme,1080p,3,True,103,50
a-colina-escarlate,A Colina Escarlate,2015,Filme,1080p,3,True,114,61
a-colonia,A Colônia,2013,Filme,1080p,3,True,105,52
a-concepcao,A Concepção,2005,Filme,1080p,1,True,107,54
a-conexao-sueca,A Conexão Sueca,2026,Filme,1080p,3,True,111,58
a-confeiteira,A Confeiteira,2021,Filme,1080p,1,True,109,56
a-confissao,A Confissão,2021,Filme,1080p,1,True,107,54
a-confissao-2,A Confissão,2022,Filme,,2,True,90,54
a-conspiracao-consumista,A Conspiração Consumista,2024,Filme,1080p,1,True,120,67
a-contadora-de-filmes,A Contadora de Filmes,2023,Filme,1080p,2,True,117,64
a-convidada,A Convidada,2023,Filme,1080p,2,True,107,54
a-cor-purpura,A Cor Púrpura,1985,Filme,1080p,2,True,109,56
a-cor-purpura-2,A Cor Púrpura,2023,Filme,1080p,2,True,109,56
a-corrida-dos-100-metros,A Corrida dos 100 Metros,2025,Filme,1080p,2,True,120,67
a-criada-proibida,A Criada Proibida,2021,Filme,1080p,1,True,113,60
a-criatura-de-gyeongseong-1a-temporada,A Criatura de Gyeongseong 1ª Temporada,2023,Série,1080p,0,True,134,81
a-criatura-de-gyeongseong-2a-temporada,A Criatura de Gyeongseong 2ª Temporada,2024,Série,1080p,0,True,134,81
a-criacao,A Criação,2023,Filme,1080p,2,True,105,52
a-cuidadora-da-mansao-garret,A Cuidadora da Mansão Garret,2023,Filme,1080p,3,True,124,71
a-cura,A Cura,2017,Filme,1080p,3,True,102,49
a-camera-do-demonio,A Câmera do Demônio,2022,Filme,1080p,2,True,115,62
a-divisao,A Divisão,2020,Filme,1080p,3,True,105,52
a-divisao-1a-temporada,A Divisão 1ª Temporada,2019,Série,1080p,0,True,118,65
a-divisao-2a-temporada,A Divisão 2ª Temporada,2020,Série,1080p,0,True,118,65
a-divisao-3a-temporada,A Divisão 3ª Temporada,2023,Série,1080p,0,True,118,65
a-divisao-4a-temporada,A Divisão 4ª Temporada,2025,Série,1080p,0,True,118,65
a-dona-da-bola-1a-temporada,A Dona da Bola 1ª Temporada,2025,Série,1080p,0,True,123,70
a-duquesa-vingadora,A Duquesa Vingadora,2024,Filme,1080p,3,True,115,62
a-empregada,A Empregada,2025,Filme,1080p,2,True,107,54
a-entidade,A Entidade,2012,Filme,1080p,3,True,106,53
a-entidade-2,A Entidade,2019,Filme,1080p,2,True,106,53
a-entidade-2-2,A Entidade 2,2015,Filme,1080p,1,True,108,55
a-era-de-kasym,A Era de Kasym,2022,Filme,1080p,3,True,110,57
a-escolha-de-natal,A Escolha de Natal,2023,Filme,1080p,2,True,114,61
a-estacao-da-alegria,A Estação da Alegria,2021,Filme,1080p,3,True,116,63
a-estranheza-de-amar,A Estranheza de Amar,2023,Filme,1080p,1,True,116,63
a-estrela-de-natal,A Estrela de Natal,2024,Filme,1080p,2,True,114,61
a-extraordinaria-vida-de-ibelin,A Extraordinária Vida de Ibelin,2024,Filme,1080p,2,True,127,74
a-face-da-guerra,A Face da Guerra,2018,Filme,1080p,1,True,112,59
a-face-da-vinganca,A Face da Vingança,2023,Filme,1080p,3,True,114,61
a-fada-das-trevas,A Fada das Trevas,2025,Filme,1080p,1,True,113,60
a-falha,A Falha,2019,Filme,1080p,1,True,103,50
a-familia-khumalo,A Família Khumalo,2025,Filme,1080p,2,True,113,60
a-familia-mcmullen,A Família McMullen,2025,Filme,1080p,2,True,114,61
a-familia-perfeita,A Família Perfeita,2021,Filme,1080p,2,True,114,61
a-faxineira-1a-temporada,A Faxineira 1ª Temporada,2022,Série,1080p,0,True,120,67
a-faxineira-2a-temporada,A Faxineira 2ª Temporada,2022,Série,1080p,0,True,120,67
a-faxineira-3a-temporada,A Faxineira 3ª Temporada,2024,Série,1080p,0,True,120,67
a-faxineira-4a-temporada,A Faxineira 4ª Temporada,2025,Série,1080p,0,True,120,67
a-fera,A Fera,2022,Filme,1080p,3,True,102,49
a-fera-interior,A Fera Interior,2024,Filme,1080p,1,True,111,58
a-festa-de-casamento,A Festa de Casamento,2021,Filme,1080p,1,True,116,63
a-festa-de-leo,A Festa de Léo,2024,Filme,1080p,1,True,110,57
a-fianca,A Fiança,2024,Filme,1080p,1,True,104,51
a-filha-da-noite,A Filha da Noite,2023,Filme,1080p,3,True,112,59
a-filha-da-noiva,A Filha da Noiva,2023,Filme,1080p,1,True,112,59
a-filha-de-um-ladrao,A Filha de um Ladrão,2019,Filme,1080p,1,True,116,63
a-filha-do-palhaco,A Filha do Palhaço,2024,Filme,1080p,1,True,114,61
a-fita-cassete,A Fita Cassete,2021,Filme,1080p,2,True,110,57
a-flor-do-buriti,A Flor do Buriti,2024,Filme,1080p,1,True,112,59
a-fonte-da-juventude,A Fonte da Juventude,2025,Filme,1080p,3,True,116,63
a-forja-o-poder-da-transformacao,A Forja: O Poder da Transformação,2024,Filme,1080p,2,True,129,76
a-forma-do-medo,A Forma do Medo,2022,Filme,1080p,1,True,111,58
a-forca-da-mulher,A Força da Mulher,2023,Filme,1080p,2,True,113,60
a-forca-do-vento,A Força do Vento,2022,Filme,1080p,1,True,112,59
a-freira,A Freira,2018,Filme,1080p,1,True,104,51
a-freira-2,A Freira 2,2023,Filme,1080p,1,False,106,53
a-funcionaria-do-mes,A Funcionária do Mês,2022,Filme,1080p,2,True,116,63
a-furia-de-becky,A Fúria de Becky,2023,Filme,1080p,4,True,112,59
a-furia-do-monstro,A Fúria do Monstro,2022,Filme,1080p,3,True,114,61
a-gangue-de-paris,A Gangue de Paris,2022,Filme,1080p,3,True,113,60
a-garota-artificial,A Garota Artificial,2023,Filme,1080p,3,True,115,62
a-garota-francesa,A Garota Francesa,2024,Filme,1080p,2,True,113,60
a-garota-mais-linda-do-mundo,A Garota Mais Linda do Mundo,2025,Filme,1080p,2,True,124,71
a-garota-perdida,A Garota Perdida,2025,Filme,1080p,3,True,112,59
a-garota-roubada-1a-temporada,A Garota Roubada 1ª Temporada,2025,Série,1080p,1,True,125,72
a-garota-da-agulha,A Garota da Agulha,2024,Filme,1080p,3,True,114,61
a-garota-da-vez,A Garota da Vez,2024,Filme,1080p,3,True,111,58
a-garota-de-miller,A Garota de Miller,2024,Filme,1080p,3,True,114,61
a-garota-na-floresta,A Garota na Floresta,2022,Filme,1080p,2,True,116,63
a-garota-no-banco-de-tras,A Garota no Banco de Trás,2023,Filme,1080p,1,True,121,68
a-grande-aposta,A Grande Aposta,2015,Filme,1080p,1,True,111,58
a-grande-corrida,A Grande Corrida,2023,Filme,1080p,1,True,112,59
a-grande-dama-do-cinema,A Grande Dama do Cinema,2019,Filme,1080p,2,True,119,66
a-grande-descoberta-1a-temporada,A Grande Descoberta 1ª Temporada,2025,Série,1080p,0,True,128,75
a-grande-entrevista,A Grande Entrevista,2024,Filme,1080p,1,True,115,62
a-grande-fuga,A Grande Fuga,2023,Filme,1080p,4,True,109,56
a-grande-ilusao-1a-temporada,A Grande Ilusão 1ª Temporada,2024,Série,1080p,0,True,124,71
a-grande-inundacao,A Grande Inundação,2025,Filme,1080p,3,True,114,61
a-grande-jornada,A Grande Jornada,2024,Filme,1080p,1,True,112,59
a-grande-muralha,A Grande Muralha,2016,Filme,1080p,4,True,112,59
a-grande-viagem-da-sua-vida,A Grande Viagem da Sua Vida,2025,Filme,1080p,3,True,123,70
a-greve-das-camareiras,A Greve das Camareiras,2024,Filme,1080p,1,True,118,65
a-gra-bretanha-e-a-blitz,A Grã-Bretanha e a Blitz,2025,Filme,1080p,1,True,120,67
a-guerra-diante-dos-meus-olhos,A Guerra Diante dos Meus Olhos,2024,Filme,1080p,2,True,126,73
a-guerra-do-amanha,A Guerra do Amanhã,2021,Filme,1080p,3,True,114,61
a-guerra-do-hamburguer,A Guerra do Hambúrguer,1997,Filme,1080p,1,True,118,65
a-guerra-do-hamburguer-2,A Guerra do Hambúrguer 2,2023,Filme,1080p,1,True,120,67
a-guerra-dos-deuses,A Guerra dos Deuses,2022,Filme,1080p,3,True,115,62
a-guerra-dos-mundos,A Guerra dos Mundos,2025,Filme,1080p,2,True,115,62
a-guerra-dos-mundos-o-ataque,A Guerra dos Mundos - O Ataque,2023,Filme,1080p,3,True,126,73
a-guerra-dos-samurais-1a-temporada,A Guerra dos Samurais 1ª Temporada,2021,Série,1080p,0,True,130,77
a-guerreira-chinesa,A Guerreira Chinesa,2022,Filme,1080p,3,True,115,62
a-heranca,A Herança,2024,Filme,1080p,2,True,105,52
a-heranca-2,A Herança,2025,Filme,1080p,2,True,105,52
a-historia-distorcida-de-amanda-knox-1a-temporada,A História Distorcida de Amanda Knox 1ª Temporada,2025,Série,1080p,0,True,145,92
a-historia-de-daniel,A História de Daniel,2023,Filme,1080p,2,True,116,63
a-historia-de-fatima,A História de Fátima,2021,Filme,1080p,3,True,116,63
a-hora-do-mal,A Hora do Mal,2025,Filme,1080p,2,True,109,56
a-hora-do-silencio,A Hora do Silêncio,2024,Filme,1080p,4,True,114,61
a-hora-do-vampiro,A Hora do Vampiro,2024,Filme,1080p,2,True,113,60
a-hora-dos-valentes,A Hora dos Valentes,2025,Filme,1080p,1,True,115,62
a-idade-dourada-1a-temporada,A Idade Dourada 1ª Temporada,2022,Série,1080p,0,True,124,71
a-idade-dourada-2a-temporada,A Idade Dourada 2ª Temporada,2023,Série,1080p,0,True,124,71
a-idade-dourada-3a-temporada,A Idade Dourada 3ª Temporada,2025,Série,1080p,0,True,124,71
a-identidade-bourne,A Identidade Bourne,2002,Filme,1080p,5,True,115,62
a-ilha,A Ilha,2005,Filme,1080p,4,True,102,49
a-ilha-da-boa-esperanca,A Ilha da Boa Esperança,2022,Filme,1080p,1,True,119,66
a-ilha-das-sombras,A Ilha das Sombras,2023,Filme,1080p,2,True,114,61
a-ilha-do-crime,A Ilha do Crime,2023,Filme,1080p,1,True,111,58
a-ilha-do-inverno,A Ilha do Inverno,2024,Filme,1080p,4,True,113,60
a-ilha-dos-ilus,A Ilha dos Ilús,2023,Filme,1080p,1,True,111,58
a-incrivel-eleanor,A Incrível Eleanor,2025,Filme,1080p,1,True,114,61
a-incrivel-historia-de-adaline,A Incrível História de Adaline,2015,Filme,1080p,2,True,126,73
a-incrivel-historia-de-mario-capecchi,A Incrível História de Mario Capecchi,2022,Filme,1080p,2,True,133,80
a-influencer-divina,A Influencer Divina,2023,Filme,1080p,2,True,115,62
a-informante,A Informante,2024,Filme,1080p,2,True,108,55
a-janela-secreta,A Janela Secreta,2004,Filme,1080p,2,True,112,59
a-knight-s-war,A Knight's War,2025,Filme,1080p,3,True,110,57
a-lenda-de-ochi,A Lenda de Ochi,2025,Filme,1080p,2,True,111,58
a-lenda-de-saint-joseph,A Lenda de Saint Joseph,2023,Filme,1080p,3,True,119,66
a-lenda-de-vox-machina-1a-temporada,A Lenda de Vox Machina 1ª Temporada,2022,Série,1080p,0,True,131,78
a-lenda-de-vox-machina-2a-temporada,A Lenda de Vox Machina 2ª Temporada,2023,Série,1080p,0,True,131,78
a-lenda-de-vox-machina-3a-temporada,A Lenda de Vox Machina 3ª Temporada,2024,Série,1080p,0,True,131,78
a-lenda-do-cavaleiro-sem-cabeca,A Lenda do Cavaleiro Sem Cabeça,1999,Filme,1080p,5,True,127,74
a-lenda-do-lobo-da-montanha,A Lenda do Lobo da Montanha,2022,Filme,1080p,2,True,123,70
a-lenda-do-rosto-palido,A Lenda do Rosto Pálido,2024,Filme,1080p,3,True,119,66
a-lenda-em-busca-do-medalhao-sagrado,A Lenda: Em Busca do Medalhão Sagrado,2024,Filme,1080p,3,True,133,80
a-libertacao,A Libertação,2024,Filme,1080p,2,True,108,55
a-liga,A Liga,2024,Filme,1080p,1,True,102,49
a-linha-da-extincao,A Linha da Extinção,2024,Filme,1080p,3,True,115,62
a-lista,A Lista,2011,Filme,1080p,2,True,103,50
a-lista-perversa-do-sr-scrooge,A Lista Perversa do Sr. Scrooge,2024,Filme,1080p,2,True,127,74
a-lista-terminal-1a-temporada,A Lista Terminal 1ª Temporada,2022,Série,1080p,0,True,125,72
a-lista-terminal-lobo-negro-1a-temporada,A Lista Terminal: Lobo Negro 1ª Temporada,2025,Série,1080p,0,True,137,84
a-lista-da-minha-vida,A Lista da Minha Vida,2025,Filme,1080p,3,True,117,64
a-longa-marcha-caminhe-ou-morra,A Longa Marcha: Caminhe ou Morra,2025,Filme,1080p,2,True,128,75
a-lingua-do-amor,A Língua do Amor,2021,Filme,1080p,3,True,112,59
a-magia-comeca-na-rocha-encantada,A Magia Começa na Rocha Encantada,2025,Filme,1080p,2,True,129,76
a-magia-das-sereias-1a-temporada,A Magia das Sereias 1ª Temporada,2024,Série,1080p,0,True,128,75
a-magia-de-sonhar,A Magia de Sonhar,2022,Filme,1080p,2,True,113,60
a-maldicao-da-chorona,A Maldição da Chorona,2019,Filme,1080p,1,True,117,64
a-maldicao-da-fazenda-grady,A Maldição da Fazenda Grady,2020,Filme,1080p,1,True,123,70
a-maldicao-da-freira,A Maldição da Freira,2018,Filme,1080p,2,True,116,63
a-maldicao-da-primeira-colheita,A Maldição da Primeira Colheita,2024,Filme,1080p,2,True,127,74
a-maldicao-de-cinderela,A Maldição de Cinderela,2024,Filme,1080p,2,True,119,66
a-maldicao-de-medeia,A Maldição de Medeia,2022,Filme,1080p,1,True,116,63
a-maldicao-de-savannah,A Maldição de Savannah,2022,Filme,1080p,3,True,118,65
a-maldicao-do-colar,A Maldição do Colar,2024,Filme,1080p,4,True,115,62
a-maldicao-do-cuco,A Maldição do Cuco,2023,Filme,1080p,2,True,114,61
a-maldicao-dos-minimoys,A Maldição dos Minimoys,2022,Filme,1080p,2,True,119,66
a-manobra-da-tartaruga,A Manobra da Tartaruga,2022,Filme,1080p,2,True,118,65
a-mansao-do-horror,A Mansão do Horror,2022,Filme,1080p,2,True,114,61
a-mansao-do-inferno,A Mansão do Inferno,1980,Filme,1080p,2,True,115,62
a-marca-do-mal,A Marca do Mal,2025,Filme,1080p,3,True,110,57
a-marginal,A Marginal,2023,Filme,1080p,2,True,106,53
a-meia-irma-feia,A Meia-Irmã Feia,2025,Filme,1080p,4,True,112,59
a-melhor-cartada,A Melhor Cartada,2024,Filme,1080p,4,True,112,59
a-melhor-casa-suspeita-do-texas,A Melhor Casa Suspeita do Texas,1982,Filme,1080p,1,True,127,74
a-melhor-mae-do-mundo,A Melhor Mãe do Mundo,2025,Filme,1080p,1,True,117,64
a-melhor-noite-de-nossas-vidas,A Melhor Noite de Nossas Vidas,2023,Filme,1080p,2,True,126,73
a-melhor-de-todos-os-tempos,A Melhor de Todos os Tempos,2022,Filme,1080p,1,True,123,70
a-menina-do-mar,A Menina do Mar,2024,Filme,1080p,2,True,111,58
a-menina-dos-meus-olhos,A Menina dos Meus Olhos,2025,Filme,1080p,2,True,119,66
a-menina-e-o-dragao,A Menina e o Dragão,2024,Filme,1080p,5,True,115,62
a-menina-e-o-dragao-2,A Menina e o Dragão,2024,Filme,1080p,4,True,115,62
a-menina-que-acredita-em-milagres,A Menina que Acredita em Milagres,2021,Filme,1080p,2,True,129,76
a-metade-de-nos,A Metade de Nós,2023,Filme,1080p,2,True,111,58
a-missao-de-sandy-bochechas,A Missão de Sandy Bochechas,2024,Filme,1080p,4,True,123,70
a-mistake,A Mistake,2024,Filme,1080p,1,True,105,52
a-morada-dos-lobisomens,A Morada dos Lobisomens,2023,Filme,1080p,2,True,119,66
a-morte-de-branca-de-neve,A Morte de Branca de Neve,2025,Filme,1080p,4,True,121,68
a-morte-de-um-unicornio,A Morte de um Unicórnio,2025,Filme,1080p,3,True,119,66
a-mula,A Mula,2018,Filme,1080p,2,True,102,49
a-mulher-mais-bonita-de-saigon,A Mulher Mais Bonita de Saigon,2023,Filme,1080p,2,True,126,73
a-mulher-verde,A Mulher Verde,2022,Filme,1080p,2,True,110,57
a-mulher-da-fila,A Mulher da Fila,2025,Filme,1080p,1,True,112,59
a-mulher-na-cabine-10,A Mulher na Cabine 10,2025,Filme,1080p,3,True,117,64
a-mulher-no-jardim,A Mulher no Jardim,2025,Filme,1080p,2,True,114,61
a-mulher-no-lago-1a-temporada,A Mulher no Lago 1ª Temporada,2024,Série,1080p,0,True,125,72
a-musa-de-bonnard,A Musa de Bonnard,2024,Filme,1080p,3,True,113,60
a-mutacao,A Mutação,2021,Filme,1080p,1,True,105,52
a-mascara-da-morte,A Máscara da Morte,2023,Filme,1080p,2,True,114,61
a-mae-da-noiva,A Mãe da Noiva,2024,Filme,1080p,3,True,110,57
a-mae-do-meu-filho,A Mãe do Meu Filho,2022,Filme,1080p,2,True,114,61
a-mae-e-a-maldicao,A Mãe e a Maldição,2025,Filme,1080p,1,True,114,61
a-mao-esquerda-do-diabo,A Mão Esquerda do Diabo,2023,Filme,1080p,3,True,119,66
a-mao-que-balanca-o-berco,A Mão Que Balança o Berço,2025,Filme,1080p,2,True,121,68
a-mumia,A Múmia,2017,Filme,1080p,5,True,103,50
a-natureza-das-coisas-invisiveis,A Natureza das Coisas Invisíveis,2025,Filme,1080p,1,True,128,75
a-negociadora,A Negociadora,2022,Filme,1080p,4,True,109,56
a-negociacao,A Negociação,1998,Filme,1080p,5,True,108,55
a-noite-pertence-aos-amantes,A Noite Pertence aos Amantes,2021,Filme,1080p,2,True,124,71
a-noite-sempre-chega,A Noite Sempre Chega,2025,Filme,1080p,2,True,116,63
a-noite-das-bruxas,A Noite das Bruxas,2019,Filme,1080p,3,True,114,61
a-noite-das-bruxas-2,A Noite das Bruxas,2023,Filme,1080p,3,True,114,61
a-noite-dos-lobisomens,A Noite dos Lobisomens,2024,Filme,1080p,3,True,118,65
a-noite-que-mudou-o-pop,A Noite que Mudou o Pop,2024,Filme,1080p,2,True,119,66
a-nonsense-christmas-with-sabrina-carpenter,A Nonsense Christmas with Sabrina Carpenter,2024,Filme,1080p,1,True,139,86
a-nova-geracao-da-mafia,A Nova Geração da Máfia,2024,Filme,1080p,2,True,119,66
a-nova-vida-de-clemence,A Nova Vida de Clemence,2023,Filme,1080p,2,True,119,66
a-nova-vida-de-rose,A Nova Vida de Rose,2021,Filme,1080p,1,True,115,62
a-nevoa-da-guerra,A Névoa da Guerra,2025,Filme,1080p,1,True,113,60
a-obsessao-de-celine,A Obsessão de Celine,2024,Filme,1080p,1,True,116,63
a-oitava-noite,A Oitava Noite,2021,Filme,1080p,3,True,110,57
a-onda,A Onda,2025,Filme,1080p,2,True,102,49
a-ordem,A Ordem,2024,Filme,1080p,3,True,103,50
a-origem,A Origem,2010,Filme,1080p,3,True,104,51
a-origem-dos-red-hot-chili-peppers-nosso-irmao-hillel,A Origem dos Red Hot Chili Peppers: Nosso Irmão Hillel,2025,Filme,1080p,2,True,150,97
a-outra-face,A Outra Face,1997,Filme,1080p,3,True,108,55
a-outra-face-de-dorian-gray,A Outra Face de Dorian Gray,2023,Filme,1080p,3,True,123,70
a-ouvinte,A Ouvinte,2024,Filme,1080p,1,True,105,52
a-paixao-segundo-g-h,A Paixão Segundo G.H.,2024,Filme,1080p,1,True,117,64
a-palavra,A Palavra,2025,Filme,1080p,1,True,105,52
a-pandemia-da-agua,A Pandemia da Água,2022,Filme,1080p,1,True,114,61
a-pantera-cor-de-rosa,A Pantera Cor-de-Rosa,1963,Filme,1080p,2,True,117,64
a-pantera-cor-de-rosa-2,A Pantera Cor-de-Rosa,2006,Filme,1080p,4,True,117,64
a-pantera-cor-de-rosa-2-2,A Pantera Cor-de-Rosa 2,2009,Filme,1080p,2,True,119,66
a-paranoia-de-lulu,A Paranoia de Lulu,2024,Filme,1080p,1,True,114,61
a-paris-errada,A Paris Errada,2025,Filme,1080p,2,True,110,57
a-partida-do-seculo,A Partida do Século,2021,Filme,1080p,1,True,115,62
a-patinadora,A Patinadora,2022,Filme,1080p,2,True,108,55
a-pele-que-habito,A Pele Que Habito,2011,Filme,1080p,4,True,113,60
a-pequena-sereia-2,A Pequena Sereia,1989,Filme,1080p,3,True,112,59
a-pequena-sereia-3,A Pequena Sereia,2018,Filme,1080p,5,True,112,59
a-pequena-sereia-4,A Pequena Sereia,2023,Filme,1080p,4,True,112,59
a-pequena-sereia-2-o-retorno-para-o-mar,A Pequena Sereia 2: O Retorno para o Mar,2000,Filme,1080p,4,True,136,83
a-pequena-sereia-3-a-historia-de-ariel,A Pequena Sereia 3: A História de Ariel,2008,Filme,1080p,2,True,135,82
a-pequena-sereia-um-oceano-de-aventuras,A Pequena Sereia – Um Oceano de Aventuras,2022,Filme,1080p,3,True,137,84
a-perseguicao,A Perseguição,2012,Filme,1080p,4,True,109,56
a-perseguicao-2,A Perseguição,2025,Filme,1080p,2,True,109,56
a-porta-do-porao,A Porta do Porão,2024,Filme,1080p,2,True,112,59
a-possessao,A Possessão,2022,Filme,1080p,1,True,107,54
a-primeira-barbie-negra,A Primeira Barbie Negra,2024,Filme,1080p,1,True,119,66
a-primeira-morte-de-joana,A Primeira Morte de Joana,2021,Filme,1080p,1,True,121,68
a-primeira-neve-do-verao,A Primeira Neve do Verão,2023,Filme,1080p,2,True,120,67
a-primeira-profecia,A Primeira Profecia,2024,Filme,1080p,2,True,115,62
a-princesa-perdida,A Princesa Perdida,2025,Filme,1080p,2,True,114,61
a-procura-de-martina,A Procura de Martina,2025,Filme,1080p,1,True,116,63
a-profecia-da-lua,A Profecia da Lua,2024,Filme,1080p,3,True,113,60
a-profecia-de-um-guerreiro,A Profecia de um Guerreiro,2025,Filme,1080p,3,True,122,69
a-profissional,A Profissional,2021,Filme,1080p,3,True,110,57
a-promessa,A Promessa,2016,Filme,1080p,3,True,106,53
a-promessa-do-golfe-1a-temporada,A Promessa do Golfe 1ª Temporada,2024,Série,1080p,0,True,128,75
bark,Bark,2025,Filme,1080p,2,True,100,47
a-proxima-vitima,A Próxima Vítima,2021,Filme,1080p,2,True,112,59
a-queda,A Queda,2022,Filme,1080p,1,True,103,50
a-rainha-serpente-1a-temporada,A Rainha Serpente 1ª Temporada,2022,Série,1080p,0,True,126,73
a-rainha-serpente-2a-temporada,A Rainha Serpente 2ª Temporada,2024,Série,1080p,0,True,126,73
a-rainha-da-comedia,A Rainha da Comédia,2022,Filme,1080p,1,True,115,62
a-rainha-do-xadrez,A Rainha do Xadrez,2026,Filme,1080p,1,True,114,61
a-rainha-dos-golpes-1a-temporada,A Rainha dos Golpes 1ª Temporada,2025,Série,1080p,0,True,128,75
a-rainha-dos-meus-sonhos,A Rainha dos Meus Sonhos,2024,Filme,1080p,2,True,120,67
a-rebeliao-de-1907,A Rebelião de 1907,2023,Filme,1080p,1,True,114,61
a-redencao-a-historia-real-de-bonhoeffer,A Redenção – A História Real de Bonhoeffer,2024,Filme,1080p,3,True,138,85
a-redencao-a-historia-real-de-bonhoeffer-2,A Redenção – A História Real de Bonhoeffer,2025,Filme,1080p,4,True,138,85
a-regra-de-jenny-pen,A Regra de Jenny Pen,2025,Filme,1080p,2,True,116,63
a-revanche-final,A Revanche Final,1989,Filme,1080p,3,True,112,59
a-revolucao-romena,A Revolução Romena,2023,Filme,1080p,4,True,114,61
a-rocha,A Rocha,1996,Filme,1080p,3,True,103,50
a-roda-do-tempo-1a-temporada,A Roda do Tempo 1ª Temporada,2021,Série,1080p,0,True,124,71
a-roda-do-tempo-2a-temporada,A Roda do Tempo 2ª Temporada,2023,Série,1080p,0,True,124,71
a-roda-do-tempo-3a-temporada,A Roda do Tempo 3ª Temporada,2025,Série,1080p,0,True,124,71
a-sala-dos-professores,A Sala dos Professores,2023,Filme,1080p,2,True,118,65
a-seita,A Seita,2024,Filme,1080p,2,True,103,50
a-semeadura,A Semeadura,2024,Filme,1080p,2,False,107,54
a-semente-do-fruto-sagrado,A Semente do Fruto Sagrado,2024,Filme,1080p,3,True,122,69
a-semente-do-mal,A Semente do Mal,2024,Filme,1080p,2,True,112,59
a-senha-swordfish,A Senha: Swordfish,2001,Filme,1080p,3,True,114,61
a-senhora-davis-1a-temporada,A Senhora Davis 1ª Temporada,2023,Série,1080p,0,True,124,71
a-sociedade-norte-americana-dos-negros-magicos,A Sociedade Norte-Americana dos Negros Mágicos,2024,Filme,1080p,2,True,142,89
a-sociedade-da-neve,A Sociedade da Neve,2024,Filme,1080p,2,True,115,62
a-sociedade-da-neve-2,A Sociedade da Neve,2024,Filme,1080p,3,True,115,62
a-sogra-perfeita-2,A Sogra Perfeita 2,2025,Filme,1080p,1,True,114,61
a-sombra,A Sombra,2024,Filme,1080p,4,True,104,51
a-sombra-do-comandante,A Sombra do Comandante,2024,Filme,1080p,3,True,118,65
a-sombra-do-mal,A Sombra do Mal,2023,Filme,1080p,2,True,111,58
a-sombra-do-medo,A Sombra do Medo,2026,Filme,1080p,2,True,112,59
a-sombra-do-perigo,A Sombra do Perigo,2025,Filme,1080p,4,True,114,61
a-star-brighter-than-the-sun-1a-temporada,A Star Brighter than the Sun 1ª Temporada,2025,Série,1080p,0,True,137,84
a-substituta,A Substituta,2022,Filme,1080p,2,True,108,55
a-substancia,A Substância,2024,Filme,1080p,3,True,108,55
a-supremacia-bourne,A Supremacia Bourne,2004,Filme,1080p,4,True,115,62
a-sindrome,A Síndrome,2023,Filme,1080p,1,True,106,53
a-teia,A Teia,2024,Filme,1080p,3,True,102,49
a-tentacao,A Tentação,2022,Filme,1080p,1,True,106,53
a-terra-sobrevive-1a-temporada,A Terra Sobrevive 1ª Temporada,2024,Série,1080p,1,True,126,73
a-torre-negra,A Torre Negra,2017,Filme,1080p,3,True,109,56
a-trilha,A Trilha,2009,Filme,1080p,3,True,104,51
a-trilha-sonora-dos-dezesseis,A Trilha Sonora dos Dezesseis,2020,Filme,1080p,2,True,125,72
a-trindade-profana,A Trindade Profana,2025,Filme,1080p,3,True,114,61
a-tripulacao,A Tripulação,2024,Filme,1080p,2,True,108,55
a-turma-da-floresta-2-ao-redor-do-mundo,A Turma da Floresta 2: Ao Redor do Mundo,2023,Filme,1080p,4,True,136,83
a-verdade-sobre-jussie-smollett,A Verdade sobre Jussie Smollett?,2025,Filme,1080p,1,True,128,75
a-verdadeira-dor,A Verdadeira Dor,2024,Filme,1080p,2,True,112,59
a-vespa,A Vespa,2024,Filme,1080p,2,True,103,50
a-viagem-de-ernesto-e-celestine,A Viagem de Ernesto e Celestine,2022,Filme,1080p,3,True,127,74
a-viagem-de-nossas-vidas,A Viagem de Nossas Vidas,2020,Filme,1080p,2,True,120,67
a-viagem-de-pedro,A Viagem de Pedro,2022,Filme,1080p,2,True,113,60
a-viagem-do-divorcio,A Viagem do Divórcio,2023,Filme,1080p,3,True,116,63
a-vida-depois-de-voce,A Vida Depois de Você,2022,Filme,1080p,1,True,117,64
a-vida-secreta-dos-orangotangos,A Vida Secreta dos Orangotangos,2024,Filme,1080p,1,True,127,74
a-vida-da-outra,A Vida da Outra,2022,Filme,1080p,3,True,111,58
a-vida-de-chuck,A Vida de Chuck,2025,Filme,1080p,2,True,111,58
a-vida-e-um-banquete,A Vida é um Banquete,2024,Filme,1080p,2,True,116,63
a-vigia,A Vigia,2022,Filme,1080p,2,True,103,50
a-vigilante-do-amanha-ghost-in-the-shell,A Vigilante do Amanhã: Ghost in the Shell,2017,Filme,1080p,3,True,137,84
a-vila-das-nove,A Vilã das Nove,2024,Filme,1080p,2,True,111,58
a-vinganca-esta-servida,A Vingança Está Servida,2023,Filme,1080p,1,True,119,66
a-vinganca-nao-e-um-jogo,A Vingança Não é um Jogo,2024,Filme,1080p,3,True,120,67
a-vinganca-da-chorona,A Vingança da Chorona,2022,Filme,1080p,2,True,117,64
a-vinganca-de-cinderela,A Vingança de Cinderela,2024,Filme,1080p,2,True,119,66
a-vinganca-de-jack,A Vingança de Jack,2023,Filme,1080p,3,True,114,61
a-vinganca-de-john-henry,A Vingança de John Henry,2020,Filme,1080p,2,True,120,67
evie,Evie,2025,Filme,1080p,1,True,100,47
a-virgem-vermelha,A Virgem Vermelha,2024,Filme,1080p,3,True,113,60
a-virgem-da-pedreira,A Virgem da Pedreira,2026,Filme,1080p,3,True,116,63
a-visita,A Visita,2015,Filme,1080p,3,True,104,51
a-vizinha-perfeita,A Vizinha Perfeita,2025,Filme,1080p,3,True,114,61
a-viuva-clicquot-a-mulher-que-formou-um-imperio,A Viúva Clicquot – A Mulher que Formou um Império,2024,Filme,1080p,1,True,145,92
a-voz-das-sombras,A Voz das Sombras,2024,Filme,1080p,3,True,113,60
a-voz-de-hind-rajab,A Voz de Hind Rajab,2025,Filme,1080p,2,True,115,62
a-vitima-invisivel-o-caso-eliza-samudio,A Vítima Invisível: O Caso Eliza Samudio,2024,Filme,1080p,3,True,136,83
a-ultima-ameaca,A Última Ameaça,1996,Filme,1080p,2,True,111,58
a-ultima-aventura-nos-bastidores-de-stranger-things-5,A Última Aventura: Nos Bastidores de Stranger Things 5,2026,Filme,1080p,1,True,150,97
a-ultima-cartada,A Última Cartada,2006,Filme,1080p,3,True,112,59
a-ultima-cacada,A Última Caçada,2022,Filme,1080p,1,True,111,58
a-ultima-esperanca-da-terra,A Última Esperança da Terra,2022,Filme,1080p,3,True,123,70
a-ultima-fronteira-1a-temporada,A Última Fronteira 1ª Temporada,2025,Série,1080p,0,True,127,74
a-ultima-invocacao,A Última Invocação,2023,Filme,1080p,2,True,114,61
a-ultima-jornada-de-paul-w-r,A Última Jornada de Paul W.R.,2021,Filme,1080p,2,True,125,72
a-ultima-missao,A Última Missão,2025,Filme,1080p,3,True,111,58
a-ultima-noite,A Última Noite,2021,Filme,1080p,2,True,110,57
a-ultima-onca-negra,A Última Onça Negra,2024,Filme,1080p,2,True,115,62
a-ultima-parada-no-arizona,A Última Parada no Arizona,2024,Filme,1080p,2,True,122,69
a-ultima-sessao-de-freud,A Última Sessão de Freud,2023,Filme,1080p,1,True,120,67
a-ultima-showgirl,A Última Showgirl,2025,Filme,1080p,2,True,113,60
a-ultima-vinganca,A Última Vingança,2024,Filme,1080p,2,True,113,60
a-unica-sobrevivente,A Única Sobrevivente,2022,Filme,1080p,3,True,116,63
abaixo-da-superficie,Abaixo da Superfície,2022,Filme,1080p,2,True,116,63
abducao,Abdução,2025,Filme,1080p,1,True,103,50
abiding,Abiding,2022,Filme,1080p,3,True,103,50
abigail,Abigail,2024,Filme,1080p,2,True,103,50
abismo-do-medo,Abismo do Medo,2005,Filme,1080p,2,True,110,57
abismo-do-medo-2,Abismo do Medo 2,2009,Filme,1080p,3,True,112,59
abraham-lincoln-cacador-de-vampiros,Abraham Lincoln: Caçador de Vampiros,2012,Filme,1080p,3,True,132,79
abraco-de-mae,Abraço de Mãe,2024,Filme,1080p,2,True,109,56
aba-e-sua-banda,Abá e Sua Banda,2025,Filme,1080p,2,True,111,58
academia-de-viloes,Academia de Vilões,2025,Filme,1080p,1,True,114,61
acampamento-com-a-mamae,Acampamento com a Mamãe,2024,Filme,1080p,2,True,119,66
acampamento-com-as-amigas,Acampamento com as Amigas,2024,Filme,1080p,1,True,121,68
achados-nao-procurados,Achados Não Procurados,2021,Filme,1080p,1,True,118,65
acima-das-linhas-inimigas,Acima das Linhas Inimigas,2022,Filme,1080p,2,True,121,68
acima-de-qualquer-suspeita-1a-temporada,Acima de Qualquer Suspeita 1ª Temporada,2024,Série,1080p,0,True,135,82
acompanhante-fatal,Acompanhante Fatal,2023,Filme,1080p,2,True,114,61
acompanhante-perfeita,Acompanhante Perfeita,2025,Filme,1080p,3,True,117,64
acompanhante-de-luxo,Acompanhante de Luxo,2023,Filme,1080p,1,True,116,63
acordando-o-diabo,Acordando o Diabo,2021,Filme,1080p,2,True,113,60
acordo-com-o-diabo,Acordo com o Diabo,2023,Filme,1080p,3,True,114,61
acrescente-amor,Acrescente Amor,2022,Filme,1080p,2,True,111,58
ad-vitam,Ad Vitam,2025,Filme,1080p,4,True,104,51
adeus-june,"Adeus, June",2025,Filme,1080p,1,True,107,54
adeus-paris,"Adeus, Paris",2022,Filme,1080p,1,True,108,55
adolescencia-1a-temporada,Adolescência 1ª Temporada,2025,Série,1080p,0,True,121,68
adoraveis-mulheres,Adoráveis Mulheres,2019,Filme,1080p,3,True,114,61
adao-eva,Adão & Eva,2024,Filme,1080p,3,True,106,53
afraid,Afraid,2024,Filme,1080p,4,True,102,49
agatha-desde-sempre-1a-temporada,Agatha Desde Sempre 1ª Temporada,2024,Série,1080p,0,True,128,75
agente-butterfly-1a-temporada,Agente Butterfly 1ª Temporada,2025,Série,1080p,0,True,125,72
agente-z-misterio-no-zoo,Agente Z: Mistério no Zoo,2020,Filme,1080p,2,True,121,68
agente-zeta,Agente Zeta,2026,Filme,1080p,2,True,107,54
agente-das-sombras,Agente das Sombras,2022,Filme,1080p,2,True,114,61
agreste,Agreste,2024,Filme,1080p,1,True,103,50
ah-a-amizade,"Ah, a Amizade…",2026,Filme,1080p,2,True,110,57
aileen-a-historia-de-uma-serial-killer,Aileen: A História de uma Serial Killer,2025,Filme,1080p,2,True,135,82
ainda-estou-aqui,Ainda Estou Aqui,2024,Filme,1080p,2,True,112,59
ainda-somos-os-mesmos,Ainda Somos os Mesmos,2024,Filme,1080p,2,True,117,64
ainda-sou-uma-superstar,Ainda Sou uma Superstar,2025,Filme,1080p,2,True,119,66
ajin-semi-humano,Ajin: Semi-Humano,2017,Filme,1080p,3,True,113,60
alarme-de-incendio,Alarme de Incêndio,2024,Filme,1080p,2,True,114,61
alarme-de-incendio-abaixo-da-terra,Alarme de Incêndio: Abaixo da Terra,2026,Filme,1080p,3,True,131,78
aldeia-dos-sussurros,Aldeia dos Sussurros,2022,Filme,1080p,3,True,116,63
aldeotas,Aldeotas,2022,Filme,1080p,2,True,104,51
alegria,Alegria,2021,Filme,1080p,1,True,103,50
alert-missing-persons-unit-1a-temporada,Alert: Missing Persons Unit 1ª Temporada,2023,Série,1080p,0,True,136,83
alert-missing-persons-unit-2a-temporada,Alert: Missing Persons Unit 2ª Temporada,2024,Série,1080p,0,True,136,83
alert-missing-persons-unit-3a-temporada,Alert: Missing Persons Unit 3ª Temporada,2025,Série,1080p,0,True,136,83
alerta-maximo,Alerta Máximo,2023,Filme,1080p,1,True,109,56
alexandre-e-a-viagem-terrivel-horrivel-espantosa-e-horrorosa,"Alexandre e a Viagem Terrível, Horrível, Espantosa e Horrorosa",2025,Filme,1080p,2,True,158,105
algea-deus-da-dor,Algea: Deus da Dor,2024,Filme,1080p,3,True,114,61
algo-sobre-amor,Algo Sobre Amor,2021,Filme,1080p,2,True,111,58
algum-lugar-especial,Algum Lugar Especial,2020,Filme,1080p,2,True,116,63
alguem-especial-como-voce,Alguém Especial como Você,2025,Filme,1080p,2,True,121,68
alibi-com-2,Alibi.com 2,2023,Filme,1080p,2,True,107,54
alice-subservience,Alice (Subservience),2024,Filme,1080p,3,True,116,63
alice-junior,Alice Júnior,2020,Filme,1080p,3,True,108,55
alice-in-borderland-1a-temporada,Alice in Borderland 1ª Temporada,2020,Série,1080p,0,True,128,75
alice-in-borderland-2a-temporada,Alice in Borderland 2ª Temporada,2022,Série,1080p,0,True,128,75
alice-in-borderland-3a-temporada,Alice in Borderland 3ª Temporada,2025,Série,1080p,0,True,128,75
alice-to-therese-no-maboroshi-kojo,Alice to Therese no Maboroshi Kôjô,2023,Filme,1080p,4,True,130,77
alien-3,Alien 3,1992,Filme,1080p,3,True,103,50
alien-vs-predador,Alien vs. Predador,2004,Filme,1080p,3,True,114,61
alien-vs-predador-2,Alien vs. Predador 2,2007,Filme,1080p,3,True,116,63
alien-a-ressurreicao,Alien: A Ressurreição,1997,Filme,1080p,3,True,117,64
alien-covenant,Alien: Covenant,2017,Filme,1080p,3,True,111,58
alien-earth-1a-temporada,Alien: Earth 1ª Temporada,2025,Série,1080p,0,True,121,68
alien-o-oitavo-passageiro,Alien: O Oitavo Passageiro,1979,Filme,1080p,4,True,122,69
alien-romulus,Alien: Romulus,2024,Filme,1080p,3,True,110,57
alienoid,Alienoid,2022,Filme,1080p,4,True,104,51
alienoid-the-return-to-the-future,Alienoid: The Return to the Future,2024,Filme,1080p,4,True,130,77
aliens-o-resgate,Aliens: O Resgate,1986,Filme,1080p,3,True,113,60
alienigena,Alienígena,2024,Filme,1080p,1,True,106,53
alita-anjo-de-combate,Alita: Anjo de Combate,2019,Filme,1080p,3,True,118,65
all-her-fault-1a-temporada,All Her Fault 1ª Temporada,2025,Série,1080p,0,True,122,69
all-the-lost-ones,All the Lost Ones,2024,Filme,1080p,4,True,113,60
alma-perdida,Alma Perdida,2009,Filme,1080p,3,True,108,55
alma-em-chamas,Alma em chamas,2025,Filme,1080p,1,True,110,57
alpinistas-sociais,Alpinistas Sociais,2025,Filme,1080p,2,True,114,61
altered,Altered,2025,Filme,1080p,2,True,103,50
alvo-primario-1a-temporada,Alvo Primário 1ª Temporada,2025,Série,1080p,0,True,122,69
alvo-da-mafia,Alvo da Máfia,2025,Filme,1080p,2,True,109,56
alem-da-existencia,Além da Existência,2022,Filme,1080p,2,True,114,61
alem-do-tempo,Além do Tempo,2022,Filme,1080p,1,True,109,56
alem-dos-limites-da-morte,Além dos Limites da Morte,2024,Filme,1080p,3,True,121,68
alem-mundo,Além-mundo,2024,Filme,1080p,2,True,106,53
amada-e-ultrajada-o-exercito-na-historia-do-brasil-1a-temporada,Amada e Ultrajada: O Exército na História do Brasil 1ª Temporada,2024,Série,1080p,0,True,158,107
amaldicoada-2-o-ritual,Amaldiçoada 2: O Ritual,2020,Filme,1080p,1,True,119,66
amaldicoada-3-o-amuleto,Amaldiçoada 3 - O Amuleto,2023,Filme,1080p,1,False,121,68
amaldicoada-direto-do-tumulo,Amaldiçoada - Direto do Túmulo,2019,Filme,1080p,1,True,126,73
amanda,Amanda,2022,Filme,1080p,1,True,102,49
amanhecer-sangrento,Amanhecer Sangrento,2025,Filme,1080p,4,True,115,62
amante-stalker-e-mortal,"Amante, Stalker e Mortal",2024,Filme,1080p,2,True,120,67
amber-alert,Amber Alert,2024,Filme,1080p,1,True,107,54
ameaca-dupla,Ameaça Dupla,2023,Filme,1080p,2,True,108,55
ameaca-mutante,Ameaça Mutante,2021,Filme,1080p,1,True,110,57
ameaca-no-ar,Ameaça no Ar,2025,Filme,1080p,3,True,108,55
america-the-motion-picture,America: The Motion Picture,2021,Filme,1080p,4,True,123,70
american-dream-um-reality-sangrento,American Dream - Um Reality Sangrento,2021,Filme,1080p,2,True,133,80
american-horror-stories-1a-temporada,American Horror Stories 1ª Temporada,2021,Série,1080p,0,True,132,79
american-horror-stories-2a-temporada,American Horror Stories 2ª Temporada,2022,Série,1080p,0,True,132,79
american-horror-stories-3a-temporada,American Horror Stories 3ª Temporada,2023,Série,1080p,0,True,132,79
americana,Americana,2025,Filme,1080p,4,True,105,52
americana-2,Americana,2025,Filme,1080p,3,True,105,52
amigos-imaginarios,Amigos Imaginários,2024,Filme,1080p,3,True,114,61
amigos-sem-compromisso,Amigos Sem Compromisso,2024,Filme,1080p,2,True,118,65
amigos-para-sempre,Amigos para Sempre,2019,Filme,,1,True,97,61
amistad,Amistad,1997,Filme,1080p,3,True,103,50
amizade-toxica,Amizade Tóxica,2025,Filme,1080p,1,True,110,57
amor-vinganca,Amor & Vingança,2023,Filme,1080p,2,True,111,58
amor-alem-do-tempo,Amor Além do Tempo,2024,Filme,1080p,2,True,114,61
amor-assombrado,Amor Assombrado,2019,Filme,1080p,1,True,111,58
amor-bandido-2,Amor Bandido,2025,Filme,1080p,4,True,108,55
amor-demais,Amor Demais,2026,Filme,1080p,2,True,107,54
amor-demi-sec-2,Amor Demi-Sec 2,2025,Filme,1080p,2,True,111,58
amor-enrolado,Amor Enrolado,2025,Filme,1080p,3,True,109,56
amor-platonico-1a-temporada,Amor Platônico 1ª Temporada,2023,Série,1080p,0,True,123,70
amor-platonico-2a-temporada,Amor Platônico 2ª Temporada,2025,Série,1080p,0,True,123,70
amor-proibido,Amor Proibido,2020,Filme,1080p,1,True,109,56
amor-sob-suspeita,Amor Sob Suspeita,2023,Filme,1080p,3,True,113,60
amor-verdadeiro,Amor Verdadeiro,2023,Filme,1080p,2,True,111,58
amor-a-39-graus,Amor a 39 Graus,2024,Filme,1080p,3,True,111,58
amor-a-sangue-frio,Amor a Sangue Frio,2021,Filme,1080p,3,True,114,61
amor-da-minha-vida-1a-temporada,Amor da Minha Vida 1ª Temporada,2024,Série,1080p,0,True,127,74
amor-de-aluguel,Amor de Aluguel,2003,Filme,1080p,4,True,111,58
amor-de-ano-novo,Amor de Ano Novo,2024,Filme,1080p,2,True,112,59
amor-de-hanukkah,Amor de Hanukkah,2022,Filme,1080p,4,True,112,59
amor-e-batatas-1a-temporada,Amor e Batatas 1ª Temporada,2025,Série,1080p,0,True,123,70
amor-e-liberdade,Amor e Liberdade,2018,Filme,1080p,3,True,112,59
amor-e-preconceito,Amor e Preconceito,2022,Filme,1080p,1,True,114,61
amor-e-vinho,Amor e Vinho,2025,Filme,1080p,2,True,108,55
amor-em-cena,Amor em Cena,2022,Filme,1080p,1,True,108,55
amor-a-venda,Amor à Venda,2021,Filme,1080p,1,True,108,55
amores-materialistas,Amores Materialistas,2025,Filme,1080p,3,True,116,63
amores-solitarios,Amores Solitários,2024,Filme,1080p,2,True,113,60
amores-a-parte,Amores à Parte,2025,Filme,1080p,1,True,110,57
amsterdam,Amsterdam,2022,Filme,1080p,3,True,105,52
anaconda,Anaconda,2025,Filme,1080p,3,True,104,51
anaconda-colecao,Anaconda – Coleção,1997,Filme,1080p,1,True,114,61
anatomia-de-uma-queda,Anatomia de uma Queda,2023,Filme,1080p,3,True,117,64
and-mrs,And Mrs,2024,Filme,1080p,1,True,103,50
animais-perigosos,Animais Perigosos,2025,Filme,1080p,2,True,113,60
anjo-negro,Anjo Negro,2024,Filme,1080p,1,True,106,53
anjos-caidos-guerreiros-da-paz,Anjos Caídos & Guerreiros da Paz,2024,Filme,1080p,4,True,128,75
anjos-do-desierto,Anjos Do Desierto,2024,Filme,1080p,3,True,113,60
anjos-e-demonios,Anjos e Demônios,2009,Filme,1080p,2,True,112,59
anna-o-perigo-tem-nome,Anna: O Perigo Tem Nome,2019,Filme,1080p,3,True,119,66
annabelle,Annabelle,2014,Filme,1080p,1,True,105,52
annabelle-2-a-criacao-do-mal,Annabelle 2: A Criação do Mal,2017,Filme,1080p,1,True,125,72
annabelle-3-de-volta-para-casa,Annabelle 3: De Volta para Casa,2019,Filme,1080p,1,True,127,74
anne-rice-s-mayfair-witches-1a-temporada,Anne Rice's Mayfair Witches 1ª Temporada,2023,Série,1080p,0,True,136,83
anne-rice-s-mayfair-witches-2a-temporada,Anne Rice's Mayfair Witches 2ª Temporada,2025,Série,1080p,0,True,136,83
ano-novo-morte-nova,"Ano Novo, Morte Nova",2018,Filme,1080p,2,True,116,63
anora,Anora,2024,Filme,1080p,4,True,101,48
antares-de-la-luz-uma-seita-apocaliptica,Antares de la Luz: Uma Seita Apocalíptica,2024,Filme,1080p,1,True,137,84
antes-que-eu-mude-de-ideia,Antes Que Eu Mude de Ideia,2024,Filme,1080p,3,True,122,69
antes-da-dinastia,Antes da Dinastia,2023,Filme,1080p,2,True,113,60
antes-da-lua-cheia,Antes da Lua Cheia,2025,Filme,1080p,2,True,114,61
antes-do-fim-do-mundo,Antes do Fim do Mundo,2025,Filme,1080p,3,True,117,64
antes-que-termine-o-dia,Antes que Termine o Dia,2004,Filme,1080p,3,True,119,66
anticristo-o-exorcismo-de-lara,"Anticristo, O Exorcismo de Lara",2023,Filme,1080p,2,True,127,74
antrum-a-cova-do-demonio,Antrum – A Cova do Demônio,2018,Filme,1080p,1,True,122,69
anuja,Anuja,2024,Filme,1080p,1,True,101,48
anonimo,Anônimo,2021,Filme,1080p,2,True,103,50
anonimo-2,Anônimo 2,2025,Filme,1080p,4,True,105,52
aos-nossos-filhos,Aos Nossos Filhos,2022,Filme,1080p,1,True,113,60
apaixonada,Apaixonada,2024,Filme,1080p,2,True,106,53
apartamento-7a,Apartamento 7A,2024,Filme,1080p,2,True,110,57
apenas-amigos,Apenas Amigos,2018,Filme,1080p,3,True,109,56
apenas-corra,Apenas Corra,2023,Filme,1080p,2,True,108,55
apenas-um-olhar-1a-temporada,Apenas um Olhar 1ª Temporada,2025,Série,1080p,0,True,124,71
apesar-de,"Apesar de,",2025,Filme,1080p,1,True,106,53
apocalipse-z-o-principio-do-fim,Apocalipse Z - O Princípio do Fim,2024,Filme,1080p,3,True,129,76
apocalipse-nos-tropicos,Apocalipse nos Trópicos,2025,Filme,1080p,1,True,119,66
apollo-13-sobrevivendo-no-espaco,Apollo 13: Sobrevivendo no Espaço,2024,Filme,1080p,2,True,129,76
aporia,Aporia,2023,Filme,1080p,2,True,102,49
aposentados-e-curiosos,Aposentados e Curiosos,2023,Filme,1080p,3,True,118,65
aprendendo-a-ser-pai,Aprendendo a Ser Pai,2021,Filme,1080p,1,True,116,63
aprendiz-de-espia-na-cidade-eterna,Aprendiz de Espiã: Na Cidade Eterna,2024,Filme,1080p,2,True,131,78
aquaman,Aquaman,2019,Filme,1080p,3,True,103,50
aquaman-2-o-reino-perdido,Aquaman 2: O Reino Perdido,2024,Filme,1080p,4,True,122,69
aquelas-que-voces-nao-queimaram,Aquelas que Vocês Não Queimaram,2022,Filme,1080p,1,True,127,74
aquele-natal,Aquele Natal,2024,Filme,1080p,4,True,108,55
aqueles-prestes-a-morrer-1a-temporada,Aqueles Prestes a Morrer 1ª Temporada,2024,Série,1080p,0,True,133,80
aqueles-que-me-desejam-a-morte,Aqueles Que Me Desejam a Morte,2021,Filme,1080p,2,True,126,73
aqueles-que-se-vao,Aqueles Que Se Vão,2022,Filme,1080p,2,True,114,61
aqui,Aqui,2024,Filme,1080p,2,True,100,47
aquilo-que-voce-deseja,Aquilo que Você Deseja,2024,Filme,1080p,2,True,118,65
arca-de-noe,Arca de Noé,2024,Filme,1080p,3,True,107,54
arcane-1a-temporada,Arcane 1ª Temporada,2021,Série,1080p,0,True,115,62
arcane-2a-temporada,Arcane 2ª Temporada,2024,Série,1080p,0,True,115,62
arcanjo-renegado-1a-temporada,Arcanjo Renegado 1ª Temporada,2020,Série,1080p,0,True,125,72
arcanjo-renegado-2a-temporada,Arcanjo Renegado 2ª Temporada,2022,Série,1080p,0,True,125,72
arcanjo-renegado-3a-temporada,Arcanjo Renegado 3ª Temporada,2024,Série,1080p,1,True,125,72
arcanjo-renegado-4a-temporada,Arcanjo Renegado 4ª Temporada,2025,Série,1080p,0,True,125,72
ardente-paciencia,Ardente Paciência,2022,Filme,1080p,3,True,113,60
arena-mortal,Arena Mortal,2024,Filme,1080p,4,True,108,55
argylle-o-superespiao,Argylle: O Superespião,2024,Filme,1080p,2,True,118,65
armadilha,Armadilha,2024,Filme,1080p,2,True,105,52
armadilha-em-alto-mar,Armadilha em Alto Mar,2024,Filme,1080p,2,True,117,64
armadilhas-do-amor,Armadilhas do Amor,2022,Filme,1080p,2,True,114,61
armageddon,Armageddon,1998,Filme,1080p,4,True,106,53
armand,Armand,2024,Filme,1080p,2,True,102,49
armas-em-jogo,Armas em Jogo,2020,Filme,1080p,4,True,109,56
arraste-me-para-o-inferno,Arraste-me Para o Inferno,2009,Filme,1080p,2,True,121,68
arrebentando-em-nova-york,Arrebentando em Nova York,1995,Filme,1080p,4,True,121,68
art-attack-the-dissection-of-terrifier-3,Art Attack! The Dissection of Terrifier 3,2025,Filme,1080p,1,True,137,84
ary-toledo-ce-senta,Ary Toledo: Cê Senta,2024,Filme,1080p,1,True,116,63
as-agentes-355,As Agentes 355,2022,Filme,1080p,3,True,110,57
as-aventuras-sexuais-de-um-casal-em-crise,As Aventuras Sexuais de um Casal em Crise,2023,Filme,1080p,3,True,137,84
as-aventuras-de-jack-mimoun,As Aventuras de Jack Mimoun,2022,Filme,1080p,2,True,123,70
as-aventuras-de-lady-marian,As Aventuras de Lady Marian,2022,Filme,1080p,1,True,123,70
as-aventuras-de-porco-e-amendoim,As Aventuras de Porco e Amendoim,2022,Filme,1080p,1,True,128,75
as-bonecas-do-crime,As Bonecas do Crime,2019,Filme,1080p,2,True,115,62
as-branquelas,As Branquelas,2004,Filme,1080p,2,True,109,56
as-coisas-serao-diferentes,As Coisas Serão Diferentes,2024,Filme,1080p,3,True,122,69
as-cores-do-mal-vermelho,As Cores do Mal: Vermelho,2024,Filme,1080p,3,True,121,68
as-criancas-perdidas,As Crianças Perdidas,2024,Filme,1080p,1,True,116,63
as-duas-faces-de-um-crime,As Duas Faces de um Crime,1996,Filme,1080p,4,True,121,68
as-fora-da-lei,As Fora da Lei,2019,Filme,1080p,2,True,110,57
as-ferias-assustadoras-de-nelly-rapp,As Férias Assustadoras de Nelly Rapp,2020,Filme,1080p,3,True,132,79
as-garotas-do-onibus-jornalistas-de-campanha,As Garotas do Ônibus: Jornalistas de Campanha,2024,Série,1080p,0,True,141,88
as-irmas-macaluso,As Irmãs Macaluso,2020,Filme,1080p,1,True,113,60
as-loucuras,As Loucuras,2025,Filme,1080p,1,False,107,54
as-marvels,As Marvels,2023,Filme,,3,True,89,53
as-melhores-semanas-da-minha-vida,As Melhores Semanas da Minha Vida,2023,Filme,1080p,1,True,129,76
as-mentiras-do-meu-baba,As Mentiras do Meu Babá,2024,Filme,1080p,1,True,119,66
as-polacas,As Polacas,2024,Filme,1080p,1,True,106,53
as-quatro-estacoes-do-amor,As Quatro Estações do Amor,2024,Filme,1080p,3,True,122,69
as-sete-faces-de-jane,As Sete Faces de Jane,2023,Filme,1080p,1,True,117,64
as-tias,As Tias,2024,Filme,1080p,1,True,103,50
as-tres-filhas,As Três Filhas,2024,Filme,1080p,1,True,110,57
as-vigilantes,As Vigilantes,2022,Filme,1080p,3,True,109,56
as-orfas-da-rainha,As Órfãs da Rainha,2023,Filme,1080p,2,True,114,61
asas-da-esperanca,Asas da Esperança,2021,Filme,1080p,1,True,113,60
ash,Ash,2025,Filme,1080p,3,True,99,46
assalto-brutal,Assalto Brutal,2024,Filme,1080p,2,True,110,57
assalto-ao-banco-central,Assalto ao Banco Central,2011,Filme,1080p,3,True,120,67
assalto-ao-banco-da-espanha,Assalto ao Banco da Espanha,2021,Filme,1080p,3,True,123,70
assassinato-de-elite,Assassinato de Elite,2024,Filme,1080p,3,True,116,63
assassinato-em-monaco,Assassinato em Mônaco,2025,Filme,1080p,2,True,117,64
assassinato-no-expresso-do-oriente,Assassinato no Expresso do Oriente,2017,Filme,1080p,3,True,130,77
assassino,Assassino,2023,Filme,1080p,4,True,105,52
assassino-profissional,Assassino Profissional,2024,Filme,1080p,2,True,118,65
assassino-zen-1a-temporada,Assassino Zen 1ª Temporada,2024,Série,1080p,0,True,122,69
assassino-a-preco-fixo-2-a-ressurreicao,Assassino a Preço Fixo 2 - A Ressurreição,2016,Filme,1080p,3,True,137,84
assassino-de-sangue,Assassino de Sangue,2024,Filme,1080p,2,True,115,62
assassino-por-acaso,Assassino por Acaso,2024,Filme,1080p,3,True,115,62
assassino-a-preco-fixo,Assassino à Preço Fixo,2011,Filme,1080p,3,True,118,65
assassinos-sadicos,Assassinos Sádicos,2020,Filme,1080p,1,True,114,61
assassinos-sadicos-2-irmaos-famintos,Assassinos Sádicos 2: Irmãos Famintos,2024,Filme,1080p,1,True,133,80
assassinos-sadicos-3-carnificina,Assassinos Sádicos 3: Carnificina,2024,Filme,1080p,1,True,129,76
assim-e-a-vida,Assim é a Vida,2020,Filme,1080p,1,True,110,57
assimilados-os-novos-invasores-de-corpos,Assimilados – Os Novos Invasores de Corpos,2019,Filme,1080p,3,True,138,85
asterix-e-obelix-o-combate-dos-chefes-1a-temporada,Asterix e Obelix: O Combate dos Chefes 1ª Temporada,2025,Série,1080p,0,True,147,94
astronauta-1a-temporada,Astronauta 1ª Temporada,2024,Série,1080p,0,True,119,66
ataque-13,Ataque 13,2025,Filme,1080p,2,True,105,52
ataque-terrorista,Ataque Terrorista,2021,Filme,1080p,2,True,113,60
ataque-a-cabana,Ataque à Cabana,2021,Filme,1080p,3,True,111,58
atentado-em-oklahoma-terror-nos-eua,Atentado em Oklahoma: Terror nos EUA,2025,Filme,1080p,2,True,132,79
athena,Athena,2022,Filme,1080p,4,True,102,49
atirador,Atirador,2007,Filme,1080p,3,True,104,51
atirador-implacavel,Atirador Implacável,2024,Filme,1080p,3,True,115,62
atlas,Atlas,2024,Filme,1080p,3,True,101,48
atlas-king,Atlas King,2026,Filme,1080p,1,True,106,53
atleta-de-69-anos,Atleta de 69 Anos,2024,Filme,1080p,2,True,113,60
atomic-1a-temporada,Atomic 1ª Temporada,2025,Série,1080p,1,True,115,62
atraves-da-minha-janela,Através da Minha Janela,2022,Filme,1080p,2,True,119,66
atraves-da-minha-janela-3-olhos-nos-olhos,Através da Minha Janela 3: Olhos nos Olhos,2024,Filme,1080p,2,True,138,85
atraves-da-minha-janela-alem-mar,Através da Minha Janela: Além-mar,2023,Filme,1080p,2,True,129,76
atraves-das-sombras,Através das Sombras,2024,Filme,1080p,3,True,115,62
atracao-perigosa,Atração Perigosa,2010,Filme,1080p,3,True,112,59
atraida-pelo-perigo,Atraída Pelo Perigo,1990,Filme,1080p,3,True,115,62
atrevida-a-paixao-nao-tem-regras,Atrevida: A Paixão Não Tem Regras,2023,Filme,1080p,1,True,129,76
attack-on-titan-o-ultimo-ataque,Attack on Titan: O ÚLTIMO ATAQUE,2024,Filme,1080p,5,True,128,75
ate-que-a-vida-nos-separe,Até Que a Vida Nos Separe,2023,Filme,1080p,2,True,121,68
ate-a-ultima-gota,Até a Última Gota,2025,Filme,1080p,2,True,113,60
ate-o-limite-da-honra,Até o Limite da Honra,1997,Filme,1080p,3,True,117,64
ate-o-ultimo-obstaculo,Até o Último Obstáculo,2023,Filme,1080p,2,True,118,65
ate-o-ultimo-samurai-1a-temporada,Até o Último Samurai 1ª Temporada,2025,Série,1080p,0,True,129,76
ate-que-a-morte-nos-separe,Até que a Morte Nos Separe,2023,Filme,1080p,3,True,122,69
audrey,Audrey,2024,Filme,1080p,2,True,102,49
aumenta-que-e-rocknroll,Aumenta que é Rock’n’Roll,2024,Filme,1080p,2,True,121,68
autoconfianca,Autoconfiança,2023,Filme,1080p,1,True,109,56
avalanche-do-amor,Avalanche do Amor,2022,Filme,1080p,2,True,113,60
avante-nos-bastidores-de-deadpool-wolverine,Avante: Nos Bastidores de Deadpool & Wolverine,2024,Filme,1080p,1,True,142,89
avassaladoras-2-0,Avassaladoras 2.0,2024,Filme,1080p,1,True,113,60
avenida-beira-mar,Avenida Beira-Mar,2024,Filme,1080p,1,True,113,60
avicii-meu-ultimo-show,Avicii: Meu Último Show,2024,Filme,1080p,1,True,119,66
azrael,Azrael,2024,Filme,1080p,2,True,102,49
b-side-for-taylor,B-Side: For Taylor,2024,Filme,1080p,1,True,114,61
b-o,B.O.,2019,Filme,1080p,1,True,100,47
beastars-o-lobo-bom-1a-temporada,BEASTARS - O Lobo Bom 1ª Temporada,2019,Série,1080p,0,True,130,77
beastars-o-lobo-bom-2a-temporada,BEASTARS - O Lobo Bom 2ª Temporada,2021,Série,1080p,0,True,130,77
beastars-o-lobo-bom-3a-temporada,BEASTARS - O Lobo Bom 3ª Temporada,2026,Série,1080p,0,True,130,77
bts-o-reencontro,BTS: O Reencontro,2026,Filme,1080p,2,True,113,60
baahubali-2-a-conclusao,Baahubali 2: A Conclusão,2017,Filme,1080p,3,True,120,67
baahubali-o-inicio,Baahubali: O Início,2015,Filme,1080p,2,True,115,62
baby,Baby,2025,Filme,1080p,2,True,100,47
baby-blue-assassino-em-serie,Baby Blue - Assassino em Série,2023,Filme,1080p,2,True,126,73
babygirl,Babygirl,2024,Filme,1080p,3,True,104,51
bad-boys-para-sempre,Bad Boys Para Sempre,2020,Filme,1080p,4,True,116,63
bad-boys-colecao,Bad Boys – Coleção,2024,Filme,1080p,1,True,114,61
bad-boys-ate-o-fim,Bad Boys: Até o Fim,2024,Filme,1080p,3,True,115,62
bad-candy,Bad Candy,2021,Filme,1080p,1,True,105,52
bad-monkey-1a-temporada,Bad Monkey 1ª Temporada,2024,Série,1080p,0,True,119,66
badh,Badh,2025,Filme,1080p,2,True,100,47
bagagem-de-risco,Bagagem de Risco,2024,Filme,1080p,3,True,112,59
baila-vini,"Baila, Vini",2025,Filme,1080p,2,True,107,54
bailarina-do-universo-de-john-wick,Bailarina - Do Universo de John Wick,2025,Filme,1080p,3,True,132,79
baki-hanma-x-kengan-ashura,Baki Hanma x Kengan Ashura,2024,Filme,1080p,2,True,122,69
baki-o-campeao,Baki - O Campeão,2020,Série,1080p,0,True,112,59
bala-perdida-3,Bala Perdida 3,2025,Filme,1080p,3,True,110,57
balada-de-um-jogador,Balada de um Jogador,2025,Filme,1080p,4,True,116,63
balestra,Balestra,2024,Filme,1080p,4,True,104,51
bandida-a-numero-um,Bandida: A Número Um,2024,Filme,1080p,2,True,116,63
bandido-o-rei-da-musica,Bandido: O Rei da Música,2021,Filme,1080p,2,True,120,67
bang-bang,Bang Bang,2025,Filme,1080p,1,True,105,52
banshee-1a-temporada,Banshee 1ª Temporada,2013,Série,1080p,0,True,116,63
banshee-2a-temporada,Banshee 2ª Temporada,2014,Série,1080p,0,True,116,63
banshee-3a-temporada,Banshee 3ª Temporada,2015,Série,1080p,0,True,116,63
banshee-4a-temporada,Banshee 4ª Temporada,2016,Série,1080p,0,True,116,63
baramulla,Baramulla,2025,Filme,1080p,1,True,105,52
barbie-e-teresa-receita-para-amizade,Barbie e Teresa: Receita Para Amizade,2025,Filme,1080p,1,True,133,80
bark-2,Bark,2024,Filme,1080p,1,True,100,47
barron-s-cove,Barron's Cove,2025,Filme,1080p,3,True,109,56
bat-familia-1a-temporada,Bat-Família 1ª Temporada,2025,Série,1080p,0,True,120,67
bata-antes-de-entrar,Bata Antes de Entrar,2015,Filme,1080p,2,True,116,63
batalha-aerea,Batalha Aérea,2023,Filme,1080p,1,True,109,56
batalha-dos-zumbis,Batalha dos Zumbis,2019,Filme,1080p,3,True,114,61
batalhao-6888,Batalhão 6888,2024,Filme,1080p,2,True,109,56
batman-azteca-choque-de-imperios,Batman Azteca: Choque de Impérios,2025,Filme,1080p,4,True,129,76
batman-ninja,Batman Ninja,2018,Filme,1080p,3,True,108,55
batman-ninja-vs-liga-da-yakuza,Batman Ninja vs. Liga da Yakuza,2025,Filme,1080p,2,True,127,74
batman-cruzado-encapuzado-1a-temporada,Batman: Cruzado Encapuzado 1ª Temporada,2024,Série,1080p,0,True,135,82
batman-silencio,Batman: Silêncio,2019,Filme,1080p,4,True,112,59
bau-um-artista-na-guerra,"Bau, Um Artista Na Guerra",2025,Filme,1080p,3,True,121,68
beanie,Beanie,2022,Filme,1080p,1,True,102,49
beating-hearts,Beating Hearts,2024,Filme,1080p,4,True,110,57
bebe-rena-1a-temporada,Bebê Rena 1ª Temporada,2024,Série,1080p,0,True,118,65
becoming-led-zeppelin,Becoming Led Zeppelin,2025,Filme,1080p,2,True,117,64
beekeeper-rede-de-vinganca,Beekeeper – Rede de Vingança,2024,Filme,1080p,3,True,124,71
beezel-a-devoradora-de-almas,Beezel - A Devoradora de Almas,2024,Filme,1080p,2,True,126,73
bel-air-1a-temporada,Bel-Air 1ª Temporada,2022,Série,1080p,0,True,116,63
bel-air-2a-temporada,Bel-Air 2ª Temporada,2023,Série,1080p,0,True,116,63
bel-air-3a-temporada,Bel-Air 3ª Temporada,2024,Série,1080p,0,True,116,63
bel-air-4a-temporada,Bel-Air 4ª Temporada,2025,Série,1080p,0,True,116,63
bela,Bela,2023,Filme,1080p,3,True,100,47
bela-maldicao,Bela Maldição,2021,Filme,1080p,2,True,109,56
beleza-avassaladora,Beleza Avassaladora,2021,Filme,1080p,3,True,115,62
beleza-avassaladora-2,Beleza Avassaladora 2,2024,Filme,1080p,2,True,117,64
beleza-fatal-1a-temporada,Beleza Fatal 1ª Temporada,2025,Série,1080p,1,True,121,68
belo-desastre-o-casamento,Belo Desastre: O Casamento,2024,Filme,1080p,3,True,122,69
belen,Belén,2025,Filme,1080p,1,True,101,48
bem-vindo-ao-crime,Bem-Vindo ao Crime,2020,Filme,1080p,3,True,114,61
bem-vindo-ao-circulo,Bem-Vindo ao Círculo,2020,Filme,1080p,1,True,116,63
bem-vindo-a-selva,Bem-vindo à Selva,2003,Filme,1080p,4,True,113,60
bem-vindo-a-tarzana,Bem-vindo à Tarzana,2021,Filme,1080p,1,True,115,62
besouro-azul,Besouro Azul,2023,Filme,1080p,4,True,108,55
better-call-saul-1a-temporada,Better Call Saul 1ª Temporada,2015,Série,1080p,0,True,125,72
better-call-saul-2a-temporada,Better Call Saul 2ª Temporada,2016,Série,1080p,0,True,125,72
better-call-saul-3a-temporada,Better Call Saul 3ª Temporada,2017,Série,1080p,0,True,125,72
better-call-saul-4a-temporada,Better Call Saul 4ª Temporada,2018,Série,1080p,0,True,125,72
better-call-saul-5a-temporada,Better Call Saul 5ª Temporada,2020,Série,1080p,0,True,125,72
better-call-saul-6a-temporada,Better Call Saul 6ª Temporada,2022,Série,1080p,0,True,125,72
better-man-a-historia-de-robbie-williams,Better Man - A História de Robbie Williams,2024,Filme,1080p,3,True,138,85
between-two-ferns-o-filme,Between Two Ferns: O Filme,2019,Filme,1080p,1,True,122,69
betania,Betânia,2025,Filme,1080p,1,True,103,50
beyblade-x-1a-temporada,Beyblade X 1ª Temporada,2025,Série,1080p,0,True,119,66
bibi,Bibi,2023,Filme,1080p,3,True,100,47
big-shot-treinador-de-elite-1a-temporada,Big Shot: Treinador de Elite 1ª Temporada,2021,Série,1080p,0,True,137,84
billy-boy,Billy Boy,2018,Filme,1080p,4,True,105,52
billy-the-kid-1a-temporada,Billy the Kid 1ª Temporada,2022,Série,1080p,0,True,122,69
billy-the-kid-2a-temporada,Billy the Kid 2ª Temporada,2023,Série,1080p,0,True,122,69
billy-the-kid-3a-temporada,Billy the Kid 3ª Temporada,2025,Série,1080p,0,True,122,69
biosfera,Biosfera,2023,Filme,1080p,3,True,104,51
bionicos,Biônicos,2024,Filme,1080p,3,True,104,51
black-clover-a-espada-do-rei-mago,Black Clover: A Espada do Rei Mago,2023,Filme,1080p,4,True,130,77
black-doves-1a-temporada,Black Doves 1ª Temporada,2024,Série,1080p,0,True,120,67
black-heat,Black Heat,2025,Filme,1080p,3,True,106,53
black-mirror-1a-temporada,Black Mirror 1ª Temporada,2011,Série,1080p,0,True,121,68
black-mirror-2a-temporada,Black Mirror 2ª Temporada,2013,Série,1080p,0,True,121,68
black-mirror-3a-temporada,Black Mirror 3ª Temporada,2016,Série,1080p,0,True,121,68
black-mirror-4a-temporada,Black Mirror 4ª Temporada,2017,Série,1080p,0,True,121,68
black-mirror-5a-temporada,Black Mirror 5ª Temporada,2019,Série,1080p,0,True,121,68
black-mirror-6a-temporada,Black Mirror 6ª Temporada,2023,Série,1080p,0,True,121,68
black-mirror-7a-temporada,Black Mirror 7ª Temporada,2025,Série,1080p,0,True,121,68
blade-runner-2049,Blade Runner 2049,2017,Filme,1080p,2,True,113,60
blade-runner-black-lotus-1a-temporada,Blade Runner: Black Lotus 1ª Temporada,2021,Série,1080p,0,True,134,81
blade-runner-o-cacador-de-androides,Blade Runner: O Caçador de Andróides,1982,Filme,1080p,4,True,132,79
blindado,Blindado,2024,Filme,1080p,4,True,104,51
blink,Blink,2024,Filme,1080p,1,True,101,48
blitz,Blitz,2024,Filme,1080p,2,True,101,48
bloat,Bloat,2025,Filme,1080p,1,True,101,48
blood-brothers-bara-naga,Blood Brothers: Bara Naga,2025,Filme,1080p,4,True,121,68
bloodshot,Bloodshot,2020,Filme,1080p,3,True,105,52
blue-box-1a-temporada,Blue Box 1ª Temporada,2025,Série,1080p,0,True,117,64
blue-lock-1a-temporada,Blue Lock 1ª Temporada,2022,Série,1080p,0,True,118,65
blue-moon,Blue Moon,2025,Filme,1080p,4,True,105,52
boa-menina,Boa Menina,2024,Filme,1080p,1,True,106,53
bob-burnquist-a-lenda-do-skate-1a-temporada,Bob Burnquist: A Lenda do Skate 1ª Temporada,2025,Série,1080p,0,True,140,87
bob-esponja-acampamento-do-terror,Bob Esponja: Acampamento do Terror,2024,Filme,1080p,1,True,130,77
bob-esponja-em-busca-da-calca-quadrada,Bob Esponja: Em Busca da Calça Quadrada,2025,Filme,1080p,4,True,135,82
bob-marley-one-love,Bob Marley: One Love,2024,Filme,1080p,2,True,116,63
boca-de-fumo,Boca de Fumo,2025,Filme,1080p,3,True,108,55
bogota-a-cidade-dos-sonhos-perdidos,Bogotá: A Cidade dos Sonhos Perdidos,2024,Filme,1080p,3,True,132,79
bohemian-rhapsody,Bohemian Rhapsody,2018,Filme,1080p,4,True,113,60
boliche-do-terror,Boliche do Terror,2024,Filme,1080p,3,True,113,60
bom-dia-sem-companhia,Bom Dia Sem Companhia,2023,Filme,1080p,3,True,117,64
bom-menino,Bom Menino,2025,Filme,1080p,2,True,106,53
bone-lake-jogo-de-mentiras,Bone Lake: Jogo de mentiras,2025,Filme,1080p,3,True,123,70
bono-historias-de-surrender,"Bono: Histórias de ""Surrender",2025,Filme,1080p,2,True,125,72
borboletas-em-chamas,Borboletas em Chamas,2024,Filme,1080p,3,True,116,63
borbulhas-de-amor,Borbulhas de Amor,2025,Filme,1080p,2,True,113,60
borderlands-o-destino-do-universo-esta-em-jogo,Borderlands: O Destino do Universo Está em Jogo,2024,Filme,1080p,3,True,143,90
borderline-relacao-obsessiva,Borderline - Relação Obsessiva,2023,Filme,1080p,2,True,126,73
bosch-o-legado-1a-temporada,Bosch: O Legado 1ª Temporada,2022,Série,1080p,1,True,124,71
bosch-o-legado-2a-temporada,Bosch: O Legado 2ª Temporada,2023,Série,1080p,0,True,124,71
bosch-o-legado-3a-temporada,Bosch: O Legado 3ª Temporada,2025,Série,1080p,0,True,124,71
boxer,Boxer,2024,Filme,1080p,1,True,101,48
bozzo-in-the-woods,Bozzo in the woods,2025,Filme,1080p,3,True,114,61
branca-de-neve,Branca de Neve,2025,Filme,1080p,2,True,110,57
brasiliana-o-musical-negro-que-apresentou-o-brasil-ao-mundo,Brasiliana: O Musical Negro Que Apresentou o Brasil ao Mundo,2024,Filme,1080p,2,True,156,103
bravura-indomita,Bravura Indômita,2010,Filme,1080p,3,True,112,59
breaking-bad-a-quimica-do-mal-1a-temporada,Breaking Bad: A Química do Mal 1ª Temporada,2008,Série,1080p,0,True,139,86
breaking-bad-a-quimica-do-mal-2a-temporada,Breaking Bad: A Química do Mal 2ª Temporada,2009,Série,1080p,0,True,139,86
breaking-bad-a-quimica-do-mal-3a-temporada,Breaking Bad: A Química do Mal 3ª Temporada,2010,Série,1080p,0,True,139,86
breaking-bad-a-quimica-do-mal-4a-temporada,Breaking Bad: A Química do Mal 4ª Temporada,2011,Série,1080p,0,True,139,86
breaking-bad-a-quimica-do-mal-5a-temporada,Breaking Bad: A Química do Mal 5ª Temporada,2012,Série,1080p,0,True,139,86
brick,Brick,2025,Filme,1080p,2,True,101,48
bridgerton-1a-temporada,Bridgerton 1ª Temporada,2020,Série,1080p,0,True,119,66
bridgerton-2a-temporada,Bridgerton 2ª Temporada,2022,Série,1080p,0,True,119,66
bridgerton-3a-temporada,Bridgerton 3ª Temporada,2024,Série,1080p,0,True,119,66
bridgerton-4a-temporada,Bridgerton 4ª Temporada,2026,Série,1080p,0,True,119,66
bridget-jones-louca-pelo-garoto,Bridget Jones: Louca Pelo Garoto,2025,Filme,1080p,3,True,128,75
brilliant-minds-1a-temporada,Brilliant Minds 1ª Temporada,2024,Série,1080p,0,True,124,71
buba,Buba,2022,Filme,1080p,2,True,100,47
bugonia,Bugonia,2025,Filme,1080p,3,True,103,50
bullet-bullet-1a-temporada,Bullet Bullet 1ª Temporada,2025,Série,1080p,0,True,122,69
bunker,Bunker,2023,Filme,1080p,3,True,102,49
by-design,By Design,2026,Filme,1080p,3,True,105,52
c-i-c-central-de-inteligencia-cearense,C.I.C. - Central de Inteligência Cearense,2025,Filme,1080p,1,True,137,84
ctrl,CTRL,2024,Filme,1080p,1,True,100,47
cabana-da-morte,Cabana da Morte,2017,Filme,1080p,2,True,111,58
cabras-da-morte,Cabras da Morte,2023,Filme,1080p,1,True,111,58
cabrini,Cabrini,2024,Filme,1080p,2,True,103,50
cabrito,Cabrito,2020,Filme,1080p,2,True,103,50
cachinhos-dourados-e-os-tres-ursos-morte-e-mingau,Cachinhos Dourados e os Três Ursos: Morte e Mingau,2024,Filme,1080p,2,True,146,93
o-corpo-da-outra,O Corpo da Outra,2021,Filme,1080p,2,True,112,59
caindo-na-real,Caindo na Real,2024,Filme,1080p,1,True,110,57
caju-meu-amigo,"Caju, Meu Amigo",2026,Filme,1080p,1,True,111,58
calor-mortifero,Calor Mortífero,2024,Filme,1080p,4,True,111,58
caligula-o-corte-final,Calígula: O Corte Final,2024,Filme,1080p,2,True,119,66
cama-de-gato,Cama de Gato,2023,Filme,1080p,2,True,108,55
camila-saira-esta-noite,Camila Sairá Esta Noite,2022,Filme,1080p,1,True,119,66
caminhos-cruzados,Caminhos Cruzados,2024,Filme,1080p,1,True,113,60
caminhos-da-floresta,Caminhos da Floresta,2014,Filme,1080p,2,True,116,63
caminhos-da-memoria,Caminhos da Memória,2021,Filme,1080p,2,True,115,62
caminhos-de-sangue,Caminhos de Sangue,2024,Filme,1080p,3,True,114,61
campo-da-morte,Campo da Morte,2022,Filme,1080p,2,True,110,57
camponeses,Camponeses,2023,Filme,1080p,3,True,106,53
canina,Canina,2024,Filme,1080p,2,True,102,49
canario-negro,Canário Negro,2024,Filme,1080p,3,True,109,56
caos-e-destruicao,Caos e Destruição,2025,Filme,1080p,2,True,113,60
caos-os-crimes-de-manson,Caos: Os Crimes de Manson,2025,Filme,1080p,2,True,121,68
capitao-america-2-o-soldado-invernal,Capitão América 2: O Soldado Invernal,2014,Filme,1080p,3,True,133,80
capitao-america-admiravel-mundo-novo,Capitão América: Admirável Mundo Novo,2025,Filme,,3,True,116,80
capitao-america-guerra-civil,Capitão América: Guerra Civil,2016,Filme,1080p,3,True,125,72
capitao-america-o-primeiro-vingador,Capitão América: O Primeiro Vingador,2011,Filme,1080p,4,True,132,79
caramelo,Caramelo,2025,Filme,1080p,3,True,104,51
caranguejos-assassinos,Caranguejos Assassinos,2021,Filme,1080p,2,True,118,65
caras-malvados-no-pedaco-1a-temporada,Caras Malvados No Pedaço 1ª Temporada,2025,Série,1080p,0,True,133,80
carga-explosiva,Carga Explosiva,2002,Filme,1080p,4,True,111,58
carga-explosiva-2,Carga Explosiva 2,2005,Filme,1080p,3,True,113,60
carga-explosiva-3,Carga Explosiva 3,2008,Filme,1080p,3,True,113,60
carga-explosiva-4-o-legado,Carga Explosiva 4: O Legado,2015,Filme,1080p,3,True,123,70
carga-final,Carga Final,2025,Filme,1080p,2,True,107,54
carma-1a-temporada,Carma 1ª Temporada,2025,Série,1080p,0,True,114,61
carnage-for-christmas,Carnage for Christmas,2024,Filme,1080p,4,True,117,64
carniceiro,Carniceiro,2023,Filme,1080p,3,True,106,53
carros,Carros,2006,Filme,1080p,4,True,102,49
carros-2,Carros 2,2011,Filme,1080p,4,True,104,51
carros-3,Carros 3,2017,Filme,1080p,4,True,104,51
carros-na-estrada-1a-temporada,Carros na Estrada 1ª Temporada,2022,Série,1080p,0,True,126,73
careme-o-rebelde-da-culinaria-1a-temporada,Carême - O Rebelde da Culinária 1ª Temporada,2025,Série,1080p,0,True,140,87
casa-de-davi-1a-temporada,Casa de Davi 1ª Temporada,2025,Série,1080p,0,True,121,68
casa-de-davi-2a-temporada,Casa de Davi 2ª Temporada,2025,Série,1080p,0,True,121,68
casa-de-dinamite,Casa de Dinamite,2025,Filme,1080p,2,True,112,59
casa-de-gaa,Casa de Ga’a,2024,Filme,1080p,2,True,108,55
casal-improvavel,Casal Improvável,2019,Filme,1080p,2,True,112,59
casamento-letal-nos-eua,Casamento Letal nos EUA,2025,Filme,1080p,2,True,119,66
casamento-mortal,Casamento Mortal,2023,Filme,1080p,2,True,112,59
casamentos-cruzados,Casamentos Cruzados,2025,Filme,1080p,1,True,115,62
case-137,Case 137,2025,Filme,1080p,2,True,104,51
caso-39,Caso 39,2009,Filme,1080p,3,True,103,50
caso-eloa-refem-ao-vivo,Caso Eloá: Refém ao Vivo,2025,Filme,1080p,2,True,120,67
cassino-em-isquia,Cassino em Ísquia,2024,Filme,1080p,2,True,113,60
castigos-da-traicao,Castigos da Traição,2023,Filme,1080p,2,True,115,62
castlevania-1a-temporada,Castlevania 1ª Temporada,2017,Série,1080p,0,True,120,67
castlevania-2a-temporada,Castlevania 2ª Temporada,2018,Série,1080p,0,True,120,67
castlevania-3a-temporada,Castlevania 3ª Temporada,2020,Série,1080p,0,True,120,67
castlevania-4a-temporada,Castlevania 4ª Temporada,2021,Série,1080p,0,True,120,67
castlevania-noturno-1a-temporada,Castlevania: Noturno 1ª Temporada,2023,Série,1080p,0,True,129,76
castlevania-noturno-2a-temporada,Castlevania: Noturno 2ª Temporada,2025,Série,1080p,0,True,129,76
catalyst,Catalyst,2025,Filme,1080p,2,True,104,51
cat-s-eye-1a-temporada,Cat's Eye 1ª Temporada,2025,Série,1080p,0,True,118,65
cavalo-de-guerra,Cavalo de Guerra,2011,Filme,1080p,3,True,112,59
cazuza-boas-novas,Cazuza: Boas Novas,2025,Filme,1080p,1,True,114,61
caca-implacavel,Caça Implacável,2022,Filme,1080p,2,True,111,58
caca-as-bruxas,Caça às Bruxas,2011,Filme,1080p,3,True,110,57
cacada-fantasma,Caçada Fantasma,2023,Filme,1080p,3,True,111,58
cacada-final,Caçada Final,2024,Filme,1080p,2,True,108,55
cacada-sangrenta,Caçada Sangrenta,2024,Filme,1080p,3,True,112,59
cacador-de-demonios-1a-temporada,Caçador de Demônios 1ª Temporada,2025,Série,1080p,0,True,128,75
cacador-de-tormentas,Caçador de Tormentas,2023,Filme,1080p,3,True,116,63
cacadores,Caçadores,2022,Filme,1080p,2,True,105,52
cacadores-do-fim-do-mundo,Caçadores Do Fim Do Mundo,2025,Filme,1080p,3,True,121,68
cacadores-da-fronteira,Caçadores da Fronteira,2025,Filme,1080p,2,True,118,65
cacadores-de-aventuras,Caçadores de Aventuras,2023,Filme,1080p,1,True,118,65
cacadores-de-emocao-alem-do-limite,Caçadores de Emoção: Além do Limite,2015,Filme,1080p,4,True,131,78
cacando-assassinos-justica-feita,Caçando Assassinos: Justiça Feita,2022,Filme,1080p,2,True,129,76
cacando-assassinos-o-homem-sem-rosto,Caçando Assassinos: O Homem Sem Rosto,2023,Filme,1080p,2,True,133,80
cela-211,Cela 211,2009,Filme,1080p,3,True,104,51
celebracao-macabra,Celebração Macabra,2024,Filme,1080p,3,True,114,61
cells-at-work,Cells at Work!,2024,Filme,1080p,2,True,110,57
cemiterio,Cemitério,2024,Filme,1080p,1,True,105,52
censor,Censor,2021,Filme,1080p,2,True,102,49
centurion-o-cavalo-dancante,Centurion: O Cavalo Dançante,2023,Filme,1080p,1,True,124,71
cerco-ao-terror-ataque-ao-templo,Cerco ao Terror: Ataque ao Templo,2021,Filme,1080p,2,True,129,76
chacina-de-sangue,Chacina de Sangue,2024,Filme,1080p,3,True,113,60
chad-powers-o-quarterback-1a-temporada,Chad Powers: O Quarterback 1ª Temporada,2025,Série,1080p,0,True,135,82
chainsaw-man,Chainsaw Man,2025,Filme,1080p,3,True,108,55
chama-a-bebel,Chama a Bebel,2024,Filme,1080p,1,True,109,56
chamado-noturno,Chamado Noturno,2024,Filme,1080p,3,True,111,58
chamas-da-vinganca,Chamas da Vingança,2004,Filme,1080p,4,True,114,61
chapeuzinho-vermelho-heranca-de-familia,Chapeuzinho Vermelho: Herança de Família,2022,Filme,1080p,3,True,136,83
chapolin-e-os-colorados-1a-temporada,Chapolin e os Colorados 1ª Temporada,2026,Série,1080p,0,True,132,79
charlie-em-acao,Charlie em Ação,2023,Filme,1080p,3,True,111,58
charlie-voce-esta-ai,"Charlie, Você Está Aí?",2019,Filme,1080p,1,True,118,65
charlie-um-cachorro-especial,Charlie: Um Cachorro Especial,2022,Filme,1080p,3,True,125,72
chefe-de-guerra-1a-temporada,Chefe de Guerra 1ª Temporada,2025,Série,1080p,0,True,124,71
chefes-de-estado,Chefes de Estado,2025,Filme,1080p,2,True,112,59
chen-zhen-a-lenda-dos-punhos-de-aco,Chen Zhen: A Lenda dos Punhos de Aço,2010,Filme,1080p,4,True,132,79
chespirito-sem-querer-querendo-1a-temporada,Chespirito: Sem Querer Querendo 1ª Temporada,2025,Série,1080p,0,True,140,87
chico-bento-e-a-goiabeira-maraviosa,Chico Bento e a Goiabeira Maraviosa,2025,Filme,1080p,3,True,131,78
chris-brown-uma-historia-de-violencia,Chris Brown: Uma História de Violência,2024,Filme,1080p,2,True,134,81
chris-watts-confissoes-de-um-assassino,Chris Watts: Confissões de um Assassino,2020,Filme,1080p,1,True,135,82
christmas-under-the-northern-lights,Christmas Under the Northern Lights,2024,Filme,1080p,2,True,131,78
christopher-uma-linda-vida-real,Christopher: Uma Linda Vida Real,2025,Filme,1080p,2,True,128,75
christy-um-novo-round,Christy - Um Novo Round,2025,Filme,1080p,2,True,119,66
chucky,Chucky,2023,Série,1080p,0,True,102,49
chuva-negra,Chuva Negra,1989,Filme,1080p,3,True,107,54
cicatrizes-da-guerra,Cicatrizes da Guerra,2020,Filme,1080p,2,True,116,63
ciclo,Ciclo,2022,Filme,1080p,2,True,101,48
cidade-perdida,Cidade Perdida,2022,Filme,1080p,4,True,110,57
cidade-perdida-2,Cidade Perdida,2022,Filme,1080p,4,True,110,57
cidade-toxica-1a-temporada,Cidade Tóxica 1ª Temporada,2025,Série,1080p,0,True,122,69
cidade-da-mafia,Cidade da Máfia,2019,Filme,1080p,2,True,111,58
cidade-das-sombras,Cidade das Sombras,1998,Filme,1080p,2,True,114,61
cidade-de-asfalto,Cidade de Asfalto,2024,Filme,1080p,2,True,113,60
cidade-de-deus-a-luta-nao-para-1a-temporada,Cidade de Deus: A Luta Não Para 1ª Temporada,2024,Série,1080p,0,True,140,87
cidade-dos-sonhos,Cidade dos Sonhos,2001,Filme,1080p,3,True,113,60
cilada-1a-temporada,Cilada 1ª Temporada,2025,Série,1080p,0,True,115,62
cinderela-no-caribe,Cinderela no Caribe,2023,Filme,1080p,3,True,115,62
cine-majestic,Cine Majestic,2001,Filme,1080p,2,True,109,56
cleaner,Cleaner,2025,Filme,1080p,2,True,103,50
click,Click,2006,Filme,1080p,3,True,101,48
close,Close,2022,Filme,,1,True,84,48
clube-da-luta,Clube da Luta,1999,Filme,1080p,2,True,109,56
clube-de-caca,Clube de Caça,2023,Filme,1080p,3,True,109,56
clube-do-desejo,Clube do Desejo,2023,Filme,1080p,2,True,111,58
clube-dos-divorciados,Clube dos Divorciados,2020,Filme,1080p,1,True,117,64
clube-dos-vandalos,Clube dos Vândalos,2024,Filme,1080p,2,True,114,61
cobra-kai,Cobra Kai,2024,Série,,0,True,88,52
cobra-kai-1a-temporada,Cobra Kai 1ª Temporada,2018,Série,1080p,0,True,118,65
cobra-kai-2a-temporada,Cobra Kai 2ª Temporada,2019,Série,1080p,0,True,118,65
cobra-kai-3a-temporada,Cobra Kai 3ª Temporada,2021,Série,1080p,0,True,118,65
cobra-kai-4a-temporada,Cobra Kai 4ª Temporada,2021,Série,1080p,0,True,118,65
cobra-kai-5a-temporada,Cobra Kai 5ª Temporada,2022,Série,1080p,0,True,118,65
cobra-kai-6a-temporada,Cobra Kai 6ª Temporada,2024,Série,1080p,0,True,118,65
code-8-renegados,Code 8 – Renegados,2019,Filme,1080p,1,True,114,61
code-8-renegados-parte-ii,Code 8: Renegados – Parte II,2024,Filme,1080p,2,True,124,71
codinome-banderas,Codinome: Banderas,2018,Filme,1080p,3,True,114,61
coelhos-assassinos,Coelhos Assassinos,2024,Filme,1080p,1,True,114,61
coisas-do-amor,Coisas do Amor,2022,Filme,1080p,2,True,110,57
colarinho-branco-2,Colarinho Branco 2,2025,Filme,1080p,3,True,114,61
colateral,Colateral,2004,Filme,1080p,3,True,105,52
colateral-2,Colateral,2024,Filme,1080p,2,True,105,52
colegio-girassol,Colegio Girassol,2024,Filme,1080p,2,True,112,59
colecao-duro-de-matar,Coleção Duro de Matar,1988,Filme,1080p,1,True,117,64
colecao-jogos-vorazes,Coleção Jogos Vorazes,2012,Filme,1080p,1,True,117,64
colecao-sexta-feira-13,Coleção Sexta-Feira 13,1980,Filme,1080p,1,True,118,65
colheita-sombria,Colheita Sombria,2023,Filme,1080p,3,True,112,59
com-amor-van-gogh,"Com Amor, Van Gogh",2017,Filme,1080p,4,True,114,61
com-unhas-e-dentes,Com Unhas e Dentes,2025,Filme,1080p,3,True,114,61
com-as-proprias-maos,Com as Próprias Mãos,2004,Filme,1080p,2,True,116,63
comando-das-criaturas-1a-temporada,Comando das Criaturas 1ª Temporada,2024,Série,1080p,0,True,130,77
comboio-48-a-ultima-resistencia,Comboio 48: A Última Resistência,2019,Filme,1080p,2,True,128,75
como-conquistar-o-billy-walsh,Como Conquistar o Billy Walsh,2024,Filme,1080p,3,True,125,72
como-conseguir-um-homem-em-12-dias,Como Conseguir Um Homem em 12 Dias,2023,Filme,1080p,3,True,130,77
como-descartar-um-corpo,Como Descartar um Corpo,2022,Filme,1080p,1,True,119,66
como-ganhar-milhoes-antes-que-a-avo-morra,Como Ganhar Milhões Antes Que a Avó Morra,2024,Filme,1080p,1,True,137,84
como-impedir-um-assalto,Como Impedir um Assalto,2021,Filme,1080p,1,True,119,66
como-matar-seu-marido,Como Matar Seu Marido,2023,Filme,1080p,1,True,117,64
como-roubar-um-banco,Como Roubar um Banco,2024,Filme,1080p,1,True,116,63
como-se-livrar-de-uma-madrasta,Como Se Livrar de uma Madrasta,2024,Filme,1080p,2,True,126,73
como-se-tornar-um-homem-moderno,Como Se Tornar um Homem Moderno,2023,Filme,1080p,1,True,127,74
como-treinar-o-seu-dragao,Como Treinar o Seu Dragão,2025,Filme,1080p,4,True,121,68
como-uma-onda-no-mar,Como Uma Onda no Mar,2025,Filme,1080p,1,True,116,63
como-vender-drogas-online-rapido-1a-temporada,Como Vender Drogas Online (Rápido) 1ª Temporada,2019,Série,1080p,0,True,143,90
como-vender-drogas-online-rapido-2a-temporada,Como Vender Drogas Online (Rápido) 2ª Temporada,2020,Série,1080p,0,True,143,90
como-vender-drogas-online-rapido-3a-temporada,Como Vender Drogas Online (Rápido) 3ª Temporada,2021,Série,1080p,0,True,143,90
como-vender-drogas-online-rapido-4a-temporada,Como Vender Drogas Online (Rápido) 4ª Temporada,2025,Série,1080p,0,True,143,90
como-vender-a-lua,Como Vender a Lua,2024,Filme,1080p,4,True,113,60
como-vender-a-lua-2,Como Vender a Lua,2024,Filme,,2,True,96,60
como-o-gringo-roubou-o-natal,Como o Gringo Roubou o Natal,2023,Filme,1080p,1,True,124,71
comprometido-com-a-morte,Comprometido com a Morte,2023,Filme,1080p,1,True,120,67
con-air-a-rota-da-fuga,Con Air: A Rota da Fuga,1997,Filme,1080p,3,True,119,66
conclave,Conclave,2024,Filme,1080p,4,True,104,51
eden,Éden,2024,Filme,1080p,2,True,100,47
conduzindo-madeleine,Conduzindo Madeleine,2022,Filme,1080p,2,True,116,63
conexao,Conexão,2019,Filme,1080p,1,True,103,50
conexao-macabra,Conexão Macabra,2024,Filme,1080p,2,True,111,58
conexoes-perigosas,Conexões Perigosas,2023,Filme,1080p,3,True,114,61
confetti-alem-das-palavras,Confetti - Além das Palavras,2020,Filme,1080p,2,True,124,71
confia-sonho-de-cria,Confia: Sonho de Cria,2025,Filme,1080p,3,True,117,64
confinado,Confinado,2025,Filme,1080p,3,True,105,52
confissao,Confissão,2023,Filme,1080p,3,True,105,52
confissoes,Confissões,2023,Filme,1080p,2,True,106,53
conhecendo-o-sr-natal,Conhecendo o Sr. Natal,2022,Filme,1080p,3,True,118,65
conselhos-de-um-serial-killer-aposentado,Conselhos De Um Serial Killer Aposentado,2025,Filme,1080p,2,True,136,83
consentimento,Consentimento,2022,Filme,1080p,1,True,109,56
constantine,Constantine,2005,Filme,1080p,3,True,107,54
constantine-a-casa-dos-misterios,Constantine: A Casa dos Mistérios,2022,Filme,1080p,4,True,129,76
constantine-cidade-de-demonios,Constantine: Cidade de Demônios,2018,Filme,1080p,4,True,127,74
constantine-city-of-demons-1a-temporada,Constantine: City of Demons 1ª Temporada,2018,Série,1080p,0,True,136,83
contagem-regressiva-1a-temporada,Contagem Regressiva 1ª Temporada,2025,Série,1080p,0,True,128,75
contaminados-pelo-medo,Contaminados Pelo Medo,2024,Filme,1080p,2,True,118,65
contos-da-babilonia,Contos da Babilônia,2023,Filme,1080p,1,True,115,62
contra-o-mundo,Contra o Mundo,2024,Filme,1080p,3,True,110,57
contra-o-tempo,Contra o Tempo,2003,Filme,1080p,3,True,110,57
contra-ataque,Contra-Ataque,2025,Filme,1080p,3,True,109,56
contrato-de-risco,Contrato de Risco,2022,Filme,1080p,2,True,113,60
control-o-poder-da-mente,Control: O Poder da Mente,2022,Filme,1080p,3,True,121,68
controle,Controle,2023,Filme,1080p,2,True,104,51
conversando-sobre-round-6,Conversando sobre Round 6,2025,Filme,1080p,1,True,121,68
convite-perigoso,Convite Perigoso,2024,Filme,1080p,1,True,112,59
cora-bora,Cora Bora,2024,Filme,1080p,2,True,105,52
cora-o-ultimo-suspiro,Cora: O Último Suspiro,2024,Filme,1080p,3,True,118,65
coragem-sem-limites,Coragem Sem Limites,2019,Filme,1080p,3,True,115,62
coragem-sob-fogo,Coragem Sob Fogo,1996,Filme,1080p,3,True,112,59
corajosa-3,Corajosa 3,2026,Filme,1080p,3,True,106,53
corajosos,Corajosos,2011,Filme,1080p,1,True,105,52
coraline-e-o-mundo-secreto,Coraline e o Mundo Secreto,2009,Filme,1080p,3,True,122,69
coracao-delator,Coração Delator,2025,Filme,1080p,2,True,111,58
coracao-valente,Coração Valente,1995,Filme,1080p,3,True,111,58
coracao-de-campeao,Coração de Campeão,2023,Filme,1080p,2,True,114,61
coracao-de-cacador,Coração de Caçador,2022,Filme,1080p,2,True,114,61
coracao-de-ferro-1a-temporada,Coração de Ferro 1ª Temporada,2025,Série,1080p,0,True,125,72
coracao-de-lutador-the-smashing-machine,Coração de Lutador - The Smashing Machine,2025,Filme,1080p,2,True,137,84
coracoes-prometidos,Corações Prometidos,2025,Filme,1080p,2,True,115,62
coracoes-roubados,Corações Roubados,2024,Filme,1080p,3,True,113,60
coracoes-toxicos,Corações Tóxicos,2022,Filme,1080p,2,True,112,59
coringa,Coringa,2019,Filme,1080p,3,True,103,50
coringa-delirio-a-dois,Coringa: Delírio a Dois,2024,Filme,1080p,3,True,119,66
corner-office,Corner Office,2023,Filme,1080p,1,True,109,56
corpo-fechado,Corpo Fechado,2000,Filme,1080p,3,True,109,56
corpos-ardentes,Corpos Ardentes,1981,Filme,1080p,2,True,111,58
corra-que-a-policia-vem-ai,Corra Que a Polícia Vem Aí!,2025,Filme,1080p,3,True,123,70
corra-que-a-policia-vem-ai-3313-o-insulto-final,Corra que a Polícia Vem Aí! 33⅓: O Insulto Final,1994,Filme,1080p,2,True,144,91
corra,Corra!,2017,Filme,1080p,3,True,102,49
corra-baby-corra,"Corra, Baby, Corra",2024,Filme,1080p,2,True,114,61
corta-fogo,Corta-fogo,2026,Filme,1080p,2,True,106,53
corte-no-tempo,Corte no Tempo,2024,Filme,1080p,3,True,110,57
cortina-de-fumaca-1a-temporada,Cortina de Fumaça 1ª Temporada,2025,Série,1080p,0,True,126,73
covil-de-ladroes,Covil de Ladrões,2018,Filme,1080p,3,True,112,59
covil-de-ladroes-2,Covil de Ladrões 2,2025,Filme,1080p,3,True,114,61
creed-2,Creed 2,2018,Filme,1080p,2,True,103,50
creed-iii,Creed III,2023,Filme,1080p,3,True,105,52
creed-nascido-para-lutar,Creed: Nascido para Lutar,2015,Filme,1080p,1,True,121,68
crepusculo-de-aco,Crepúsculo de Aço,1987,Filme,1080p,3,True,113,60
crescendo-juntos-a-historia-de-erik-e-malik,Crescendo Juntos: A História de Erik e Malik,2024,Filme,1080p,1,True,140,87
crescer-nao-e-brincadeira,Crescer Não é Brincadeira,2022,Filme,1080p,1,True,121,68
crescer-nao-e-brincadeira-2,Crescer Não é Brincadeira 2,2024,Filme,1080p,1,True,123,70
criando-verdades,Criando Verdades,2023,Filme,1080p,1,True,112,59
criatura-misteriosa,Criatura Misteriosa,2020,Filme,1080p,2,True,115,62
criatura-voraz,Criatura Voraz,2025,Filme,1080p,1,True,110,57
criaturas-rastejantes,Criaturas Rastejantes,2022,Filme,1080p,1,True,117,64
criaturas-do-farol,Criaturas do Farol,2024,Filme,1080p,2,True,114,61
mosley,Mosley,2009,Filme,1080p,2,True,102,49
crime-sobre-rodas,Crime Sobre Rodas,2024,Filme,1080p,3,True,113,60
crime-de-uma-dinastia-o-caso-murdaugh-1a-temporada,Crime de uma Dinastia: O Caso Murdaugh 1ª Temporada,2025,Série,1080p,0,True,147,94
crime-e-sentenca,Crime e Sentença,2022,Filme,1080p,1,True,112,59
crimes-obscuros,Crimes Obscuros,2016,Filme,1080p,2,True,111,58
crimes-em-chinatown,Crimes em Chinatown,2021,Filme,1080p,3,True,115,62
criptofraude,Criptofraude,2024,Filme,1080p,2,True,108,55
crise-de-identidade,Crise de Identidade,2023,Filme,1080p,4,True,115,62
crypto-a-aposta-final,Crypto: A Aposta Final,2025,Filme,1080p,1,True,118,65
cronicas-de-exorcismo-o-inicio,Crônicas de Exorcismo: O Início,2025,Filme,1080p,3,True,127,74
cuckoo-o-medo-chama,Cuckoo: O medo chama,2024,Filme,1080p,2,True,116,63
cuidado-com-quem-chama,Cuidado com Quem Chama,2020,Filme,1080p,1,True,118,65
culpa,Culpa,2022,Filme,1080p,1,True,101,48
cumplice-em-fuga,Cumplice em Fuga,2024,Filme,1080p,4,True,112,59
custe-o-que-custar,Custe o Que Custar,2022,Filme,1080p,3,True,114,61
custe-o-que-custar-1a-temporada,Custe o que Custar 1ª Temporada,2026,Série,1080p,0,True,127,74
cancer-com-ascendente-em-virgem,Câncer com Ascendente em Virgem,2025,Filme,1080p,1,True,127,74
caes-de-guerra,Cães de Guerra,2016,Filme,1080p,3,True,110,57
caes-de-guerra-2,Cães de Guerra,2024,Filme,1080p,3,True,110,57
cao-espiao,Cão Espião,2021,Filme,1080p,3,True,106,53
cao-de-briga,Cão de Briga,2005,Filme,1080p,2,True,108,55
cao-de-briga-2,Cão de Briga,2024,Filme,1080p,3,True,108,55
codigo-alarum,Código Alarum,2025,Filme,1080p,4,True,109,56
codigo-alfa,Código Alfa,2020,Filme,1080p,1,True,107,54
codigo-preto,Código Preto,2025,Filme,1080p,3,True,108,55
codigo-de-conduta,Código de Conduta,2009,Filme,1080p,4,True,113,60
codigo-de-conduta-2,Código de Conduta,2009,Filme,1080p,3,True,113,60
codigo-de-etica,Código de Ética,2023,Filme,1080p,1,True,111,58
copia-de-seguranca,Cópia de Segurança,2023,Filme,1080p,3,True,114,61
copias-de-volta-a-vida,Cópias: De Volta à Vida,2018,Filme,1080p,4,True,119,66
cupula-do-caos,Cúpula do Caos,2024,Filme,1080p,2,True,110,57
d-p-a-4-o-fantastico-reino-de-ondion,D.P.A. 4: O Fantástico Reino de Ondion,2025,Filme,1080p,3,True,134,81
dan-da-dan-1a-temporada,DAN DA DAN 1ª Temporada,2024,Série,1080p,0,True,119,66
dan-da-dan-2a-temporada,DAN DA DAN 2ª Temporada,2025,Série,1080p,0,True,119,66
dark-moon-the-blood-altar-1a-temporada,DARK MOON: THE BLOOD ALTAR 1ª Temporada,2026,Série,1080p,0,True,135,82
dj-a-paisana,DJ à Paisana,2025,Filme,1080p,2,True,108,55
dna-do-crime-1a-temporada,DNA DO CRIME 1ª Temporada,2023,Série,1080p,0,True,121,68
dna-do-crime-2a-temporada,DNA DO CRIME 2ª Temporada,2025,Série,1080p,0,True,121,68
daddio,Daddio,2024,Filme,1080p,2,True,102,49
dakar-corrida-contra-o-deserto,Dakar: Corrida Contra o Deserto,2025,Filme,1080p,1,True,127,74
dalia-e-o-livro-vermelho,Dalia e o Livro Vermelho,2024,Filme,1080p,3,True,120,67
dancing-queen,Dancing Queen,2023,Filme,1080p,2,True,109,56
danificado,Danificado,2024,Filme,1080p,3,True,106,53
dancando-para-amar,Dançando para Amar,2023,Filme,1080p,2,True,114,61
dark-winds-1a-temporada,Dark Winds 1ª Temporada,2022,Série,1080p,0,True,119,66
dark-winds-2a-temporada,Dark Winds 2ª Temporada,2023,Série,1080p,0,True,119,66
dark-winds-3a-temporada,Dark Winds 3ª Temporada,2025,Série,1080p,0,True,119,66
darkland-o-retorno,Darkland: O Retorno,2023,Filme,1080p,2,True,115,62
davi-nasce-um-rei,Davi: Nasce Um Rei,2025,Filme,1080p,3,True,114,61
davi-um-cara-comum-da-bahia,"Davi, Um Cara Comum da Bahia",2024,Filme,1080p,2,True,124,71
de-caipira-a-mestre-espadachim-1a-temporada,De Caipira a Mestre Espadachim 1ª Temporada,2025,Série,1080p,0,True,139,86
de-costas-para-o-mundo,De Costas Para o Mundo,2023,Filme,1080p,1,True,118,65
de-dentro-da-escuridao,De Dentro da Escuridão,2024,Filme,1080p,3,True,118,65
de-ferias-com-voce,De Férias com Você,2026,Filme,1080p,3,True,114,61
de-maos-atadas,De Mãos Atadas,2022,Filme,1080p,2,True,110,57
de-olhos-bem-fechados,De Olhos Bem Fechados,1999,Filme,1080p,3,True,117,64
de-sombra-e-silencio,De Sombra e Silêncio,2023,Filme,1080p,3,True,116,63
de-tyler-perry-duplicidade,De Tyler Perry: Duplicidade,2025,Filme,1080p,1,True,123,70
de-tyler-perry-em-busca-da-felicidade,De Tyler Perry: Em Busca da Felicidade,2025,Filme,1080p,1,True,134,81
de-volta-ao-crime,De Volta ao Crime,2023,Filme,1080p,4,True,113,60
de-volta-ao-mar,De Volta ao Mar,2024,Filme,1080p,1,True,111,58
de-volta-ao-sitio-uma-nova-aventura,De Volta ao Sítio - Uma Nova Aventura,2025,Filme,1080p,1,True,133,80
de-volta-ao-velho-oeste,De Volta ao Velho Oeste,2022,Filme,1080p,2,True,119,66
de-volta-aos-dinossauros,De Volta aos Dinossauros,2022,Filme,1080p,2,True,120,67
de-volta-a-acao,De Volta à Ação,2025,Filme,1080p,2,True,111,58
de-volta-a-roma,De Volta à Roma,2024,Filme,1080p,3,True,111,58
dead-man-s-wire,Dead Man's Wire,2025,Filme,1080p,2,True,111,58
deadpool-wolverine,Deadpool & Wolverine,2024,Filme,,3,True,99,63
deadpool,Deadpool,2016,Filme,1080p,4,True,104,51
deadpool-2,Deadpool 2,2018,Filme,1080p,3,True,106,53
death-note-o-primeiro-nome,Death Note - O Primeiro Nome,2006,Filme,1080p,3,True,124,71
debaixo-do-pier,Debaixo do Píer,2023,Filme,1080p,3,True,111,58
deep-web-show-da-morte,Deep Web: Show da Morte,2024,Filme,1080p,2,True,119,66
dele-dela-1a-temporada,Dele & Dela 1ª Temporada,2026,Série,1080p,0,True,120,67
delicious,Delicious,2025,Filme,1080p,2,True,105,52
demolidor-renascido-1a-temporada,Demolidor: Renascido 1ª Temporada,2025,Série,1080p,0,True,129,76
demon-city,Demon City,2025,Filme,1080p,3,True,106,53
demonio,Demônio,2010,Filme,1080p,3,True,103,50
demonios-do-passado,Demônios do Passado,2023,Filme,1080p,1,True,115,62
dentro,Dentro,2023,Filme,1080p,2,True,102,49
dentro-da-mente-de-um-cachorro,Dentro da Mente de um Cachorro,2024,Filme,1080p,1,True,126,73
dentro-de-nos,Dentro de Nós,2021,Filme,1080p,3,True,109,56
departamento-q-sem-limites,Departamento Q: Sem Limites,2024,Filme,1080p,2,True,123,70
depois-da-cacada,Depois da Caçada,2025,Filme,1080p,2,True,112,59
depois-da-morte,Depois da Morte,2023,Filme,1080p,2,True,111,58
depois-de-nos-o-diluvio,"Depois de Nós, o Dilúvio",2024,Filme,1080p,2,True,120,67
depois-do-apocalipse,Depois do Apocalipse,2024,Filme,1080p,3,True,116,63
depois-do-fim-do-mundo,Depois do Fim do Mundo,2022,Filme,1080p,2,True,118,65
depois-dos-incendios-florestais,Depois dos Incêndios Florestais,2020,Filme,1080p,1,True,127,74
depois-que-morri-todos-me-amam,"Depois que Morri, Todos me Amam",2025,Filme,1080p,3,True,127,74
depravacao,Depravação,2024,Filme,1080p,3,True,106,53
dept-q-1a-temporada,Dept. Q 1ª Temporada,2025,Série,1080p,0,True,116,63
desafie-a-escuridao,Desafie a Escuridão,2025,Filme,1080p,1,True,115,62
desafios,Desafios,2025,Filme,1080p,2,True,104,51
desaparecidos-na-noite,Desaparecidos na Noite,2024,Filme,1080p,3,True,118,65
desastre-iminente,Desastre Iminente,2020,Filme,1080p,3,True,113,60
desastre-total-a-seita-da-american-apparel,Desastre Total: A Seita da American Apparel,2025,Filme,1080p,1,True,139,86
desastre-total-cruzeiro-do-coco,Desastre Total: Cruzeiro do Cocô,2025,Filme,1080p,1,True,128,75
desastre-total-garoto-do-balao,Desastre Total: Garoto do Balão,2025,Filme,1080p,1,True,127,74
desastre-total-o-verdadeiro-projeto-x,Desastre Total: O Verdadeiro Projeto X,2025,Filme,1080p,1,True,134,81
desastre-total-prefeito-do-caos,Desastre Total: Prefeito do Caos,2025,Filme,1080p,1,True,128,75
desastre-no-voo-us57,Desastre no Voo US57,2018,Filme,1080p,2,True,116,63
descanse-em-paz,Descanse em Paz,2024,Filme,1080p,2,True,111,58
descendent,Descendent,2025,Filme,1080p,4,True,106,53
descobrindo-novos-ventos,Descobrindo Novos Ventos,2022,Filme,1080p,1,True,120,67
descobrindo-o-natal,Descobrindo o Natal,2023,Filme,1080p,2,True,115,62
desconhecido,Desconhecido,2011,Filme,1080p,3,True,108,55
desconhecidos,Desconhecidos,2024,Filme,1080p,3,True,109,56
desculpe-querida,"Desculpe, Querida",2025,Filme,1080p,2,True,113,60
desejo-de-matar,Desejo de Matar,2018,Filme,1080p,3,True,111,58
desejos-proibidos,Desejos Proibidos,2018,Filme,1080p,2,True,113,60
desenhos,Desenhos,2025,Filme,1080p,4,True,104,51
deserto-de-sangue,Deserto de Sangue,2019,Filme,1080p,3,True,113,60
deserto-do-ouro,Deserto do Ouro,2022,Filme,1080p,3,True,111,58
desligue,Desligue!,2026,Filme,1080p,3,True,105,52
deslizando-pela-vida,Deslizando pela Vida,2022,Filme,1080p,2,True,116,63
deslizando-pela-vida-2,Deslizando pela Vida 2,2025,Filme,1080p,2,True,118,65
deslumbrado,Deslumbrado,2025,Filme,1080p,2,True,107,54
desmascarado-1a-temporada,Desmascarado 1ª Temporada,2025,Série,1080p,0,True,121,68
desobedientes-1a-temporada,Desobedientes 1ª Temporada,2025,Série,1080p,0,True,122,69
desolados,Desolados,2019,Filme,1080p,1,True,105,52
despedida-em-grande-estilo,Despedida em Grande Estilo,2017,Filme,1080p,2,True,122,69
despertar-dos-mortos-vivos,Despertar dos Mortos Vivos,2021,Filme,1080p,2,True,122,69
desperte-o-medo,Desperte o Medo,2021,Filme,1080p,1,True,111,58
desta-vez-para-sempre,"Desta Vez, Para Sempre",2023,Filme,1080p,2,True,118,65
destinos-opostos,Destinos Opostos,2023,Filme,1080p,3,True,112,59
destinos-a-deriva,Destinos à Deriva,2023,Filme,1080p,2,True,113,60
destruicao-final-2,Destruição Final 2,2026,Filme,1080p,3,True,114,61
destruicao-final-o-ultimo-refugio,Destruição Final: O Último Refúgio,2020,Filme,1080p,3,True,130,77
detective-forst-1a-temporada,Detective Forst 1ª Temporada,2024,Série,1080p,0,True,124,71
detetive-alex-cross-1a-temporada,Detetive Alex Cross 1ª Temporada,2024,Série,1080p,0,True,128,75
detetive-alex-cross-2a-temporada,Detetive Alex Cross 2ª Temporada,2026,Série,1080p,0,True,128,75
detetives-em-guerra,Detetives em Guerra,2022,Filme,1080p,4,True,115,62
detox-de-plastico,Detox de Plástico,2026,Filme,1080p,1,True,113,60
deu-match-a-rainha-de-apps-de-namoro,Deu Match: A Rainha de Apps de Namoro,2025,Filme,1080p,1,True,133,80
deu-preguica,Deu Preguiça,2024,Filme,1080p,2,True,108,55
deus-nos-ajude,Deus Nos Ajude!,2023,Filme,1080p,1,True,111,58
deuses-do-egito,Deuses do Egito,2016,Filme,1080p,3,True,111,58
deva,Deva,2025,Filme,1080p,4,True,100,47
devara-rei-dos-mares-parte-1,Devara: Rei dos Mares - Parte 1,2024,Filme,1080p,2,True,127,74
devil-in-disguise-john-wayne-gacy-1a-temporada,Devil in Disguise: John Wayne Gacy 1ª Temporada,2025,Série,1080p,0,True,143,90
dexter-pecado-original-1a-temporada,Dexter: Pecado Original 1ª Temporada,2024,Série,1080p,0,True,132,79
dexter-ressurreicao-1a-temporada,Dexter: Ressurreição 1ª Temporada,2025,Série,1080p,0,True,129,76
dexter-sangue-novo-1a-temporada,Dexter: Sangue Novo 1ª Temporada,2021,Série,1080p,0,True,128,75
dezembro-sem-fim,Dezembro Sem Fim,2023,Filme,1080p,1,True,112,59
dhurandhar,Dhurandhar,2025,Filme,1080p,2,True,106,53
dia-zero-1a-temporada,Dia Zero 1ª Temporada,2025,Série,1080p,0,True,117,64
dia-de-caca,Dia de Caça,2024,Filme,1080p,3,True,107,54
dia-de-colera,Dia de Cólera,2024,Filme,1080p,2,True,109,56
dia-de-treinamento,Dia de Treinamento,2001,Filme,1080p,3,True,114,61
diablo,Diablo,2025,Filme,1080p,3,True,102,49
diabolik-who-are-you,Diabolik - Who Are You?,2023,Filme,1080p,4,True,119,66
diamante-de-sangue,Diamante de Sangue,2006,Filme,1080p,3,True,114,61
diamantes-roubados-o-golpe-do-seculo,Diamantes Roubados: O Golpe do Século,2025,Filme,1080p,2,True,133,80
dias-futuros,Dias Futuros,2024,Filme,1080p,3,True,108,55
dias-perfeitos,Dias Perfeitos,2023,Filme,1080p,2,True,110,57
diddy-como-nasce-um-bad-boy,Diddy: Como Nasce Um Bad Boy,2025,Filme,1080p,1,True,124,71
diddy-monster-s-fall,Diddy: Monster's Fall,2025,Filme,1080p,2,True,117,64
difamacao-1a-temporada,Difamação 1ª Temporada,2024,Série,1080p,0,True,118,65
diga-me-baixinho,Diga-me Baixinho,2025,Filme,1080p,2,True,112,59
dinheiro-sujo,Dinheiro Sujo,2013,Filme,1080p,2,True,109,56
dinheiro-sujo-2,Dinheiro Sujo,2024,Filme,1080p,4,True,109,56
dinheiro-suspeito,Dinheiro Suspeito,2026,Filme,1080p,3,True,113,60
dirty-angels,Dirty Angels,2024,Filme,1080p,3,True,108,55
disney-twisted-wonderland-a-serie-1a-temporada,Disney Twisted-Wonderland: A Série 1ª Temporada,2025,Série,1080p,0,True,143,90
disputa-final,Disputa Final,2025,Filme,1080p,1,True,109,56
distrito-9,Distrito 9,2009,Filme,1080p,1,True,106,53
divertida-mente,Divertida Mente,2015,Filme,1080p,3,True,111,58
divertida-mente-2,Divertida Mente 2,2024,Filme,1080p,4,True,113,60
divorcio-em-familia,Divórcio em Família,2024,Filme,1080p,3,True,115,62
diario-da-minha-vagina,Diário da Minha Vagina,2024,Filme,1080p,3,True,118,65
diario-de-um-banana-a-gota-d-agua,Diário de um Banana: A Gota d'Água,2025,Filme,1080p,3,True,130,77
diario-de-uma-paixao,Diário de uma Paixão,2004,Filme,1080p,2,True,116,63
diarios-de-uma-apotecaria-1a-temporada,Diários de uma Apotecária 1ª Temporada,2023,Série,1080p,0,True,134,81
diarios-de-uma-apotecaria-2a-temporada,Diários de uma Apotecária 2ª Temporada,2026,Série,1080p,0,True,134,81
django-livre,Django Livre,2012,Filme,1080p,2,True,108,55
do-dia-para-a-noite,Do Dia Para a Noite,2024,Série,1080p,0,True,115,62
do-outro-lado-da-dor,Do Outro Lado da Dor,2023,Filme,1080p,3,True,116,63
do-outro-lado-do-jardim,Do Outro Lado do Jardim,2024,Filme,1080p,2,True,119,66
do-outro-lado-do-muro,Do Outro Lado do Muro,2025,Filme,1080p,2,True,117,64
do-outro-lado-do-rio-entre-as-arvores,"Do Outro Lado do Rio, Entre as Árvores",2023,Filme,1080p,1,True,134,81
do-que-as-mulheres-gostam,Do Que as Mulheres Gostam,2000,Filme,1080p,2,True,121,68
do-you-see-what-i-see,Do You See What I See,2024,Filme,1080p,3,True,117,64
doc-1a-temporada,Doc 1ª Temporada,2025,Série,1080p,0,True,112,59
doce-familia,Doce Família,2024,Filme,1080p,2,True,108,55
doce-vida,Doce Vida,2024,Filme,1080p,1,True,105,52
doctor-odyssey-1a-temporada,Doctor Odyssey 1ª Temporada,2024,Série,1080p,0,True,123,70
doctor-who-joy-para-o-mundo,Doctor Who: Joy para o Mundo,2024,Filme,1080p,2,True,124,71
dog-51,Dog 51,2025,Filme,1080p,4,True,102,49
dois-coracoes,Dois Corações,2022,Filme,1080p,3,True,109,56
dois-mundos-um-desejo,"Dois Mundos, Um Desejo",2025,Filme,1080p,1,True,118,65
dois-e-demais-em-orlando,Dois é Demais em Orlando,2024,Filme,1080p,1,True,120,67
doleira-a-historia-de-nelma-kodama,Doleira: A História de Nelma Kodama,2024,Filme,1080p,1,True,131,78
dom-1a-2a-3a-temporada,Dom 1ª 2ª 3ª Temporada,2024,Série,1080p,1,True,118,65
domingo-a-noite,Domingo à Noite,2024,Filme,1080p,1,True,111,58
dominique,Dominique,2024,Filme,1080p,2,True,105,52
don-q-o-chefao-do-crime,Don Q - O Chefão do Crime,2024,Filme,1080p,3,True,121,68
dona-beja-1a-temporada,Dona Beja 1ª Temporada,2026,Série,1080p,0,True,118,65
dona-lurdes-o-filme,Dona Lurdes: O Filme,2024,Filme,1080p,3,True,116,63
donzela,Donzela,2024,Filme,1080p,3,True,103,50
dora-e-a-busca-pelo-sol-dourado,Dora e a Busca pelo Sol Dourado,2025,Filme,1080p,2,True,127,74
dormindo-com-seu-idolo,Dormindo com seu Ídolo,2024,Filme,1080p,1,True,118,65
dose-dupla,Dose Dupla,2013,Filme,1080p,3,True,106,53
dose-dupla-2,Dose Dupla,2024,Filme,1080p,2,True,106,53
doutor-sono,Doutor Sono,2019,Filme,1080p,3,True,107,54
down-quixote,Down Quixote,2022,Filme,1080p,3,True,108,55
downton-abbey-o-grande-final,Downton Abbey: O Grande Final,2025,Filme,1080p,2,True,125,72
doze-homens-e-outro-segredo,Doze Homens e Outro Segredo,2004,Filme,1080p,2,True,123,70
dr-stone-new-world,Dr. STONE: NEW WORLD,2023,Série,1080p,0,True,116,63
dr-semmelweis,Dr. Semmelweis,2023,Filme,1080p,2,True,110,57
dracula-a-historia-nunca-contada,Dracula: A História Nunca Contada,2014,Filme,1080p,4,True,129,76
dragon-ball-daima-1a-temporada,Dragon Ball DAIMA 1ª Temporada,2024,Série,1080p,0,True,126,73
dragon-ball-z-pack-com-series-movies-musicas-e-misc-completo,"Dragon Ball Z - Pack Com Series, Movies, Musicas e Misc Completo",1989,Série,1080p,0,True,158,107
dragao-vermelho,Dragão Vermelho,2002,Filme,1080p,3,True,111,58
exterritorial,Exterritorial,2025,Filme,1080p,2,True,109,56
dracula-uma-historia-de-amor-eterno,Drácula - Uma História de Amor Eterno,2025,Filme,1080p,2,True,133,80
duelo-de-espioes,Duelo de Espiões,2022,Filme,1080p,2,True,112,59
duna,Duna,2021,Filme,1080p,5,True,100,47
duna-a-profecia-1a-temporada,Duna: A Profecia 1ª Temporada,2024,Série,1080p,0,True,125,72
duna-parte-2,Duna: Parte 2,2024,Filme,1080p,2,True,109,56
dungeons-dragons-honra-entre-rebeldes,Dungeons & Dragons: Honra Entre Rebeldes,2023,Filme,1080p,3,True,136,83
dupla-explosiva,Dupla Explosiva,2017,Filme,1080p,3,True,111,58
dupla-explosiva-2-e-a-primeira-dama-do-crime,Dupla Explosiva 2: E a Primeira-Dama do Crime,2021,Filme,1080p,4,True,141,88
dupla-implacavel,Dupla Implacável,2010,Filme,1080p,3,True,112,59
dupla-jornada,Dupla Jornada,2022,Filme,1080p,4,True,109,56
dupla-perigosa,Dupla Perigosa,2026,Filme,1080p,3,True,110,57
duro-de-atuar-2,Duro de Atuar 2,2024,Filme,1080p,2,True,111,58
duro-de-casar,Duro de Casar,2025,Filme,1080p,2,True,109,56
duster-1a-temporada,Duster 1ª Temporada,2025,Série,1080p,0,True,115,62
duvide-do-que-ouve,Duvide do que Ouve,2024,Filme,1080p,2,True,114,61
deja-vu,Déjà Vu,2006,Filme,1080p,3,True,103,50
echo-valley,Echo Valley,2025,Filme,1080p,2,True,107,54
eco-1a-temporada,Eco 1ª Temporada,2024,Série,1080p,0,True,112,59
ecos-do-passado,Ecos do Passado,2021,Filme,1080p,1,True,111,58
eddington,Eddington,2025,Filme,1080p,3,True,105,52
edificio-n,Edifício N,2022,Filme,1080p,1,True,106,53
edificio-do-medo,Edifício do Medo,2024,Filme,1080p,2,True,112,59
edward-maos-de-tesoura,Edward Mãos de Tesoura,1990,Filme,1080p,3,True,118,65
efeito-colateral,Efeito Colateral,2002,Filme,1080p,3,True,112,59
efeito-domino,Efeito Dominó,2008,Filme,1080p,3,True,109,56
efeito-paradoxo,Efeito Paradoxo,2024,Filme,1080p,2,True,111,58
efeitos-colaterais-1a-temporada,Efeitos Colaterais 1ª Temporada,2025,Série,1080p,0,True,127,74
el-camino-a-breaking-bad-film,El Camino: A Breaking Bad Film,2019,Filme,1080p,3,True,126,73
ela-disse-talvez,Ela Disse Talvez,2025,Filme,1080p,3,True,112,59
ele-disse-ela-disse-blake-lively-contra-justin-baldoni,"Ele disse, ela disse: Blake Lively contra Justin Baldoni",2025,Filme,1080p,1,True,152,99
ele-e-um-gato,Ele é Um Gato!,2023,Filme,1080p,2,True,110,57
electra,Electra,2024,Filme,1080p,2,True,103,50
elementos,Elementos,2023,Filme,1080p,6,True,105,52
eles-o-medo-2a-temporada,Eles: O Medo 2ª Temporada,2024,Série,1080p,0,True,121,68
eles-o-pacto-1a-temporada,Eles: O Pacto 1ª Temporada,2021,Série,1080p,0,True,122,69
elio,Elio,2025,Filme,1080p,5,True,100,47
serie-elite,Serie Elite,2018,Série,1080p,0,True,107,54
elite-target,Elite Target,2025,Filme,1080p,1,True,108,55
elyse-a-coragem-vem-do-coracao,Elyse - A Coragem Vem do Coração,2020,Filme,1080p,1,True,128,75
elysium,Elysium,2013,Filme,1080p,4,True,103,50
em-algum-momento-alem-de-agora,Em Algum Momento Além de Agora,2021,Filme,1080p,1,True,126,73
em-busca-da-verdade,Em Busca da Verdade,2019,Filme,1080p,3,True,115,62
em-busca-da-vitoria,Em Busca da Vitória,2019,Filme,1080p,2,True,115,62
em-busca-de-mim,Em Busca de Mim,2022,Filme,1080p,1,True,111,58
em-busca-do-barco-perdido,Em Busca do Barco Perdido,2022,Filme,1080p,3,True,121,68
em-busca-do-calice-sagrado,Em Busca do Cálice Sagrado,2022,Filme,1080p,2,True,122,69
em-chamas,Em Chamas,2023,Filme,1080p,4,True,105,52
em-divida-com-a-sorte,Em Dívida com a Sorte,2020,Filme,1080p,1,True,117,64
em-lados-opostos,Em Lados Opostos,2018,Filme,1080p,3,True,112,59
em-nome-da-honra,Em Nome da Honra,2023,Filme,1080p,1,True,112,59
em-nome-do-pai,Em Nome do Pai,1993,Filme,1080p,1,True,110,57
em-ritmo-de-fuga,Em Ritmo de Fuga,2017,Filme,1080p,2,True,112,59
em-rota-de-colisao,Em Rota de Colisão,2020,Filme,1080p,1,True,114,61
em-ruinas,Em Ruínas,2024,Filme,1080p,3,True,105,52
em-um-piscar-de-olhos,Em um Piscar de Olhos,2026,Filme,1080p,2,True,117,64
emboscada,Emboscada,2023,Filme,1080p,3,True,105,52
emergencia-radioativa-1a-temporada,Emergência Radioativa 1ª Temporada,2026,Série,1080p,0,True,130,77
emily-em-paris-1a-temporada,Emily em Paris 1ª Temporada,2020,Série,1080p,0,True,123,70
emily-em-paris-2a-temporada,Emily em Paris 2ª Temporada,2021,Série,1080p,0,True,123,70
emily-em-paris-3a-temporada,Emily em Paris 3ª Temporada,2022,Série,1080p,0,True,123,70
emily-em-paris-4a-temporada,Emily em Paris 4ª Temporada,2024,Série,1080p,0,True,123,70
emily-em-paris-5a-temporada,Emily em Paris 5ª Temporada,2025,Série,1080p,0,True,123,70
emma,Emma,2020,Filme,1080p,2,True,100,47
emmanuelle,Emmanuelle,2024,Filme,1080p,2,True,106,53
encantadora-de-tubaroes,Encantadora de Tubarões,2025,Filme,1080p,1,True,119,66
enclausurados,Enclausurados,2023,Filme,1080p,2,True,109,56
encontrando-o-amor-em-yosemite,Encontrando o Amor em Yosemite,2022,Filme,1080p,2,True,126,73
encontro-arriscado,Encontro Arriscado,2021,Filme,1080p,1,True,114,61
encontro-explosivo,Encontro Explosivo,2010,Filme,1080p,2,True,114,61
encontro-fatal,Encontro Fatal,2022,Filme,1080p,1,True,110,57
encontro-macabro,Encontro Macabro,2022,Filme,1080p,3,True,112,59
encontro-marcado,Encontro Marcado,1998,Filme,1080p,3,True,112,59
enfeiticados,Enfeitiçados,2024,Filme,1080p,3,True,108,55
engajamento-mortal,Engajamento Mortal,2022,Filme,1080p,1,True,114,61
engolidos,Engolidos,2022,Filme,1080p,2,True,105,52
enigma-sombrio,Enigma Sombrio,2025,Filme,1080p,3,True,110,57
enquanto-ela-dorme,Enquanto Ela Dorme,2019,Filme,1080p,2,True,114,61
enquanto-o-amor-durar,Enquanto o Amor Durar,2022,Filme,1080p,3,True,117,64
ensaio-fatal,Ensaio Fatal,2026,Filme,1080p,1,True,108,55
ensinamentos-de-um-professor,Ensinamentos de Um Professor,2023,Filme,1080p,1,True,124,71
enterrando-minha-ex,Enterrando Minha Ex,2014,Filme,1080p,2,True,115,62
enterre-seus-mortos,Enterre Seus Mortos,2025,Filme,1080p,1,True,115,62
enterre-me-quando-eu-morrer,Enterre-me Quando Eu Morrer,2025,Filme,1080p,2,True,123,70
entre-amigas-de-volta-ao-passado,Entre Amigas: De Volta ao Passado,2023,Filme,1080p,1,True,129,76
entre-chegadas-e-despedidas,Entre Chegadas e Despedidas,2025,Filme,1080p,1,True,123,70
entre-dois-amores,Entre Dois Amores,2020,Filme,1080p,2,True,113,60
entre-facas-e-segredos,Entre Facas e Segredos,2019,Filme,1080p,3,True,118,65
entre-irmas,Entre Irmãs,2023,Filme,1080p,2,True,107,54
entre-mentiras-e-segredos,Entre Mentiras e Segredos,2021,Filme,1080p,1,True,121,68
entre-montanhas,Entre Montanhas,2025,Filme,1080p,5,True,111,58
entre-nos-uma-dose-extra-de-amor,Entre Nós: Uma Dose Extra de Amor,2025,Filme,1080p,3,True,129,76
entre-pais-e-filhos,Entre Pais e Filhos,2024,Filme,1080p,2,True,115,62
entre-piadas-e-cigarros,Entre Piadas e Cigarros,2023,Filme,1080p,1,True,119,66
entre-as-luzes,Entre as Luzes,2023,Filme,1080p,3,True,110,57
entre-o-ceu-e-a-terra,Entre o Céu e a Terra,2019,Filme,1080p,2,True,117,64
entre-o-ceu-e-o-inferno,Entre o Céu e o Inferno,2006,Filme,1080p,1,True,119,66
entre-o-louco-e-o-monstro,Entre o Louco e o Monstro,2024,Filme,1080p,1,True,121,68
entre-os-templos,Entre os Templos,2024,Filme,1080p,2,True,112,59
entre-os-vivos,Entre os Vivos,2022,Filme,1080p,3,True,110,57
entrelinhas,Entrelinhas,2024,Filme,1080p,2,True,107,54
entrevista-com-o-demonio,Entrevista com o Demônio,2024,Filme,1080p,1,True,120,67
entrevista-com-o-vampiro-1a-temporada,Entrevista com o Vampiro 1ª Temporada,2022,Série,1080p,0,True,133,80
entrevista-com-o-vampiro-2a-temporada,Entrevista com o Vampiro 2ª Temporada,2024,Série,1080p,0,True,133,80
entao-e-natal,Então é Natal,2021,Filme,1080p,3,True,109,56
epiphany-amor-e-perdao,Epiphany: Amor e Perdão,2019,Filme,1080p,2,True,119,66
era-uma-vez-na-minha-vida,Era Uma Vez Na Minha Vida,2021,Filme,1080p,2,True,121,68
era-uma-vez-um-deadpool,Era uma Vez um Deadpool,2018,Filme,1080p,3,True,119,66
escalada-sem-limites,Escalada Sem Limites,2022,Filme,1080p,3,True,116,63
escanyapobres,Escanyapobres,2024,Filme,1080p,1,True,109,56
escape,Escape,2024,Filme,1080p,2,True,102,49
escape-room-sem-saida,Escape Room - Sem Saída,2022,Filme,1080p,3,True,119,66
escape-from-the-21st-century,Escape from the 21st Century,2024,Filme,1080p,2,True,124,71
escola-da-mafia,Escola da Máfia,2021,Filme,1080p,1,True,111,58
esconderijo-maldito,Esconderijo Maldito,2021,Filme,1080p,1,True,115,62
escuridao-profunda,Escuridão Profunda,2023,Filme,1080p,3,True,114,61
escandalo-municipal,Escândalo Municipal,2020,Filme,1080p,1,True,115,62
espionagem-em-londres,Espionagem em Londres,2020,Filme,1080p,3,True,117,64
espiral-de-violencia,Espiral de Violência,2024,Filme,1080p,3,True,116,63
esposa-de-mentirinha,Esposa de Mentirinha,2011,Filme,1080p,2,True,116,63
espiritos-na-escola-1a-temporada,Espíritos na Escola 1ª Temporada,2023,Série,1080p,0,True,128,75
espiritos-na-escola-2a-temporada,Espíritos na Escola 2ª Temporada,2025,Série,1080p,0,True,128,75
esquadrao-suicida-isekai-1a-temporada,Esquadrão Suicida: Isekai 1ª Temporada,2024,Série,1080p,0,True,134,81
esqueceram-de-mim,Esqueceram de Mim,1990,Filme,1080p,3,True,113,60
esqueceram-de-mim-2-perdido-em-nova-york,Esqueceram de Mim 2: Perdido em Nova York,1992,Filme,1080p,4,True,137,84
esta-sou-eu,Esta Sou Eu,2026,Filme,1080p,2,True,107,54
estado-de-consciencia,Estado de Consciência,2023,Filme,1080p,1,True,117,64
estrada-florestal-825,Estrada Florestal 825,2025,Filme,1080p,2,True,117,64
estrada-mortal,Estrada Mortal,2018,Filme,1080p,2,True,110,57
estrada-da-morte,Estrada da Morte,2023,Filme,1080p,2,True,112,59
estrada-do-crime,Estrada do Crime,2018,Filme,1080p,4,True,112,59
estrada-para-a-loucura,Estrada para a Loucura,2021,Filme,1080p,3,True,118,65
estranha-forma-de-vida,Estranha Forma de Vida,2023,Filme,1080p,3,True,118,65
estranho-caminho,Estranho Caminho,2024,Filme,1080p,1,True,112,59
estranho-mas-verdade,Estranho Mas Verdade,2019,Filme,1080p,1,True,116,63
estrelas-alem-do-tempo,Estrelas Além do Tempo,2016,Filme,1080p,2,True,118,65
estudante-exemplar,Estudante Exemplar,2023,Filme,1080p,1,True,114,61
esta-tudo-bem-comigo,Está Tudo Bem Comigo?,2024,Filme,1080p,4,True,117,64
estomago,Estômago,2007,Filme,1080p,2,True,104,51
estomago-2-o-poderoso-chef,Estômago 2: O Poderoso Chef,2024,Filme,1080p,3,True,123,70
eternidade,Eternidade,2025,Filme,1080p,3,True,106,53
serie-eu-me,Serie Eu (Me),2024,Série,1080p,0,True,109,56
eu-aceito,Eu Aceito,2021,Filme,1080p,2,True,105,52
eu-sei-o-que-voces-fizeram-no-verao-passado,Eu Sei o Que Vocês Fizeram no Verão Passado,2025,Filme,1080p,2,True,139,86
eu-sou-charlie-walker,Eu Sou Charlie Walker,2022,Filme,1080p,1,True,117,64
eu-sou-o-numero-quatro,Eu Sou o Número Quatro,2011,Filme,1080p,3,True,118,65
eu-so-posso-imaginar,Eu Só Posso Imaginar,2018,Filme,1080p,2,True,116,63
eu-vi-o-brilho-da-tv,Eu Vi o Brilho da TV,2024,Filme,1080p,2,True,116,63
eu-e-meu-avo-nihonjin,Eu e Meu Avô Nihonjin,2025,Filme,1080p,2,True,117,64
eu-capitao,"Eu, Capitão",2023,Filme,1080p,2,True,107,54
eu-capitao-2,"Eu, Capitão",2024,Filme,1080p,1,True,107,54
eu-eddie,"Eu, Eddie",2025,Filme,1080p,1,True,105,52
eu-nirvana,"Eu, Nirvana",2024,Filme,1080p,1,True,107,54
eu-robo,"Eu, Robô",2004,Filme,1080p,2,True,104,51
evidencias-do-amor,Evidências do Amor,2024,Filme,1080p,1,True,114,61
evie-2,Evie,2023,Filme,1080p,2,True,100,47
ex-maridos,Ex-Maridos,2024,Filme,1080p,2,True,106,53
experimento-maldito,Experimento Maldito,2023,Filme,1080p,3,True,115,62
explosao-no-trem-bala,Explosão no Trem-Bala,2025,Filme,1080p,4,True,117,64
expresso-do-amanha,Expresso do Amanhã,2013,Filme,1080p,3,True,114,61
exterminio,Extermínio,2002,Filme,1080p,3,True,106,53
exterminio-2,Extermínio 2,2007,Filme,1080p,3,True,108,55
exterminio-a-evolucao,Extermínio: A Evolução,2025,Filme,1080p,3,True,118,65
exterminio-o-templo-dos-ossos,Extermínio: O Templo dos Ossos,2026,Filme,1080p,3,True,126,73
exterritorial-2,Exterritorial,2025,Filme,1080p,2,True,109,56
exilio,Exílio,2025,Filme,1080p,1,True,102,49
f-marry-kill,F Marry Kill,2024,Filme,1080p,2,True,108,55
f1-o-filme,F1 - O Filme,2025,Filme,1080p,2,True,108,55
faces-da-guerra,Faces da Guerra,2021,Filme,1080p,4,True,111,58
falcao-negro-em-perigo,Falcão Negro em Perigo,2001,Filme,1080p,4,True,118,65
fall-is-a-good-time-to-die,Fall Is a Good Time to Die,2025,Filme,1080p,2,True,122,69
fallout-1a-temporada,Fallout 1ª Temporada,2024,Série,1080p,0,True,116,63
fallout-2a-temporada,Fallout 2ª Temporada,2025,Série,1080p,0,True,116,63
falta-voce-me-faz-1a-temporada,Falta Você Me Faz 1ª Temporada,2025,Série,1080p,1,True,126,73
familia-nao-se-escolhe,Família Não Se Escolhe,2022,Filme,1080p,1,True,118,65
serie-familia-soprano,Serie Família Soprano,1999,Série,1080p,0,True,117,64
familia-de-aluguel,Família de Aluguel,2025,Filme,1080p,1,True,114,61
familia-a-prova-de-balas,Família à Prova de Balas,2025,Filme,1080p,2,True,120,67
familia-pero-no-mucho,"Família, Pero no Mucho",2025,Filme,1080p,1,True,118,65
fantasma-no-cemiterio,Fantasma no Cemitério,2019,Filme,1080p,2,True,117,64
farejando-vinganca-2-cidade-dos-lobos,Farejando Vingança 2: Cidade dos Lobos,2025,Filme,1080p,3,True,134,81
farol-da-ilusao,Farol da Ilusão,2024,Filme,1080p,3,True,111,58
fascinio-perigoso,Fascínio Perigoso,2024,Filme,1080p,1,True,113,60
faster-no-limite-da-velocidade,Faster: No Limite da Velocidade,2025,Filme,1080p,3,True,127,74
fateh,Fateh,2025,Filme,1080p,3,False,101,48
faca-ela-voltar,Faça Ela Voltar,2025,Filme,1080p,2,True,111,58
feios,Feios,2024,Filme,1080p,3,True,101,48
feitico-de-aniversario,Feitiço de Aniversário,2023,Filme,1080p,1,True,118,65
feito-na-america,Feito na América,2017,Filme,1080p,3,True,112,59
feitos-de-plastico,Feitos de Plástico,2024,Filme,1080p,1,True,114,61
felicidade-e,Felicidade é...,2024,Filme,1080p,3,True,111,58
feliz-assalto,Feliz Assalto!,2025,Filme,1080p,3,True,110,57
feras-no-jardim,Feras no Jardim,2025,Filme,1080p,1,True,111,58
ferrari,Ferrari,2023,Filme,1080p,2,True,103,50
ferry-2,Ferry 2,2024,Filme,1080p,3,True,103,50
festa-da-salsicha,Festa da Salsicha,2016,Filme,1080p,5,True,113,60
serie-festa-da-salsicha-comilandia,Serie Festa da Salsicha: Comilândia,2024,Série,1080p,0,True,131,78
festival-de-artes-de-hazelton,Festival de Artes de Hazelton,2024,Filme,1080p,2,True,125,72
fight-night-the-million-dollar-heist-1a-temporada,Fight Night: The Million Dollar Heist 1ª Temporada,2024,Série,1080p,1,True,146,93
fight-or-flight,Fight or Flight,2025,Filme,1080p,3,True,111,58
filadelfia,Filadélfia,1993,Filme,1080p,1,True,106,53
filho-das-sombras,Filho das Sombras,2019,Filme,1080p,3,True,113,60
filhos-da-esperanca,Filhos da Esperança,2006,Filme,1080p,2,True,115,62
filhos-da-violencia,Filhos da Violência,2021,Filme,1080p,3,True,115,62
filhos-do-ecstasy,Filhos do Ecstasy,2025,Filme,1080p,2,True,113,60
filhos-do-verao,Filhos do Verão,2023,Filme,1080p,3,True,111,58
fils-de,Fils de,2025,Filme,1080p,1,True,103,50
fim-dos-dias,Fim dos Dias,1999,Filme,1080p,3,True,108,55
finch,Finch,2021,Filme,1080p,3,True,101,48
finja-se-de-morta,Finja-se de Morta,2025,Filme,1080p,1,True,113,60
fique-acordado,Fique Acordado,2024,Filme,1080p,3,True,110,57
fire-country-1a-temporada,Fire Country 1ª Temporada,2022,Série,1080p,1,True,121,68
fire-country-2a-temporada,Fire Country 2ª Temporada,2023,Série,1080p,0,True,121,68
fire-country-3a-temporada,Fire Country 3ª Temporada,2024,Série,1080p,1,True,121,68
five-nights-at-freddy-s-2,Five Nights at Freddy's 2,2025,Filme,1080p,3,True,121,68
five-nights-at-freddy-s-o-pesadelo-sem-fim,Five Nights at Freddy's – O Pesadelo Sem Fim,2023,Filme,1080p,2,True,140,87
flamin-hot-o-sabor-que-mudou-a-historia,Flamin' Hot: O Sabor que Mudou a História,2023,Filme,1080p,2,True,137,84
flechas-da-vinganca,Flechas da Vingança,2022,Filme,1080p,2,True,115,62
flow,Flow,2024,Filme,1080p,3,True,100,47
flutuar,Flutuar,2024,Filme,1080p,2,True,103,50
fly,Fly,2024,Filme,1080p,1,True,99,46
fogo-cruzado,Fogo Cruzado,2021,Filme,1080p,3,True,108,55
fogo-cruzado-2,Fogo Cruzado,2023,Filme,1080p,2,True,108,55
fogo-vs-fogo,Fogo vs Fogo,2022,Filme,1080p,2,True,108,55
foi-apenas-um-acidente,Foi Apenas Um Acidente,2025,Filme,1080p,3,True,118,65
fome-de-sucesso,Fome de Sucesso,2023,Filme,,1,True,94,58
fonte-da-vida,Fonte da Vida,2006,Filme,1080p,4,True,109,56
for-all-mankind-1a-temporada,For All Mankind 1ª Temporada,2019,Série,1080p,0,True,124,71
for-all-mankind-2a-temporada,For All Mankind 2ª Temporada,2021,Série,1080p,0,True,124,71
for-all-mankind-3a-temporada,For All Mankind 3ª Temporada,2022,Série,1080p,0,True,124,71
for-all-mankind-4a-temporada,For All Mankind 4ª Temporada,2023,Série,1080p,0,True,124,71
fora-de-controle-2,Fora de Controle,2023,Filme,1080p,2,True,112,59
fora-de-controle-3,Fora de Controle,2024,Filme,1080p,3,True,112,59
fora-de-mim,Fora de Mim,2024,Filme,1080p,1,True,107,54
fora-de-rumo,Fora de Rumo,2005,Filme,1080p,2,True,108,55
fora-de-sincronia,Fora de Sincronia,2021,Filme,1080p,2,True,113,60
fora-dos-muros-da-escola,Fora dos Muros da Escola,2021,Filme,1080p,4,True,120,67
fora-dos-muros-da-escola-ii,Fora dos Muros da Escola II,2023,Filme,1080p,3,True,123,70
the-dry-2-forca-da-natureza,The Dry 2: Força da Natureza,2024,Filme,1080p,3,True,124,71
ford-vs-ferrari,Ford vs Ferrari,2019,Filme,1080p,4,True,111,58
forrest-gump-o-contador-de-historias,Forrest Gump: O Contador de Histórias,1994,Filme,1080p,3,True,133,80
fortuna-1a-temporada,Fortuna 1ª Temporada,2022,Série,1080p,0,True,116,63
fortuna-2a-temporada,Fortuna 2ª Temporada,2024,Série,1080p,0,True,116,63
fortuna-3a-temporada,Fortuna 3ª Temporada,2025,Série,1080p,0,True,116,63
fortuna-perigosa,Fortuna Perigosa,2024,Filme,1080p,1,True,112,59
forca-bruta,Força Bruta,2022,Filme,1080p,3,True,107,54
forca-bruta-condenacao,Força Bruta: Condenação,2024,Filme,1080p,5,True,119,66
forca-bruta-punicao,Força Bruta: Punição,2024,Filme,1080p,4,True,116,63
forca-bruta-sem-saida,Força Bruta: Sem Saída,2023,Filme,1080p,3,True,118,65
forca-letal,Força Letal,2019,Filme,1080p,2,True,107,54
forcas-hostis,Forças Hostis,2023,Filme,1080p,2,True,109,56
forcas-obscuras,Forças Obscuras,2024,Filme,1080p,3,True,111,58
fragmentado,Fragmentado,2017,Filme,1080p,2,True,107,54
frankenstein,Frankenstein,2025,Filme,1080p,3,True,108,55
frankie-e-os-monstros,Frankie e os Monstros,2025,Filme,1080p,3,True,117,64
franz-klammer-a-lenda-do-esqui,Franz Klammer - A Lenda do Esqui,2021,Filme,1080p,2,True,128,75
fratura,Fratura,2019,Filme,1080p,2,True,103,50
freaky-tales,Freaky Tales,2025,Filme,1080p,3,True,108,55
french-lover,French Lover,2025,Filme,1080p,2,True,108,55
frente-a-frente,Frente à Frente,2021,Filme,1080p,3,True,111,58
fresh,Fresh,2022,Filme,1080p,2,True,101,48
fresh-hell-adolescentes-mortos,Fresh Hell: Adolescentes Mortos,2024,Filme,1080p,1,True,127,74
fresh-hell-lobos-contra-o-mundo,Fresh Hell: Lobos Contra o Mundo,2024,Filme,1080p,2,True,128,75
frieren-e-a-jornada-para-o-alem-1a-temporada,Frieren e a Jornada para o Além 1ª Temporada,2023,Série,1080p,0,True,140,87
frio-nos-ossos,Frio nos Ossos,2023,Filme,1080p,3,True,110,57
from-the-river-to-the-sea-um-filme-sobre-a-guerra-em-israel,From the River to the Sea - Um Filme Sobre a Guerra em Israel,2024,Filme,1080p,1,True,157,104
fronteira-sombria,Fronteira Sombria,2024,Filme,1080p,4,True,113,60
fronteira-de-odio,Fronteira de Ódio,2023,Filme,1080p,2,True,113,60
frozen-hot-boys,Frozen Hot Boys,2025,Filme,1080p,2,True,111,58
frozen-o-musical,Frozen: O Musical,2025,Filme,1080p,2,True,113,60
fubar-1a-temporada,Fubar 1ª Temporada,2023,Série,1080p,0,True,114,61
fubar-2a-temporada,Fubar 2ª Temporada,2025,Série,1080p,0,True,114,61
fuga-fatal,Fuga Fatal,2025,Filme,1080p,3,True,106,53
fuga-da-alemanha,Fuga da Alemanha,2024,Filme,1080p,3,True,112,59
fuga-de-pretoria,Fuga de Pretória,2020,Filme,1080p,3,True,112,59
donzela-2,Donzela,2023,Filme,1080p,1,True,103,50
fugindo-da-terra-do-nunca,Fugindo da Terra do Nunca,2022,Filme,1080p,2,True,121,68
fugindo-do-paraiso,Fugindo do Paraíso,2023,Filme,1080p,2,True,114,61
fugitivo-por-acidente,Fugitivo por Acidente,2025,Filme,1080p,2,True,117,64
fuja,Fuja,2020,Filme,1080p,3,True,100,47
fundacao-1a-temporada,Fundação 1ª Temporada,2021,Série,1080p,0,True,117,64
fundacao-2a-temporada,Fundação 2ª Temporada,2023,Série,1080p,0,True,117,64
fundacao-3a-temporada,Fundação 3ª Temporada,2025,Série,1080p,0,True,117,64
furiosa-uma-saga-mad-max,Furiosa: Uma Saga Mad Max,2024,Filme,1080p,4,True,121,68
furioza-2,Furioza 2,2025,Filme,1080p,3,True,105,52
futurama-13a-temporada,Futurama 13ª Temporada,2025,Série,1080p,0,True,118,65
fa-ou-hater,Fã ou Hater?,2025,Filme,1080p,1,True,108,55
fe-para-o-impossivel,Fé para o Impossível,2025,Filme,1080p,1,True,116,63
ferias-forcadas,Férias Forçadas,2025,Filme,1080p,1,True,111,58
ferias-frustradas-de-natal,Férias Frustradas de Natal,1989,Filme,1080p,1,True,122,69
ferias-macabras,Férias Macabras,2024,Filme,1080p,2,True,111,58
ferias-na-fazenda,Férias na Fazenda,2023,Filme,1080p,2,True,113,60
formula-selvagem,Fórmula selvagem,2021,Filme,1080p,2,True,112,59
furia-assassina,Fúria Assassina,2024,Filme,1080p,1,True,111,58
furia-incontrolavel,Fúria Incontrolável,2020,Filme,1080p,3,True,115,62
furia-primitiva,Fúria Primitiva,2024,Filme,1080p,2,True,111,58
furia-sem-limites,Fúria Sem Limites,2022,Filme,1080p,2,True,113,60
furia-sobre-rodas,Fúria Sobre Rodas,2023,Filme,1080p,2,True,113,60
furia-da-natureza,Fúria da Natureza,2023,Filme,1080p,3,True,113,60
furia-em-alto-mar,Fúria em Alto Mar,2018,Filme,1080p,3,True,113,60
g20,G20,2025,Filme,1080p,3,True,99,46
goat,GOAT,2025,Filme,1080p,2,True,100,47
gtmax,GTMAX,2024,Filme,1080p,3,True,101,48
gachiakuta-1a-temporada,Gachiakuta 1ª Temporada,2025,Série,1080p,0,True,119,66
gaga-chromatica-ball,Gaga Chromatica Ball,2024,Filme,1080p,1,True,116,63
game-mortal,Game Mortal,2025,Filme,1080p,3,True,107,54
game-star-a-jogada-final,Game Star: A Jogada Final,2020,Filme,1080p,3,True,121,68
serie-game-of-thrones-1a-ate-8a-todas-as-temporadas,Serie Game of Thrones 1ª até 8ª Todas as Temporadas,2011,Série,1080p,0,True,147,94
gananciosos,Gananciosos,2024,Filme,1080p,3,True,107,54
gangstas,Gangstas,2025,Filme,1080p,2,True,104,51
gangues-de-los-angeles,Gangues de Los Angeles,2020,Filme,1080p,3,True,118,65
ganhar-ou-perder-1a-temporada,Ganhar ou Perder 1ª Temporada,2025,Série,1080p,0,True,125,72
gannibal-1a-temporada,Gannibal 1ª Temporada,2022,Série,1080p,0,True,117,64
gannibal-2a-temporada,Gannibal 2ª Temporada,2025,Série,1080p,0,True,117,64
ganymede,Ganymede,2024,Filme,1080p,3,True,104,51
garcia-garcia,Garcia & Garcia,2021,Filme,1080p,1,True,111,58
garfield-fora-de-casa,Garfield: Fora de Casa,2024,Filme,1080p,3,True,118,65
garota-rebelde,Garota Rebelde,2021,Filme,1080p,1,True,110,57
garota-roubada,Garota Roubada,2025,Filme,1080p,3,True,110,57
garota-sequestrada-1a-temporada,Garota Sequestrada 1ª Temporada,2026,Série,1080p,0,True,127,74
garotas-em-fuga,Garotas em Fuga,2024,Filme,1080p,2,True,111,58
garotos-detetives-mortos,Garotos Detetives Mortos,2024,Série,1080p,0,True,120,67
garra-de-ferro,Garra de Ferro,2023,Filme,1080p,2,True,110,57
gatilheiro,Gatilheiro,2025,Filme,1080p,2,True,106,53
gato-galactico-e-o-feitico-do-tempo,Gato Galactico e o Feitiço do Tempo,2024,Filme,1080p,1,True,131,78
gen-v-1a-temporada,Gen V 1ª Temporada,2023,Série,1080p,0,True,114,61
gen-v-2a-temporada,Gen V 2ª Temporada,2025,Série,1080p,0,True,114,61
general-hadik,General Hadik,2023,Filme,1080p,3,True,109,56
george-washington-o-primeiro-presidente-da-america,George Washington - O Primeiro Presidente da América,2022,Filme,1080p,2,True,148,95
georgie-e-mandy-seu-primeiro-casamento-1a-temporada,Georgie e Mandy Seu Primeiro Casamento 1ª Temporada,2024,Série,1080p,0,True,147,94
geracao-do-futuro,Geração do Futuro,2023,Filme,1080p,3,True,113,60
gerda,Gerda,2021,Filme,1080p,1,True,101,48
get-millie-black-1a-temporada,Get Millie Black 1ª Temporada,2024,Série,1080p,0,True,125,72
ghostbusters-apocalipse-de-gelo,Ghostbusters: Apocalipse de Gelo,2024,Filme,1080p,3,True,128,75
ghostlight,Ghostlight,2024,Filme,1080p,1,True,106,53
gigantes,Gigantes,2024,Filme,1080p,3,True,104,51
gigolo-americano,Gigolô Americano,2022,Série,,0,True,95,59
ginny-e-georgia-1a-temporada,Ginny e Georgia 1ª Temporada,2021,Série,1080p,0,True,124,71
ginny-e-georgia-2a-temporada,Ginny e Georgia 2ª Temporada,2023,Série,1080p,0,True,124,71
ginny-e-georgia-3a-temporada,Ginny e Georgia 3ª Temporada,2025,Série,1080p,0,True,124,71
girl-lost-2-uma-historia-de-hollywood,Girl Lost 2 - Uma História de Hollywood,2020,Filme,1080p,2,True,135,82
girl-lost-a-garota-de-programa,Girl Lost - A Garota de Programa,2018,Filme,1080p,1,True,128,75
girl-taken,Girl Taken,2025,Filme,1080p,1,True,106,53
gladiador,Gladiador,2000,Filme,1080p,3,True,105,52
gladiador-2,Gladiador 2,2024,Filme,1080p,2,True,107,54
gladiadores,Gladiadores,2025,Filme,1080p,1,True,107,54
god-complex-o-complexo-industrial-da-censura,God Complex - O Complexo Industrial da Censura,2025,Filme,1080p,1,True,142,89
godfather-of-harlem-1a-temporada,Godfather of Harlem 1ª Temporada,2020,Série,1080p,0,True,128,75
godfather-of-harlem-2a-temporada,Godfather of Harlem 2ª Temporada,2021,Série,1080p,0,True,128,75
godfather-of-harlem-3a-temporada,Godfather of Harlem 3ª Temporada,2023,Série,1080p,0,True,128,75
godfather-of-harlem-4a-temporada,Godfather of Harlem 4ª Temporada,2025,Série,1080p,0,True,128,75
godzilla,Godzilla,2014,Filme,1080p,3,True,104,51
godzilla-ii-rei-dos-monstros,Godzilla II: Rei dos Monstros,2019,Filme,1080p,4,True,125,72
godzilla-minus-one,Godzilla Minus One,2023,Filme,1080p,3,True,114,61
godzilla-ponto-singular-1a-temporada,Godzilla Ponto Singular 1ª Temporada,2021,Série,1080p,0,True,132,79
godzilla-e-kong-o-novo-imperio,Godzilla e Kong: O Novo Império,2024,Filme,1080p,4,True,127,74
godzilla-vs-kong,Godzilla vs. Kong,2021,Filme,1080p,3,True,113,60
god-s-soldier,God's Soldier,2025,Filme,1080p,2,True,109,56
going-dutch-1a-temporada,Going Dutch 1ª Temporada,2025,Série,1080p,0,True,120,67
gokushufudou-tatsu-imortal,Gokushufudou: Tatsu Imortal,2021,Série,1080p,0,True,123,70
golpe-parisiense,Golpe Parisiense,2023,Filme,1080p,2,True,112,59
golpe-de-sorte,Golpe de Sorte,2024,Filme,1080p,2,True,110,57
golpe-de-superacao,Golpe de Superação,2025,Filme,1080p,1,True,114,61
gonzaga-de-pai-pra-filho,Gonzaga: De Pai pra Filho,2012,Filme,1080p,1,True,121,68
gonzaga-de-pai-pra-filho-2,Gonzaga: De Pai pra Filho,2012,Filme,1080p,2,True,121,68
good-kill-maxima-precisao,Good Kill - Máxima Precisão,2015,Filme,1080p,3,True,123,70
good-news,Good News,2025,Filme,1080p,2,True,105,52
goosebumps-1a-temporada,Goosebumps 1ª Temporada,2023,Série,1080p,0,True,119,66
goosebumps-2-halloween-assombrado,Goosebumps 2: Halloween Assombrado,2018,Filme,1080p,3,True,130,77
goosebumps-2a-temporada,Goosebumps 2ª Temporada,2025,Série,1080p,0,True,119,66
goosebumps-monstros-e-arrepios,Goosebumps: Monstros e Arrepios,2015,Filme,1080p,3,True,127,74
grand-finale,Grand Finale,2024,Filme,1080p,1,True,108,55
grande-sertao,Grande Sertão,2024,Filme,1080p,2,True,109,56
greice,Greice,2024,Filme,1080p,2,True,102,49
greyhound-na-mira-do-inimigo,Greyhound - Na Mira do Inimigo,2020,Filme,1080p,3,True,126,73
greyhound-na-mira-do-inimigo-2,Greyhound - Na Mira do Inimigo,2020,Filme,1080p,3,True,126,73
gringa,Gringa,2023,Filme,1080p,2,True,102,49
gritos-mortais,Gritos Mortais,2007,Filme,1080p,1,True,110,57
grosse-pointe-garden-society-1a-temporada,Grosse Pointe Garden Society 1ª Temporada,2025,Série,1080p,0,True,137,84
grotesquerie-1a-temporada,Grotesquerie 1ª Temporada,2024,Série,1080p,1,True,121,68
gravida-e-perseguida,Grávida e Perseguida,2020,Filme,1080p,1,True,116,63
guardiao-do-espelho,Guardião do Espelho,2025,Filme,1080p,1,True,115,62
guerra-2,Guerra 2,2025,Filme,1080p,3,True,104,51
guerra-civil,Guerra Civil,2024,Filme,1080p,3,True,108,55
guerra-contra-o-terror,Guerra Contra o Terror,2023,Filme,1080p,3,True,118,65
guerra-mundial-z,Guerra Mundial Z,2013,Filme,1080p,5,True,112,59
guerra-sem-regras,Guerra Sem Regras,2024,Filme,1080p,4,True,113,60
guerra-sob-a-terra,Guerra Sob a Terra,2021,Filme,1080p,3,True,114,61
guerra-ao-cartel,Guerra ao Cartel,2023,Filme,1080p,3,True,112,59
guerra-ao-trafico,Guerra ao Tráfico,2023,Filme,1080p,3,True,113,60
guerra-e-revolta,Guerra e Revolta,2024,Filme,1080p,3,True,112,59
guerreiras-do-ar,Guerreiras do Ar,2024,Filme,1080p,3,True,112,59
guerreiras-do-k-pop,Guerreiras do K-Pop,2025,Filme,1080p,3,True,115,62
guerreiros-do-basquete,Guerreiros do Basquete,2024,Filme,1080p,1,True,118,65
gump-2-aventura-em-dobro,Gump 2 - Aventura em Dobro,2024,Filme,1080p,2,True,122,69
gump-uma-licao-de-vida,Gump: Uma Lição de Vida,2021,Filme,1080p,3,True,119,66
haikyu-the-dumpster-battle-1a-temporada,HAIKYU!! The Dumpster Battle 1ª Temporada,2024,Série,1080p,0,True,137,84
hachiko-para-sempre,Hachiko: Para Sempre,2023,Filme,1080p,2,True,116,63
hacker-privacidade-violada,Hacker - Privacidade Violada,2020,Filme,1080p,1,True,124,71
haikyuu-a-batalha-do-lixao,Haikyuu!! A Batalha do Lixão,2024,Filme,1080p,2,True,124,71
hallow-road,Hallow Road,2025,Filme,1080p,3,True,107,54
hallow-road-caminho-sem-volta,Hallow Road: Caminho Sem Volta,2025,Filme,1080p,3,True,126,73
hamnet-a-vida-antes-de-hamlet,Hamnet: A Vida Antes de Hamlet,2025,Filme,1080p,3,True,126,73
han-solo-uma-historia-star-wars,Han Solo: Uma História Star Wars,2018,Filme,1080p,4,True,128,75
hardcore-no-submundo-do-sexo,Hardcore: No Submundo do Sexo,1979,Filme,1080p,3,True,125,72
harley-quinn-1a-temporada,Harley Quinn 1ª Temporada,2019,Série,1080p,0,True,121,68
harley-quinn-2a-temporada,Harley Quinn 2ª Temporada,2020,Série,1080p,0,True,121,68
harley-quinn-3a-temporada,Harley Quinn 3ª Temporada,2022,Série,1080p,0,True,121,68
harley-quinn-4a-temporada,Harley Quinn 4ª Temporada,2023,Série,1080p,0,True,121,68
arlequina-harley-quinn-5a-temporada,Arlequina (Harley Quinn) 5ª Temporada,2025,Série,1080p,0,True,133,80
harmony-as-cinco-frequencias,Harmony: As Cinco Frequências,2018,Filme,1080p,4,True,125,72
harold-e-o-lapis-magico,Harold e o Lápis Mágico,2024,Filme,1080p,4,True,119,66
harpia-presenca-maligna,Harpia: Presença Maligna,2025,Filme,1080p,1,True,120,67
harry-sally-feitos-um-para-o-outro,Harry & Sally: Feitos um para o Outro,1989,Filme,1080p,3,True,133,80
harry-potter-e-a-camara-secreta,Harry Potter e a Câmara Secreta,2002,Filme,1080p,3,True,127,74
harry-potter-e-a-ordem-da-fenix,Harry Potter e a Ordem da Fênix,2007,Filme,1080p,3,True,127,74
harry-potter-e-a-pedra-filosofal,Harry Potter e a Pedra Filosofal,2001,Filme,1080p,2,True,128,75
harry-potter-e-as-reliquias-da-morte-parte-1,Harry Potter e as Relíquias da Morte - Parte 1,2010,Filme,1080p,3,True,142,89
harry-potter-e-as-reliquias-da-morte-parte-2,Harry Potter e as Relíquias da Morte - Parte 2,2011,Filme,1080p,3,True,142,89
harry-potter-e-o-calice-de-fogo,Harry Potter e o Cálice de Fogo,2005,Filme,1080p,3,True,127,74
harry-potter-e-o-enigma-do-principe,Harry Potter e o Enigma do Príncipe,2009,Filme,1080p,3,True,131,78
harry-potter-e-o-prisioneiro-de-azkaban,Harry Potter e o Prisioneiro de Azkaban,2004,Filme,1080p,3,True,135,82
harry-potter-colecao-8-filmes,Harry Potter – Coleção 8 Filmes,2001,Filme,1080p,1,True,127,74
heart-eyes,Heart Eyes,2025,Filme,1080p,3,True,106,53
heartstopper-1a-temporada,Heartstopper 1ª Temporada,2022,Série,1080p,0,True,121,68
heartstopper-2a-temporada,Heartstopper 2ª Temporada,2023,Série,1080p,0,True,121,68
heartstopper-3a-temporada,Heartstopper 3ª Temporada,2024,Série,1080p,0,True,121,68
hedda,Hedda,2025,Filme,1080p,2,True,101,48
hell-house-a-origem,Hell House: A Origem,2023,Filme,1080p,2,True,116,63
hell-motel-1a-temporada,Hell Motel 1ª Temporada,2025,Série,1080p,0,True,119,66
hellboy,Hellboy,2004,Filme,1080p,3,True,103,50
hellboy-2,Hellboy,2019,Filme,1080p,4,True,103,50
hellboy-ii-o-exercito-dourado,Hellboy II - O Exército Dourado,2008,Filme,1080p,3,True,127,74
hellboy-e-o-homem-torto,Hellboy: e o Homem Torto,2024,Filme,1080p,3,True,120,67
hellfire,Hellfire,2026,Filme,1080p,2,True,104,51
hellraiser-colecao,Hellraiser: Coleção,1986,Filme,1080p,1,True,115,62
hell-s-paradise-1a-temporada,Hell's Paradise 1ª Temporada,2023,Série,1080p,0,True,124,71
hemet-ou-a-senhoria-nao-bebe-cha,"Hemet, ou a Senhoria Não Bebe Chá",2024,Filme,1080p,4,True,129,76
henry-klauss-mestres-da-magica,Henry & Klauss: Mestres da Mágica,2025,Filme,1080p,1,True,129,76
henry-danger-o-filme,Henry Danger: O Filme,2025,Filme,1080p,4,True,117,64
heranca-roubada,Herança Roubada,2024,Filme,1080p,2,True,111,58
herege,Herege,2024,Filme,1080p,2,True,102,49
herman,Herman,2025,Filme,1080p,3,True,102,49
heroi-por-encomenda,Herói por Encomenda,2023,Filme,1080p,2,True,115,62
herois-do-amanhecer,Heróis do Amanhecer,2024,Filme,1080p,3,True,115,62
hierarchy,Hierarchy,2024,Série,1080p,0,True,105,52
hierarquia-do-crime,Hierarquia do Crime,2025,Filme,1080p,3,True,115,62
high-ground-cerco-fechado,High Ground: Cerco Fechado,2025,Filme,1080p,3,True,122,69
hill-amor-pelo-jogo,Hill: Amor Pelo Jogo,2023,Filme,1080p,2,True,116,63
hill-amor-pelo-jogo-2,Hill: Amor pelo Jogo,2023,Filme,1080p,2,True,116,63
hipocondriaco,Hipocondríaco,2022,Filme,1080p,2,True,109,56
historia-de-amor-john-f-kennedy-jr-e-carolyn-bessette-1a-temporada,História de Amor: John F. Kennedy Jr. e Carolyn Bessette 1ª Temporada,2026,Série,1080p,0,True,158,112
historia-do-fascismo-1a-temporada,História do Fascismo 1ª Temporada,2025,Série,1080p,0,True,129,76
historias-cruzadas,Histórias Cruzadas,2011,Filme,1080p,1,True,114,61
historias-estranhas,Histórias Estranhas,2019,Filme,1080p,1,True,115,62
historias-estranhas-2,Histórias Estranhas 2,2024,Filme,1080p,2,True,117,64
historias-invisiveis,Histórias Invisíveis,2024,Filme,1080p,1,True,116,63
historias-do-coracao,Histórias do Coração,2022,Filme,1080p,1,True,116,63
hitler-e-o-nazismo-comeco-meio-e-fim,"Hitler e o Nazismo: Começo, Meio e Fim",2024,Série,1080p,0,True,134,81
hitman-assassino-47,Hitman: Assassino 47,2007,Filme,1080p,3,True,116,63
holland,Holland,2025,Filme,1080p,1,True,103,50
holler,Holler,2021,Filme,1080p,1,True,102,49
home-before-dark-1a-temporada,Home Before Dark 1ª Temporada,2020,Série,1080p,0,True,125,72
home-before-dark-2a-temporada,Home Before Dark 2ª Temporada,2021,Série,1080p,1,True,125,72
home-sweet-home-rebirth,Home Sweet Home: Rebirth,2025,Filme,1080p,3,True,120,67
homeland-seguranca-nacional-1a-temporada,Homeland - Segurança Nacional 1ª Temporada,2011,Série,1080p,0,True,138,85
homeland-seguranca-nacional-2a-temporada,Homeland - Segurança Nacional 2ª Temporada,2012,Série,1080p,0,True,138,85
homeland-seguranca-nacional-3a-temporada,Homeland - Segurança Nacional 3ª Temporada,2013,Série,1080p,0,True,138,85
homeland-seguranca-nacional-4a-temporada,Homeland - Segurança Nacional 4ª Temporada,2014,Série,1080p,0,True,138,85
homeland-seguranca-nacional-5a-temporada,Homeland - Segurança Nacional 5ª Temporada,2015,Série,1080p,0,True,138,85
homeland-seguranca-nacional-6a-temporada,Homeland - Segurança Nacional 6ª Temporada,2017,Série,1080p,0,True,138,85
homeland-seguranca-nacional-7a-temporada,Homeland - Segurança Nacional 7ª Temporada,2018,Série,1080p,0,True,138,85
homeland-seguranca-nacional-8a-temporada,Homeland - Segurança Nacional 8ª Temporada,2020,Série,1080p,0,True,138,85
homem-x-bebe-1a-temporada,Homem X Bebê 1ª Temporada,2025,Série,1080p,0,True,121,68
homem-com-h,Homem com H,2025,Filme,1080p,2,True,107,54
homem-pipa-ja-e-1a-temporada,Homem-Pipa: Já É! 1ª Temporada,2024,Série,1080p,0,True,126,73
homens-maus,Homens Maus,2023,Filme,1080p,2,True,107,54
homens-de-bem,Homens de Bem,2024,Filme,1080p,2,True,109,56
honey-nao,"Honey, Não!",2025,Filme,1080p,2,True,107,54
honor-society,Honor Society,2022,Filme,1080p,1,True,109,56
honra-ao-merito,Honra ao Mérito,2017,Filme,1080p,2,True,111,58
hora-do-massacre,Hora do Massacre,2024,Filme,1080p,3,True,112,59
horizon-uma-saga-americana-capitulo-1,Horizon: Uma Saga Americana - Capítulo 1,2024,Filme,1080p,2,True,136,83
hospedeira,Hospedeira,2025,Filme,1080p,1,True,106,53
hostis,Hostis,2017,Filme,1080p,3,True,102,49
hotel-bitcoin,Hotel Bitcoin,2024,Filme,1080p,1,True,109,56
hotel-dunsmuir,Hotel Dunsmuir,2022,Filme,1080p,1,True,110,57
hotel-hazbin-1a-temporada,Hotel Hazbin 1ª Temporada,2024,Série,1080p,0,True,121,68
hotel-hazbin-2a-temporada,Hotel Hazbin 2ª Temporada,2025,Série,1080p,0,True,121,68
housekeeping-for-beginners,Housekeeping for Beginners,2024,Filme,1080p,2,True,122,69
how-to-have-sex,How to Have Sex,2023,Filme,1080p,1,True,111,58
how-to-make-a-killing,How to Make a Killing,2025,Filme,1080p,2,True,117,64
humane,Humane,2024,Filme,1080p,3,True,102,49
hunting-jessica-brok,Hunting Jessica Brok,2025,Filme,1080p,2,True,116,63
hurry-up-tomorrow-alem-dos-holofotes,Hurry Up Tomorrow: Além dos Holofotes,2025,Filme,1080p,2,True,133,80
hypnotic-ameaca-invisivel,Hypnotic: Ameaça Invisível,2023,Filme,1080p,3,True,122,69
hercules,Hércules,1997,Filme,1080p,4,True,104,51
i-love-la-1a-temporada,I Love LA 1ª Temporada,2025,Série,1080p,0,True,118,65
i-saw-the-tv-glow,I Saw the TV Glow,2024,Filme,1080p,3,True,113,60
i-s-s,I.S.S.,2024,Filme,1080p,2,True,102,49
it-capitulo-dois,IT: Capítulo Dois,2019,Filme,1080p,2,True,113,60
ice-fall,Ice Fall,2025,Filme,1080p,2,True,104,51
ice-skater,Ice Skater,2026,Filme,1080p,2,True,106,53
identidades-em-jogo,Identidades em Jogo,2024,Filme,1080p,2,True,115,62
ilha-fantasma,Ilha Fantasma,2021,Filme,1080p,2,True,109,56
ilha-do-renascimento,Ilha do Renascimento,2024,Filme,1080p,2,True,116,63
imaculada,Imaculada,2024,Filme,1080p,3,True,105,52
imaginario-brinquedo-diabolico,Imaginário – Brinquedo Diabólico,2024,Filme,1080p,3,True,128,75
immortal,Immortal,2019,Filme,1080p,1,True,104,51
imparavel,Imparável,2024,Filme,1080p,1,True,105,52
imperfeitamente-perfeita,Imperfeitamente Perfeita,2025,Filme,1080p,2,True,120,67
impiedoso,Impiedoso,2023,Filme,1080p,2,True,105,52
implacavel,Implacável,2019,Filme,1080p,2,True,106,53
imprevisto-de-natal,Imprevisto de Natal,2021,Filme,1080p,3,True,115,62
improvisacao-perigosa,Improvisação Perigosa,2025,Filme,1080p,3,True,117,64
impulso,Impulso,2024,Filme,1080p,2,True,103,50
impuros-o-filme,Impuros: O Filme,2019,Filme,1080p,2,True,112,59
in-the-sub-for-love,In the Sub for Love,2024,Filme,1080p,2,True,115,62
incisoes-perigosas,Incisões Perigosas,2020,Filme,1080p,1,True,114,61
incontrolavel,Incontrolável,2010,Filme,1080p,2,True,109,56
indiana-jones-colecao,Indiana Jones Coleção,1981,Filme,1080p,1,True,117,64
indiana-jones-e-a-reliquia-do-destino,Indiana Jones e A Relíquia do Destino,2023,Filme,1080p,3,True,133,80
indiana-jones-e-a-ultima-cruzada,Indiana Jones e a Última Cruzada,1989,Filme,1080p,2,True,128,75
indiana-jones-e-o-templo-da-perdicao,Indiana Jones e o Templo da Perdição,1984,Filme,1080p,2,True,132,79
indomavel-1a-temporada,Indomável 1ª Temporada,2025,Série,1080p,0,True,118,65
industria-do-prazer,Indústria do Prazer,2023,Filme,1080p,3,True,115,62
inexplicavel,Inexplicável,2024,Filme,1080p,1,True,108,55
inferno,Inferno,2016,Filme,1080p,3,True,103,50
inferno-abandonado,Inferno Abandonado,2023,Filme,1080p,1,True,114,61
inferno-tropical,Inferno Tropical,2023,Filme,1080p,5,True,112,59
inferno-em-la-palma-1a-temporada,Inferno em La Palma 1ª Temporada,2024,Série,1080p,0,True,128,75
inferno-no-gelo,Inferno no Gelo,2019,Filme,1080p,2,True,111,58
inferno-no-pantano,Inferno no Pântano,2025,Filme,1080p,3,True,114,61
infestacao,Infestação,2023,Filme,1080p,3,True,106,53
infiltrada-golpe-de-vinganca,Infiltrada: Golpe de Vingança,2022,Filme,1080p,2,True,125,72
infiltrado,Infiltrado,2021,Filme,1080p,3,True,106,53
infiltrado-2,Infiltrado,2023,Filme,1080p,3,True,106,53
infiltrado-na-mafia,Infiltrado na Máfia,2023,Filme,1080p,3,True,115,62
infiltracao,Infiltração,2022,Filme,1080p,2,True,107,54
infiniti,Infiniti,2022,Série,1080p,0,True,104,51
infinito,Infinito,2021,Filme,1080p,4,True,104,51
influencer-do-mal-a-historia-de-jodi-hildebrandt,Influencer do Mal: A História de Jodi Hildebrandt,2025,Filme,1080p,2,True,145,92
infancia-roubada,Infância Roubada,2019,Filme,1080p,2,True,112,59
infancia-sombria,Infância Sombria,2025,Filme,1080p,2,True,112,59
inimigo-do-estado,Inimigo do Estado,1998,Filme,1080p,3,True,113,60
inspetor-zende,Inspetor Zende,2025,Filme,1080p,3,True,110,57
instinto-assassino,Instinto Assassino,2021,Filme,1080p,2,True,114,61
instinto-fatal,Instinto Fatal,2024,Filme,1080p,2,True,110,57
instinto-materno-2,Instinto Materno,2024,Filme,1080p,2,True,112,59
instinto-voraz,Instinto Voraz,2024,Filme,1080p,3,True,110,57
interestelar,Interestelar,2014,Filme,1080p,3,True,108,55
intocaveis,Intocáveis,2011,Filme,1080p,2,True,106,53
intruso,Intruso,2023,Filme,1080p,2,True,103,50
invasion-1a-temporada,Invasion 1ª Temporada,2021,Série,1080p,0,True,117,64
invasion-2a-temporada,Invasion 2ª Temporada,2023,Série,1080p,0,True,117,64
invasion-3a-temporada,Invasion 3ª Temporada,2025,Série,1080p,0,True,117,64
amor-enrolado-2,Amor Enrolado,2007,Filme,1080p,2,True,109,56
invasores-da-noite,Invasores da Noite,2021,Filme,1080p,1,True,114,61
invasao-de-domicilio,Invasão de Domicílio,2021,Filme,1080p,1,True,116,63
invasao-de-lua-de-mel,Invasão de Lua de Mel,2025,Filme,1080p,1,True,117,64
invasao-a-venezuela,Invasão à Venezuela,2024,Filme,1080p,4,True,115,62
invencivel,Invencível,2006,Filme,1080p,2,True,106,53
invencivel-2,Invencível,2025,Filme,1080p,2,True,106,53
invencivel-1a-temporada,Invencível 1ª Temporada,2021,Série,1080p,0,True,119,66
invencivel-2a-temporada,Invencível 2ª Temporada,2023,Série,1080p,0,True,119,66
invencivel-3a-temporada,Invencível 3ª Temporada,2025,Série,1080p,0,True,119,66
invencivel-eve-atomica,Invencível: Eve Atômica,2023,Filme,1080p,3,True,119,66
invencivel-eve-atomica-0a-temporada,Invencível: Eve Atômica 0ª Temporada,2023,Série,1080p,0,True,132,79
inverno-em-chamas,Inverno em Chamas,2023,Filme,1080p,2,True,113,60
investigando-lucy-letby,Investigando Lucy Letby,2026,Filme,1080p,2,True,119,66
invocacao-do-mal,Invocação do Mal,2013,Filme,1080p,2,True,112,59
invocacao-do-mal-2,Invocação do Mal 2,2016,Filme,1080p,1,True,114,61
invocacao-do-mal-3-a-ordem-do-demonio,Invocação do Mal 3: A Ordem do Demônio,2021,Filme,1080p,3,True,134,81
invocacao-do-mal-4-o-ultimo-ritual,Invocação do Mal 4: O Último Ritual,2025,Filme,1080p,1,True,131,78
ip-man-o-mestre-do-kung-fu,Ip Man: O Mestre do Kung Fu,2019,Filme,1080p,3,True,123,70
irma-de-neve,Irmã de Neve,2024,Filme,1080p,4,True,108,55
irmaos,Irmãos,2024,Filme,1080p,3,True,102,49
irmaos-sun-1a-temporada,Irmãos Sun 1ª Temporada,2024,Série,1080p,0,True,119,66
irmaos-de-guerra,Irmãos de Guerra,2022,Filme,1080p,3,True,112,59
irmaos-de-orfanato,Irmãos de Orfanato,2025,Filme,1080p,1,True,114,61
irmaos-de-sangue,Irmãos de Sangue,2024,Filme,1080p,1,True,112,59
irmaos-em-fuga,Irmãos em Fuga,2023,Filme,1080p,3,True,110,57
irmaos-em-tempos-de-guerra,Irmãos em Tempos de Guerra,2021,Filme,1080p,3,True,122,69
irmas-de-sorte,Irmãs de Sorte,2024,Filme,1080p,2,True,110,57
iron-within,Iron Within,2023,Filme,1080p,4,True,107,54
irracional-1a-temporada,Irracional 1ª Temporada,2024,Série,1080p,0,True,119,66
isca,Isca,2024,Filme,1080p,2,True,100,47
isolation-ward,Isolation Ward,2024,Filme,1080p,2,True,110,57
isso-ainda-esta-de-pe,Isso Ainda Está de Pé?,2025,Filme,1080p,2,True,118,65
it-feeds,It Feeds,2025,Filme,1080p,1,True,104,51
it-uma-obra-prima-do-medo,It - Uma Obra-Prima do Medo,1990,Filme,1080p,2,True,123,70
it-a-coisa,It: A Coisa,2017,Filme,1080p,2,True,107,54
it-bem-vindos-a-derry-1a-temporada,It: Bem-Vindos a Derry 1ª Temporada,2025,Série,1080p,0,True,131,78
i-ll-be-right-there,I'll Be Right There,2024,Filme,1080p,2,True,115,62
jack,Jack,1996,Filme,1080p,3,True,100,47
jack-chega-a-tempo-para-o-natal,Jack Chega A Tempo Para O Natal,2024,Filme,1080p,2,True,127,74
jack-reacher-o-ultimo-tiro,Jack Reacher: O Último Tiro,2012,Filme,1080p,4,True,123,70
jack-reacher-sem-retorno,Jack Reacher: Sem Retorno,2016,Filme,1080p,2,True,121,68
jack-a-caixa-maldita-3-a-ascensao,Jack: A Caixa Maldita 3 - A Ascensão,2024,Filme,1080p,1,True,132,79
jack-o-cacador-de-gigantes,Jack: O Caçador de Gigantes,2013,Filme,1080p,4,True,123,70
jackpot-loteria-mortal,Jackpot: Loteria Mortal!,2024,Filme,1080p,2,True,120,67
jade,Jade,1995,Filme,1080p,2,True,100,47
jade-guerreira-solitaria,Jade: Guerreira Solitária,2024,Filme,1080p,2,True,121,68
jane-austen-destruiu-minha-vida,Jane Austen Destruiu Minha Vida,2025,Filme,1080p,3,True,127,74
jane-nao-esta-bem,Jane Não Está Bem,2023,Filme,1080p,2,True,113,60
jantar-sangrento,Jantar Sangrento,2024,Filme,1080p,3,True,112,59
jardim-do-eden,Jardim do Éden,2025,Filme,1080p,1,True,110,57
jardim-dos-desejos,Jardim dos Desejos,2023,Filme,1080p,2,True,114,61
jardim-dos-girassois,Jardim dos Girassóis,2024,Filme,1080p,2,True,116,63
jason-bourne,Jason Bourne,2016,Filme,1080p,2,True,108,55
jay-kelly,Jay Kelly,2025,Filme,1080p,2,True,105,52
jentry-chau-contra-o-submundo-1a-temporada,Jentry Chau contra O Submundo 1ª Temporada,2024,Série,1080p,0,True,138,85
jerry-marge-tiram-a-sorte-grande,Jerry & Marge Tiram a Sorte Grande,2022,Filme,1080p,2,True,130,77
jester-a-morte-sorri,Jester: A Morte Sorri,2023,Filme,1080p,2,True,117,64
joan-1a-temporada,Joan 1ª Temporada,2024,Série,1080p,0,True,113,60
joe-e-a-viagem-de-carro,Joe e a Viagem de Carro,2026,Filme,1080p,1,True,119,66
joey-ella-uma-amizade-extraordinaria,Joey & Ella: Uma Amizade Extraordinária,2021,Filme,1080p,3,True,135,82
jogada-de-mestre,Jogada de Mestre,2015,Filme,1080p,4,True,112,59
jogo-assassino,Jogo Assassino,2019,Filme,1080p,2,True,110,57
jogo-bonito,Jogo Bonito,2024,Filme,1080p,1,True,107,54
jogo-justo,Jogo Justo,2023,Filme,1080p,2,True,106,53
jogo-sujo,Jogo Sujo,2025,Filme,1080p,2,True,105,52
jogo-de-assassinato,Jogo de Assassinato,2021,Filme,1080p,2,True,115,62
jogo-de-sacrificio,Jogo de Sacrifício,2023,Filme,1080p,1,True,114,61
jogo-do-destino,Jogo do Destino,2023,Filme,1080p,3,True,111,58
jogos-sombrios,Jogos Sombrios,2021,Filme,1080p,2,True,110,57
jogos-de-amor,Jogos de Amor,2024,Filme,1080p,2,True,109,56
jogos-de-caca,Jogos de Caça,2023,Filme,1080p,2,True,109,56
jogos-de-seducao,Jogos de Sedução,2025,Filme,1080p,1,True,112,59
john-candy-eu-me-amo,John Candy: Eu Me Amo,2025,Filme,1080p,2,True,117,64
john-wick-2-um-novo-dia-para-matar,John Wick 2: Um Novo Dia para Matar,2017,Filme,1080p,3,True,131,78
john-wick-3-parabellum,John Wick 3: Parabellum,2019,Filme,1080p,3,True,119,66
john-wick-4-baba-yaga,John Wick 4: Baba Yaga,2023,Filme,1080p,3,True,118,65
john-wick-de-volta-ao-jogo,John Wick: De Volta ao Jogo,2014,Filme,1080p,3,True,123,70
joika-uma-americana-no-bolshoi,Joika: Uma Americana no Bolshoi,2024,Filme,1080p,1,True,127,74
jorge-da-capadocia,Jorge da Capadócia,2024,Filme,1080p,3,True,114,61
jornada-da-vida,Jornada da Vida,2019,Filme,1080p,1,True,111,58
jornada-nas-estrelas-subalternos-1a-temporada,Jornada nas Estrelas: Subalternos 1ª Temporada,2020,Série,1080p,0,True,142,89
jornada-nas-estrelas-subalternos-2a-temporada,Jornada nas Estrelas: Subalternos 2ª Temporada,2021,Série,1080p,0,True,142,89
jornada-nas-estrelas-subalternos-3a-temporada,Jornada nas Estrelas: Subalternos 3ª Temporada,2022,Série,1080p,0,True,142,89
jornada-nas-estrelas-subalternos-4a-temporada,Jornada nas Estrelas: Subalternos 4ª Temporada,2023,Série,1080p,0,True,142,89
jornada-nas-estrelas-subalternos-5a-temporada,Jornada nas Estrelas: Subalternos 5ª Temporada,2024,Série,1080p,0,True,142,89
jovem-sheldon-young-sheldon-1a-temporada,Jovem Sheldon (Young Sheldon) 1ª Temporada,2017,Série,1080p,0,True,138,85
jovem-sheldon-young-sheldon-2a-temporada,Jovem Sheldon (Young Sheldon) 2ª Temporada,2018,Série,1080p,0,True,138,85
jovem-sheldon-young-sheldon-3a-temporada,Jovem Sheldon (Young Sheldon) 3ª Temporada,2019,Série,1080p,0,True,138,85
jovem-sheldon-young-sheldon-4a-temporada,Jovem Sheldon (Young Sheldon) 4ª Temporada,2020,Série,1080p,0,True,138,85
jovem-sheldon-young-sheldon-5a-temporada,Jovem Sheldon (Young Sheldon) 5ª Temporada,2021,Série,1080p,0,True,138,85
jovem-sheldon-young-sheldon-6a-temporada,Jovem Sheldon (Young Sheldon) 6ª Temporada,2022,Série,1080p,0,True,138,85
jovem-sheldon-young-sheldon-7a-temporada,Jovem Sheldon (Young Sheldon) 7ª Temporada,2024,Série,1080p,0,True,138,85
jovem-sherlock-1a-temporada,Jovem Sherlock 1ª Temporada,2026,Série,1080p,0,True,123,70
joy,Joy,2024,Filme,1080p,1,True,99,46
jujutsu-kaisen-0-o-filme,Jujutsu Kaisen 0: O Filme,2021,Filme,1080p,3,True,121,68
jujutsu-kaisen-1a-temporada,Jujutsu Kaisen 1ª Temporada,2020,Série,1080p,0,True,123,70
jumbo-um-coracao-gigante,Jumbo: Um Coração Gigante,2025,Filme,1080p,4,True,121,68
june-e-john,June e John,2025,Filme,1080p,3,True,107,54
juntos,Juntos,2025,Filme,1080p,2,True,102,49
juntos-e-separados,Juntos e Separados,2023,Filme,1080p,3,True,114,61
jurado-no-2,Jurado Nº 2,2024,Filme,1080p,3,True,107,54
jurassic-park-3,Jurassic Park 3,2001,Filme,1080p,5,True,111,58
o-mundo-perdido-jurassic-park,O Mundo Perdido: Jurassic Park,1993,Filme,1080p,2,True,126,73
jurassic-world-dominio,Jurassic World: Domínio,2022,Filme,1080p,4,True,119,66
jurassic-world-o-mundo-dos-dinossauros,Jurassic World: O Mundo dos Dinossauros,2015,Filme,1080p,5,True,135,82
jurassic-world-recomeco,Jurassic World: Recomeço,2025,Filme,1080p,3,True,120,67
jurassic-world-reino-ameacado,Jurassic World: Reino Ameaçado,2018,Filme,1080p,5,True,126,73
justa-causa,Justa Causa,1995,Filme,1080p,4,True,107,54
justica-artificial,Justiça Artificial,2026,Filme,1080p,3,True,114,61
justica-sem-limites,Justiça Sem Limites,2023,Filme,1080p,3,True,115,62
justica-para-o-meu-filho,Justiça para o Meu Filho,2023,Filme,1080p,2,True,120,67
juventude-perdida,Juventude Perdida,2019,Filme,1080p,1,True,113,60
k-o,K.O.,2025,Filme,1080p,3,True,100,47
kali-anjo-vingador,KALI: Anjo Vingador,2024,Filme,1080p,2,True,115,62
kaguya-a-princesa-espacial,Kaguya: A Princesa Espacial,2026,Filme,1080p,3,True,123,70
kaiju-no-8-1a-temporada,Kaiju No. 8 1ª Temporada,2024,Série,1080p,0,True,120,67
kaiju-no-8-1a-temporada-2,Kaiju No. 8 1ª Temporada,2024,Série,1080p,0,True,120,67
kaiju-no-8-2a-temporada,Kaiju No. 8 2ª Temporada,2025,Série,1080p,0,True,120,67
kaiju-no-8-missao-de-reconhecimento,Kaiju No. 8: Missão de Reconhecimento,2025,Filme,1080p,3,True,133,80
kakegurui-bet-1a-temporada,Kakegurui: Bet 1ª Temporada,2025,Série,1080p,0,True,123,70
kalki-2898-a-d-hindi,Kalki 2898 A.D. (Hindi),2024,Filme,1080p,5,True,119,66
kandisha-invocacao-ao-demonio,Kandisha: Invocação ao Demônio,2022,Filme,1080p,2,True,126,73
kaos-1a-temporada,Kaos 1ª Temporada,2024,Série,1080p,0,True,113,60
karate-kid,Karate Kid,2010,Filme,1080p,4,True,106,53
karate-kid-2-a-hora-da-verdade-continua,Karatê Kid 2: A Hora da Verdade Continua,1986,Filme,1080p,4,True,136,83
karate-kid-3-o-desafio-final,Karatê Kid 3: O Desafio Final,1989,Filme,1080p,4,True,125,72
karate-kid-4-a-nova-aventura,Karatê Kid 4: A Nova Aventura,1994,Filme,1080p,4,True,125,72
karate-kid-a-hora-da-verdade,Karatê Kid: A Hora da Verdade,1984,Filme,1080p,4,True,125,72
karate-kid-lendas,Karatê Kid: Lendas,2025,Filme,1080p,3,True,114,61
kasa-branca,Kasa Branca,2025,Filme,1080p,2,True,107,54
kate-leopold,Kate & Leopold,2001,Filme,1080p,3,True,110,57
kayara-a-princesa-inca,Kayara - A Princesa Inca,2025,Filme,1080p,3,True,120,67
kentucky-em-chamas,Kentucky em Chamas,2019,Filme,1080p,1,True,114,61
kill-o-massacre-no-trem,Kill: O Massacre no Trem,2024,Filme,1080p,4,True,120,67
killer-witches-from-outer-space,Killer Witches from Outer Space,2023,Filme,1080p,1,True,127,74
king-conqueror-1a-temporada,King & Conqueror 1ª Temporada,2025,Série,1080p,0,True,125,72
king-meu-melhor-amigo,King - Meu Melhor Amigo,2022,Filme,1080p,3,True,119,66
kneecap-musica-e-liberdade,Kneecap: Música e Liberdade,2024,Filme,1080p,3,True,123,70
knuckles-1a-temporada,Knuckles 1ª Temporada,2024,Série,1080p,0,True,117,64
kong-a-ilha-da-caveira,Kong: A Ilha da Caveira,2017,Filme,1080p,4,True,119,66
kraven-o-cacador,Kraven: O Caçador,2024,Filme,1080p,2,True,113,60
krazy-house,Krazy House,2024,Filme,1080p,2,True,107,54
kung-fu-mortal,Kung Fu Mortal,2014,Filme,1080p,4,True,110,57
kung-fu-panda-4,Kung Fu Panda 4,2024,Filme,1080p,3,True,111,58
lego-disney-princesa-viloes-unidos,LEGO Disney Princesa: Vilões Unidos,2025,Filme,1080p,5,True,131,78
lego-star-wars-reconstruindo-a-galaxia-1a-temporada,LEGO Star Wars: Reconstruindo a Galáxia 1ª Temporada,2025,Série,1080p,0,True,148,95
la-brea-a-terra-perdida-1a-temporada,La Brea: A Terra Perdida 1ª Temporada,2021,Série,1080p,0,True,133,80
la-brea-a-terra-perdida-2a-temporada,La Brea: A Terra Perdida 2ª Temporada,2022,Série,1080p,0,True,133,80
la-brea-a-terra-perdida-3a-temporada,La Brea: A Terra Perdida 3ª Temporada,2024,Série,1080p,0,True,133,80
la-posada,La Posada,2024,Filme,1080p,1,True,105,52
ladrao-de-joias-comeca-o-assalto,Ladrão de Joias: Começa o Assalto,2025,Filme,1080p,2,True,129,76
ladrao-que-rouba-ladrao,Ladrão que Rouba Ladrão,2023,Filme,1080p,2,True,119,66
ladroes,Ladrões,2025,Filme,1080p,3,True,103,50
ladroes-de-drogas-1a-temporada,Ladrões de Drogas 1ª Temporada,2025,Série,1080p,0,True,126,73
ladroes-de-ouro,Ladrões de Ouro,2025,Filme,1080p,4,True,111,58
landman-1a-temporada,Landman 1ª Temporada,2024,Série,1080p,0,True,116,63
landman-2a-temporada,Landman 2ª Temporada,2025,Série,1080p,0,True,116,63
lar-maldito-lar,Lar Maldito Lar,2023,Filme,1080p,2,True,111,58
largo-winch-o-preco-do-dinheiro,Largo Winch: O Preço do Dinheiro,2024,Filme,1080p,3,True,128,75
larissa-o-outro-lado-de-anitta,Larissa: O Outro Lado de Anitta,2025,Filme,1080p,2,True,127,74
lazarus-1a-temporada,Lazarus 1ª Temporada,2025,Série,1080p,0,True,116,63
lacos-de-sangue,Laços de Sangue,2022,Filme,1080p,1,True,111,58
lee,Lee,2024,Filme,1080p,3,True,99,46
lefter-o-mestre-do-futebol-turco,Lefter: O Mestre do Futebol Turco,2025,Filme,1080p,2,True,129,76
legado-corrompido-1a-temporada,Legado Corrompido 1ª Temporada,2025,Série,1080p,0,True,126,73
legado-explosivo,Legado Explosivo,2020,Filme,1080p,3,True,112,59
legiao,Legião,2010,Filme,1080p,3,True,102,49
leio-a-criatura-gigante,Leio - A Criatura Gigante,2022,Filme,1080p,3,True,121,68
leme-do-destino,Leme do Destino,2023,Filme,1080p,1,True,111,58
lenda-maldita,Lenda Maldita,2022,Filme,1080p,1,True,109,56
lendas-dos-herois-do-condor-os-valentes,Lendas dos Heróis do Condor: Os Valentes,2025,Filme,1080p,3,True,136,83
lendo-lolita-em-teera,Lendo Lolita em Teerã,2024,Filme,1080p,1,True,117,64
leroy-stitch,Leroy & Stitch,2006,Filme,1080p,2,True,110,57
levante,Levante,2023,Filme,1080p,1,True,103,50
leviata-1a-temporada,Leviatã 1ª Temporada,2025,Série,1080p,0,True,116,63
lia-o-filme,Lia: O Filme,2024,Filme,1080p,1,True,108,55
licorice-pizza,Licorice Pizza,2021,Filme,1080p,3,True,110,57
lifeline,Lifeline,2025,Filme,1080p,3,True,104,51
lift-roubo-nas-alturas,Lift: Roubo nas Alturas,2024,Filme,1080p,3,True,119,66
liga-da-justica-crise-nas-infinitas-terras-parte-dois,Liga da Justiça: Crise nas Infinitas Terras - Parte Dois,2024,Filme,1080p,3,True,152,99
liga-da-justica-crise-nas-infinitas-terras-parte-tres,Liga da Justiça: Crise nas Infinitas Terras – Parte Três,2024,Filme,1080p,3,True,152,99
liga-da-justica-crise-nas-infinitas-terras-parte-um,Liga da Justiça: Crise nas Infinitas Terras - Parte Um,2024,Filme,1080p,3,True,150,97
ligacao-assassina,Ligação Assassina,2023,Filme,1080p,3,True,113,60
ligacao-explosiva,Ligação Explosiva,2021,Filme,1080p,4,True,113,60
ligacao-sombria,Ligação Sombria,2023,Filme,1080p,2,True,111,58
light-shop-entre-a-vida-e-a-morte-1a-temporadatorrent-dual-audio,Light Shop: Entre a Vida e a Morte 1ª TemporadaTorrent Dual Áudio,2024,Série,1080p,0,True,158,108
like-a-dragon-yakuza-1a-temporada,Like a Dragon: Yakuza 1ª Temporada,2024,Série,1080p,0,True,130,77
lilo-stitch,Lilo & Stitch,2002,Filme,1080p,3,True,109,56
lilo-stitch-2,Lilo & Stitch,2025,Filme,1080p,4,True,109,56
lilo-stitch-2-stitch-deu-defeito,Lilo & Stitch 2: Stitch Deu Defeito,2005,Filme,1080p,4,True,131,78
lima-barreto-ao-terceiro-dia,Lima Barreto ao Terceiro Dia,2019,Filme,1080p,2,True,124,71
limite-vertical,Limite Vertical,2000,Filme,1080p,3,True,111,58
limpa,Limpa,2025,Filme,1080p,2,True,101,48
lindas-e-letais,Lindas e Letais,2026,Filme,1080p,2,True,111,58
linha-de-fogo,Linha de Fogo,2025,Filme,1080p,2,True,109,56
linha-de-frente,Linha de Frente,2013,Filme,1080p,2,True,111,58
lisa-frankenstein,Lisa Frankenstein,2024,Filme,1080p,3,True,113,60
listen-carefully,Listen Carefully,2024,Filme,1080p,2,True,112,59
little-wing,Little Wing,2024,Filme,1080p,1,True,107,54
lively-vs-baldoni-escandalo-em-hollywood,Lively vs Baldoni: Escândalo em Hollywood,2025,Filme,1080p,1,True,137,84
livre-encanto-criminal,Livre: Encanto criminal,2024,Filme,1080p,3,True,119,66
livros-restantes,Livros Restantes,2025,Filme,1080p,1,True,112,59
licoes-de-liberdade,Lições de Liberdade,2025,Filme,1080p,1,False,115,62
lobisomem,Lobisomem,2025,Filme,1080p,3,True,105,52
lobisomens,Lobisomens,2024,Filme,1080p,3,True,106,53
lobos-wolfs,Lobos (Wolfs),2024,Filme,1080p,4,True,109,56
lobos,Lobos,2022,Filme,1080p,4,True,101,48
logan,Logan,2017,Filme,1080p,4,True,101,48
logan-noir,Logan NOIR,2017,Filme,1080p,3,True,106,53
lolita,Lolita,1997,Filme,1080p,2,True,102,49
lolo-e-kid,Lolo e Kid,2024,Filme,1080p,1,True,106,53
lonely-people-nunca-confie-em-ninguem,Lonely People: Nunca Confie em Ninguém,2025,Filme,1080p,1,True,134,81
longlegs-vinculo-mortal,Longlegs - Vínculo Mortal,2024,Filme,1080p,4,True,121,68
longo-e-claro-rio-1a-temporada,Longo e Claro Rio 1ª Temporada,2025,Série,1080p,0,True,126,73
look-back,Look Back,2024,Filme,1080p,2,True,105,52
looney-tunes-o-filme-o-dia-que-a-terra-explodiu,Looney Tunes: O Filme: O Dia Que a Terra Explodiu,2025,Filme,1080p,3,True,145,92
loop-infinito,Loop Infinito,2024,Filme,1080p,3,True,109,56
lord-of-mysteries-1a-temporada,Lord of Mysteries 1ª Temporada,2025,Série,1080p,0,True,126,73
lost-1a-temporada,Lost 1ª Temporada,2004,Série,1080p,0,True,113,60
lost-2a-temporada,Lost 2ª Temporada,2005,Série,1080p,0,True,113,60
lost-3a-temporada,Lost 3ª Temporada,2006,Série,1080p,0,True,113,60
lost-4a-temporada,Lost 4ª Temporada,2008,Série,1080p,0,True,113,60
lost-5a-temporada,Lost 5ª Temporada,2009,Série,1080p,0,True,113,60
lost-6a-temporada,Lost 6ª Temporada,2010,Série,1080p,0,True,113,60
loteria-fatal,Loteria Fatal,2023,Filme,1080p,2,True,109,56
loucas-aventuras-em-punjab,Loucas Aventuras em Punjab,2024,Filme,1080p,2,True,122,69
loucos-por-justica,Loucos por Justiça,2020,Filme,1080p,3,True,114,61
louis-theroux-por-dentro-da-machosfera,Louis Theroux: Por Dentro da Machosfera,2026,Filme,1080p,1,True,135,82
love-lies-bleeding-o-amor-sangra,Love Lies Bleeding - O Amor Sangra,2024,Filme,1080p,3,True,130,77
love-me,Love Me,2025,Filme,1080p,3,True,103,50
love-me-2,Love Me,2025,Filme,1080p,3,True,103,50
love-death-robots-1a-temporada,"Love, Death & Robots 1ª Temporada",2019,Série,1080p,0,True,129,76
love-death-robots-2a-temporada,"Love, Death & Robots 2ª Temporada",2021,Série,1080p,0,True,129,76
love-death-robots-3a-temporada,"Love, Death & Robots 3ª Temporada",2022,Série,1080p,0,True,129,76
love-death-robots-4a-temporada,"Love, Death & Robots 4ª Temporada",2025,Série,1080p,0,True,129,76
lua-de-mel-inusitada,Lua de Mel Inusitada,2024,Filme,1080p,2,True,116,63
lua-de-sangue,Lua de Sangue,2023,Filme,1080p,3,True,109,56
luccas-e-gi-em-amor-de-mae,Luccas e Gi em: Amor de Mãe,2025,Filme,1080p,2,True,123,70
luccas-e-gi-em-dinossauros,Luccas e Gi em: Dinossauros,2024,Filme,1080p,2,True,123,70
lucy,Lucy,2014,Filme,1080p,2,True,100,47
luigi-mangione-o-assassino-do-ceo,Luigi Mangione: O Assassino do CEO,2025,Filme,1080p,1,True,130,77
luiz-gonzaga-legua-tirana,Luiz Gonzaga: Légua Tirana,2025,Filme,1080p,1,True,122,69
lulu-a-rinoceronte,"Lulu, a Rinoceronte",2025,Filme,1080p,2,True,115,62
luta-satanica,Luta Satânica,2024,Filme,1080p,2,True,109,56
luta-de-classes,Luta de Classes,2025,Filme,1080p,3,True,111,58
luta-pela-sobrevivencia,Luta pela Sobrevivência,2022,Filme,1080p,2,True,119,66
luta-por-justica,Luta por Justiça,2019,Filme,1080p,3,True,112,59
lutar-ou-morrer,Lutar ou Morrer,2021,Filme,1080p,2,True,111,58
luther-o-cair-da-noite,Luther: O Cair da Noite,2023,Filme,1080p,3,True,119,66
luz-fantasma,Luz Fantasma,2024,Filme,1080p,2,True,108,55
luz-camera-assassinato,"Luz, Câmera, Assassinato!",2019,Filme,1080p,2,True,121,68
luz-camera-acao,"Luz, Câmera, Ação",2023,Filme,1080p,2,True,113,60
la-fora,Lá Fora,2024,Filme,1080p,2,True,103,50
lagrimas-do-sol,Lágrimas do Sol,2003,Filme,1080p,3,True,111,58
lugubre,Lúgubre,2024,Filme,1080p,3,True,103,50
m-a-ultima-esperanca,M - A Última Esperança,2023,Filme,1080p,3,True,118,65
m3gan,M3GAN,2022,Filme,1080p,2,True,101,48
m3gan-2-0,M3GAN 2.0,2025,Filme,1080p,4,True,105,52
mib-homens-de-preto-internacional,MIB Homens de Preto: Internacional,2019,Filme,1080p,3,True,130,77
mib-homens-de-preto,MIB - Homens de Preto,1997,Filme,1080p,4,True,117,64
mib-homens-de-preto-ii,MIB - Homens de Preto II,2002,Filme,1080p,4,True,120,67
mib-homens-de-preto-iii,MIB - Homens de Preto III,2012,Filme,1080p,3,True,121,68
mk-ultra,MK Ultra,2022,Filme,1080p,1,True,104,51
mma-cop,MMA Cop,2025,Filme,1080p,3,True,103,50
mma-meu-melhor-amigo,MMA - Meu Melhor Amigo,2025,Filme,1080p,2,True,118,65
mr-9-missao-mortal,MR-9: Missão Mortal,2023,Filme,1080p,3,True,115,62
mst-terra-prometida,MST - Terra Prometida,2025,Filme,1080p,1,True,117,64
maxxxine,MaXXXine,2024,Filme,1080p,4,True,104,51
macbeth-vozes-do-harlem,Macbeth - Vozes do Harlem,2021,Filme,1080p,1,True,121,68
macho-alfa,Macho Alfa,2022,Filme,1080p,2,True,106,53
mad-max,Mad Max,1979,Filme,1080p,3,True,103,50
mad-max-2-a-cacada-continua,Mad Max 2: A Caçada Continua,1981,Filme,1080p,4,True,124,71
mad-max-estrada-da-furia-edicao-black-e-chrome,Mad Max Estrada da Fúria – Edição Black e Chrome,2015,Filme,1080p,3,True,144,91
mad-max-3-alem-da-cupula-do-trovao,Mad Max 3: Além da Cúpula do Trovão,1985,Filme,1080p,4,True,131,78
mad-max-estrada-da-furia,Mad Max: Estrada da Fúria,2015,Filme,1080p,4,True,121,68
madame-durocher,Madame Durocher,2024,Filme,1080p,2,True,111,58
madame-teia,Madame Teia,2024,Filme,1080p,3,True,107,54
made-in-korea,Made in Korea,2026,Filme,1080p,2,True,109,56
madea-e-o-casamento-nas-bahamas,Madea e o Casamento nas Bahamas,2025,Filme,1080p,1,True,127,74
madison-1a-temporada,Madison 1ª Temporada,2026,Série,1080p,0,True,116,63
madre-superiora,Madre Superiora,2022,Filme,1080p,3,True,111,58
maggie-moore-s,Maggie Moore(s),2023,Filme,1080p,2,True,111,58
magilumiere-companhia-das-garotas-magicas-1a-temporada,Magilumiere: Companhia das Garotas Mágicas 1ª Temporada,2024,Série,1080p,0,True,151,98
magnatas-do-crime,Magnatas do Crime,2020,Filme,1080p,4,True,113,60
magnatas-do-crime-1a-temporada,Magnatas do Crime 1ª Temporada,2024,Série,1080p,0,True,126,73
magnum-1a-temporada,Magnum 1ª Temporada,2026,Série,1080p,0,True,115,62
magnum-578,Magnum 578,2022,Filme,1080p,2,True,106,53
mais-uma-vida,Mais Uma Vida,2022,Filme,1080p,1,True,109,56
malcolm-x,Malcolm X,1992,Filme,1080p,2,True,105,52
maldito-futebol-fantasy,Maldito Futebol Fantasy,2025,Filme,1080p,1,True,119,66
maldicao-eterna,Maldição Eterna,2023,Filme,1080p,1,True,111,58
maldicao-de-crom-a-lenda-do-halloween,Maldição de Crom: A Lenda do Halloween,2022,Filme,1080p,2,True,134,81
maldicao-de-familia,Maldição de Família,2022,Filme,1080p,1,True,115,62
maligno,Maligno,2019,Filme,1080p,2,True,103,50
maligno-2,Maligno,2021,Filme,1080p,2,True,103,50
mallandro-o-errado-que-deu-certo,Mallandro: O Errado que Deu Certo,2024,Filme,1080p,1,True,129,76
malu,Malu,2024,Filme,1080p,1,True,100,47
malum,Malum,2023,Filme,1080p,1,True,101,48
males,Malês,2025,Filme,1080p,2,True,101,48
mama,Mama,2013,Filme,1080p,1,True,100,47
mamonas-eu-te-ai-love-iu,Mamonas: Eu Te Ai Lóve Iú,2026,Filme,1080p,1,True,121,68
manas,Manas,2025,Filme,1080p,1,True,101,48
mandioca-frita,Mandioca Frita,2026,Filme,1080p,2,True,110,57
manga,Manga,2025,Filme,1080p,2,True,101,48
manobra-arriscada,Manobra Arriscada,2024,Filme,1080p,3,True,113,60
manobra-radical,Manobra Radical,2021,Filme,1080p,2,True,111,58
mantis,Mantis,2025,Filme,1080p,3,True,102,49
manutencao-necessaria,Manutenção Necessária,2025,Filme,1080p,2,True,117,64
maniaco-do-parque,Maníaco do Parque,2024,Filme,1080p,3,True,113,60
mar-branco-a-surreal-historia-de-rabo-de-peixe,Mar Branco: A Surreal História de Rabo de Peixe,2025,Filme,1080p,2,True,143,90
mar-profundo,Mar Profundo,2023,Filme,1080p,3,True,108,55
mar-em-chamas,Mar em Chamas,2021,Filme,1080p,3,True,109,56
mar-ia,Mar.IA,2023,Filme,1080p,2,True,102,49
marcada-1a-temporada,Marcada 1ª Temporada,2025,Série,1080p,0,True,116,63
marcados-pelo-odio,Marcados Pelo Ódio,1989,Filme,1080p,2,True,114,61
marcas-do-passado,Marcas do Passado,2022,Filme,1080p,2,True,113,60
maria-callas,Maria Callas,2024,Filme,1080p,2,True,108,55
maria-montessori-ensinando-com-amor,Maria Montessori - Ensinando com Amor,2023,Filme,1080p,2,True,133,80
maria-e-o-cangaco-1a-temporada,Maria e o Cangaço 1ª Temporada,2025,Série,1080p,0,True,126,73
maridos,Maridos,2023,Filme,1080p,1,True,103,50
marinette,Marinette,2023,Filme,1080p,2,True,105,52
marley-eu,Marley & Eu,2008,Filme,1080p,2,True,107,54
marley-eu-2-filhote-encrenqueiro,Marley & Eu 2 - Filhote Encrenqueiro,2011,Filme,1080p,2,True,132,79
mars-express,Mars Express,2023,Filme,1080p,4,True,108,55
martha,Martha,2024,Filme,1080p,1,True,102,49
marty-supreme,Marty Supreme,2025,Filme,1080p,2,True,109,56
marvel-studios-assembled-the-making-of-x-men-97,Marvel Studios Assembled: The Making of X-Men '97,2024,Filme,1080p,0,True,145,92
marvel-zumbis-1a-temporada,Marvel Zumbis 1ª Temporada,2025,Série,1080p,0,True,122,69
mary-george-1a-temporada,Mary & George 1ª Temporada,2024,Série,1080p,0,True,122,69
marco-de-1968,Março de 1968,2022,Filme,1080p,3,True,109,56
mare-alta,Maré Alta,2024,Filme,1080p,2,True,105,52
mare-baixa,Maré Baixa,2019,Filme,1080p,1,True,106,53
maria-soledad-o-fim-do-silencio,María Soledad: O Fim do Silêncio,2024,Filme,1080p,1,True,128,75
masameer-junior,Masameer Junior,2025,Filme,1080p,3,True,111,58
massacre-1976,Massacre 1976,2024,Filme,1080p,1,True,109,56
master-kid-o-despertar-de-um-heroi,Master Kid - O Despertar de um Herói,2021,Filme,1080p,3,True,132,79
matador-de-aluguel-2,Matador de Aluguel,2024,Filme,1080p,2,True,114,61
matadores-de-aliens-do-espaco-sideral,Matadores de Aliens do Espaço Sideral,2025,Filme,1080p,2,True,133,80
matadouro-2-death-metaltorrent-dual-audio,Matadouro 2: Death MetalTorrent Dual Áudio,2024,Filme,1080p,1,True,138,85
matar-ou-morrer,Matar ou Morrer,2016,Filme,1080p,3,True,111,58
matar-vingar-repetir,Matar. Vingar. Repetir,2026,Filme,1080p,3,True,118,65
match-do-amor,Match do Amor,2021,Filme,1080p,3,True,109,56
mate-a-se-conseguir,"Mate-a, se Conseguir",2023,Filme,1080p,2,True,116,63
matilha-voraz,Matilha Voraz,2025,Filme,1080p,3,True,109,56
matthew-perry-uma-tragedia-de-hollywood,Matthew Perry: Uma Tragédia de Hollywood,2025,Filme,1080p,1,True,136,83
materia-escura-1a-temporada,Matéria Escura 1ª Temporada,2024,Série,1080p,0,True,123,70
mauler,Mauler,2025,Filme,1080p,1,True,102,49
mauricio-de-sousa-o-filme,Mauricio de Sousa: O Filme,2025,Filme,1080p,1,True,122,69
max-payne,Max Payne,2008,Filme,1080p,3,True,105,52
max-reload-o-jogo-comecou,Max Reload: O Jogo Começou,2020,Filme,1080p,2,True,122,69
maximiliano-kolbe-e-eu,Maximiliano Kolbe e Eu,2023,Filme,1080p,3,True,118,65
may-i-ask-for-one-final-thing-1a-temporada,May I Ask for One Final Thing? 1ª Temporada,2025,Série,1080p,0,True,139,86
mayans-m-c-1a-temporada,Mayans M.C. 1ª Temporada,2018,Série,1080p,0,True,120,67
mayans-m-c-2a-temporada,Mayans M.C. 2ª Temporada,2019,Série,1080p,0,True,120,67
mayans-m-c-3a-temporada,Mayans M.C. 3ª Temporada,2021,Série,1080p,0,True,120,67
mayans-m-c-4a-temporada,Mayans M.C. 4ª Temporada,2022,Série,1080p,0,True,120,67
mayans-m-c-5a-temporada,Mayans M.C. 5ª Temporada,2023,Série,1080p,0,True,120,67
medalist-1a-temporada,Medalist 1ª Temporada,2025,Série,1080p,0,True,117,64
medidas-extrema,Medidas Extrema,2022,Filme,1080p,1,True,111,58
medieval,Medieval,2022,Filme,1080p,3,True,104,51
mediterraneo,Mediterrâneo,1991,Filme,1080p,3,True,108,55
medo-no-pacifico,Medo no Pacífico,2024,Filme,1080p,2,True,112,59
megalopolis,Megalópolis,2024,Filme,1080p,2,True,107,54
megaterremoto,Megaterremoto,2022,Filme,1080p,2,True,109,56
meio-gravida,Meio Grávida,2025,Filme,1080p,2,True,108,55
melhor-viuva-do-que-mal-acompanhada,Melhor Viúva Do Que Mal Acompanhada,2024,Filme,1080p,3,True,131,78
melhores-amigos,Melhores Amigos,2023,Filme,1080p,3,True,111,58
melodia-do-mal,Melodia do Mal,2023,Filme,1080p,2,True,110,57
memoria-de-um-assassino-1a-temporada,Memória de um Assassino 1ª Temporada,2026,Série,1080p,0,True,132,79
memorias-ocultas,Memórias Ocultas,2024,Filme,1080p,3,True,112,59
memorias-que-nao-se-apagam,Memórias Que Não Se Apagam,2023,Filme,1080p,3,True,122,69
memorias-roubadas,Memórias Roubadas,2023,Filme,1080p,1,True,113,60
memorias-de-natal,Memórias de Natal,2022,Filme,1080p,3,True,113,60
memorias-de-um-caracol,Memórias de um Caracol,2024,Filme,1080p,3,True,118,65
memorias-de-um-verao,Memórias de um Verão,2025,Filme,1080p,1,True,116,63
menina-ma-com,Menina Má.Com,2005,Filme,1080p,2,True,109,56
meninas-malvadas,Meninas Malvadas,2024,Filme,1080p,2,True,112,59
meninas-nao-choram,Meninas Não Choram,2024,Filme,1080p,1,True,114,61
menino-malvado,Menino Malvado,2020,Filme,1080p,1,True,110,57
mensagem-em-uma-garrafa,Mensagem em uma Garrafa,2025,Filme,1080p,3,True,119,66
mente-demoniaca,Mente Demoníaca,2024,Filme,1080p,2,True,111,58
mente-perturbada,Mente Perturbada,2023,Filme,1080p,1,True,112,59
mergulhando-no-amor,Mergulhando no Amor,2024,Filme,1080p,3,True,115,62
merv,Merv,2025,Filme,1080p,2,True,100,47
mesa-maldita,Mesa Maldita,2023,Filme,1080p,3,True,108,55
mestres-do-ar-1a-temporada,Mestres do Ar 1ª Temporada,2024,Série,1080p,0,True,122,69
mestres-do-assalto,Mestres do Assalto,2025,Filme,1080p,2,True,114,61
mestres-do-universo-2,Mestres do Universo,1987,Filme,1080p,3,True,115,62
mestres-do-universo-a-revolucao-1a-temporada,Mestres do Universo: A Revolução 1ª Temporada,2024,Série,1080p,0,True,141,88
metas-de-relacionamento,Metas de Relacionamento,2026,Filme,1080p,2,True,119,66
meteoro-o-fim-dos-tempos,Meteoro: O Fim dos Tempos,2023,Filme,1080p,3,True,121,68
meu-amigo-pinguim,Meu Amigo Pinguim,2024,Filme,1080p,3,True,113,60
meu-amor-por-grace,Meu Amor Por Grace,2018,Filme,1080p,2,True,114,61
meu-ano-em-oxford,Meu Ano em Oxford,2025,Filme,1080p,3,True,113,60
meu-avo-stanislau,Meu Avô Stanislau,2026,Filme,1080p,1,True,113,60
meu-ayrton-por-adriane-galisteu-1a-temporada,Meu Ayrton por Adriane Galisteu 1ª Temporada,2025,Série,1080p,0,True,140,87
meu-eu-do-futuro,Meu Eu do Futuro,2024,Filme,1080p,3,True,112,59
meu-filho-nosso-mundo,"Meu Filho, Nosso Mundo",2024,Filme,1080p,2,True,118,65
meu-malvado-favorito,Meu Malvado Favorito,2010,Filme,1080p,3,True,116,63
meu-malvado-favorito-2,Meu Malvado Favorito 2,2013,Filme,1080p,3,True,118,65
meu-malvado-favorito-3,Meu Malvado Favorito 3,2017,Filme,1080p,4,True,118,65
meu-malvado-favorito-4,Meu Malvado Favorito 4,2024,Filme,1080p,4,True,118,65
meu-marido-virou-um-cachorro,Meu Marido Virou um Cachorro,2022,Filme,1080p,2,True,124,71
meu-nome-era-eileen,Meu Nome Era Eileen,2023,Filme,1080p,3,True,115,62
meu-pai-o-assassino-btk,"Meu Pai, o Assassino BTK",2025,Filme,1080p,1,True,120,67
meu-papai-e-noel,Meu Papai é Noel,1994,Filme,1080p,4,True,112,59
meu-porto-seguro-2,Meu Porto Seguro 2,2024,Filme,1080p,3,True,114,61
meu-primeiro-amor-de-verao,Meu Primeiro Amor de Verão,2024,Filme,1080p,2,True,122,69
meu-proprio-conto-de-fadas,Meu Próprio Conto de Fadas,2021,Filme,1080p,3,True,122,69
meu-querido-bobby-era-tudo-uma-farsa,Meu Querido Bobby: Era Tudo uma Farsa,2024,Filme,1080p,1,True,133,80
meu-sangue-ferve-por-voce,Meu Sangue Ferve por Você,2024,Filme,1080p,3,True,121,68
meu-sonho-americano,Meu Sonho Americano,2024,Filme,1080p,2,True,115,62
meu-ultimo-desejo,Meu Último Desejo,2022,Filme,1080p,2,True,113,60
meus-84-m2,Meus 84 m²,2025,Filme,1080p,2,True,106,53
meus-pais-foram-abduzidos-e-agora-me-sinto-um-completo-estranho,Meus Pais Foram Abduzidos e Agora Me Sinto um Completo Estranho,2023,Filme,1080p,3,True,158,106
mexida,Mexida,2024,Filme,1080p,1,True,102,49
mickey-17,Mickey 17,2025,Filme,1080p,4,True,105,52
mike-nick-nick-alice,Mike & Nick & Nick & Alice,2026,Filme,1080p,4,True,122,69
mil-golpes-1a-temporada,Mil Golpes 1ª Temporada,2025,Série,1080p,0,True,119,66
mil-golpes-2a-temporada,Mil Golpes 2ª Temporada,2026,Série,1080p,0,True,119,66
milagre-do-destino,Milagre do Destino,2025,Filme,1080p,1,True,114,61
milagre-na-rua-34,Milagre na Rua 34,1994,Filme,1080p,3,True,113,60
milagros-uma-ursa-extraordinaria,Milagros: Uma Ursa Extraordinária,2023,Filme,1080p,3,True,129,76
milionario,Milionário,2025,Filme,1080p,1,True,106,53
minha-amiga-morta-zoe,Minha Amiga Morta Zoe,2025,Filme,1080p,3,True,117,64
minha-arma-era-a-lei,Minha Arma Era a Lei,2023,Filme,1080p,2,True,116,63
minha-familia-quer-que-eu-case,Minha Família Quer que Eu Case,2023,Filme,1080p,2,True,126,73
minha-familia-de-natal,Minha Família de Natal,2022,Filme,1080p,3,True,118,65
minha-fera,Minha Fera,2024,Filme,1080p,3,True,106,53
minha-namorada-favorita,Minha Namorada Favorita,2022,Filme,1080p,2,True,119,66
minha-querida-esme,Minha Querida Esme,2023,Filme,1080p,3,True,114,61
minha-querida-oni,Minha Querida Oni,2024,Filme,1080p,3,True,113,60
minha-solidao-tem-asas,Minha Solidão Tem Asas,2023,Filme,1080p,1,True,118,65
minha-teoria-da-popularidade,Minha Teoria da Popularidade,2024,Filme,1080p,2,True,124,71
minha-vida-fora-dos-trilhos,Minha Vida Fora dos Trilhos,2020,Filme,1080p,2,True,123,70
minhas-aventuras-com-o-superman-1a-temporada,Minhas Aventuras com o Superman 1ª Temporada,2023,Série,1080p,0,True,140,87
minhas-aventuras-com-o-superman-2a-temporada,Minhas Aventuras com o Superman 2ª Temporada,2024,Série,1080p,0,True,140,87
minsk-em-chamas,Minsk em Chamas,2022,Filme,1080p,1,True,111,58
minta-se-for-capaz,Minta se For Capaz,2023,Filme,1080p,3,True,114,61
miraculous-world-londres-corrida-contra-o-tempo,"Miraculous World: Londres, Corrida Contra o Tempo",2024,Filme,1080p,4,True,145,92
miraculous-world-toquio-forca-estelar,Miraculous World: Tóquio - Força Estelar,2025,Filme,1080p,3,True,136,83
mirador,Mirador,2022,Filme,1080p,1,True,103,50
mirai,Mirai,2018,Filme,1080p,4,True,101,48
miss-italia-nao-pode-morrer,Miss Itália Não Pode Morrer,2025,Filme,1080p,1,True,123,70
missao-antena-uma-aventura-intergalactica,Missão Antena: Uma Aventura Intergaláctica,2022,Filme,1080p,3,True,138,85
missao-ataque,Missão Ataque,2022,Filme,1080p,3,True,109,56
missao-cruzada,Missão Cruzada,2024,Filme,1080p,3,True,110,57
missao-extrema,Missão Extrema,2021,Filme,1080p,3,True,110,57
missao-extrema-2-guerra-ao-terror,Missão Extrema 2: Guerra ao Terror,2023,Filme,1080p,1,True,130,77
missao-pet,Missão Pet,2025,Filme,1080p,3,True,106,53
missao-porto-seguro,Missão Porto Seguro,2025,Filme,1080p,1,True,115,62
missao-resgate-vinganca,Missão Resgate: Vingança,2025,Filme,1080p,4,True,120,67
missao-silenciosa,Missão Silenciosa,2023,Filme,1080p,1,True,113,60
missao-suicida,Missão Suicida,2024,Filme,1080p,2,True,110,57
missao-tita,Missão Titã,2024,Filme,1080p,2,True,107,54
missao-de-sobrevivencia,Missão de Sobrevivência,2023,Filme,1080p,3,True,119,66
missao-impossivel,Missão: Impossível,1996,Filme,1080p,3,True,114,61
missao-impossivel-2,Missão: Impossível 2,2000,Filme,1080p,3,True,116,63
missao-impossivel-3,Missão: Impossível 3,2006,Filme,1080p,3,True,116,63
missao-impossivel-4-protocolo-fantasma,Missão: Impossível 4 - Protocolo Fantasma,2011,Filme,1080p,4,True,137,84
missao-impossivel-5-nacao-secreta,Missão: Impossível 5 - Nação Secreta,2015,Filme,1080p,4,True,132,79
missao-impossivel-6-efeito-fallout,Missão: Impossível 6 - Efeito Fallout,2018,Filme,1080p,4,True,133,80
missao-impossivel-acerto-de-contas-parte-1,Missão: Impossível - Acerto de Contas Parte 1,2023,Filme,1080p,3,True,141,88
missao-impossivel-o-acerto-final,Missão: Impossível - O Acerto Final,2025,Filme,1080p,3,True,131,78
misterio-de-um-milhao-de-seguidores-1a-temporada,Mistério de Um Milhão de Seguidores 1ª Temporada,2026,Série,1080p,0,True,144,91
misterio-em-cemetery-road-1a-temporada,Mistério em Cemetery Road 1ª Temporada,2025,Série,1080p,0,True,134,81
misterio-no-artico,Mistério no Ártico,2023,Filme,1080p,2,True,114,61
mobile-suit-gundam-gquuuuuux-1a-temporada,Mobile Suit Gundam GQuuuuuuX 1ª Temporada,2025,Série,1080p,0,True,137,84
mobile-suit-gundam-requiem-for-vengeance-1a-temporada,Mobile Suit Gundam: Requiem for Vengeance 1ª Temporada,2024,Série,1080p,0,True,150,97
mobile-suit-gundam-the-witch-from-mercury-1a-temporada,Mobile Suit Gundam: The Witch from Mercury 1ª Temporada,2023,Série,1080p,0,True,151,98
model-house-a-morte-segue-voce,Model House: A Morte Segue Você,2024,Filme,1080p,2,True,127,74
mogli-entre-dois-mundos,Mogli: Entre Dois Mundos,2018,Filme,1080p,2,True,120,67
monarch-legado-de-monstros-1a-temporada,Monarch: Legado de Monstros 1ª Temporada,2023,Série,1080p,0,True,136,83
mononoke-o-filme-capitulo-2-as-cinzas-da-ira,Mononoke - O Filme: Capítulo 2 - As Cinzas da Ira,2025,Filme,1080p,3,True,145,92
mononoke-o-filme-o-fantasma-na-chuva,Mononoke - O Filme: O Fantasma na Chuva,2024,Filme,1080p,4,True,135,82
monstro,Monstro,2023,Filme,1080p,3,True,103,50
moon-ghost-returns,Moon Ghost Returns,2024,Filme,1080p,3,True,114,61
morando-com-o-ex,Morando Com o Ex,2021,Filme,1080p,3,True,112,59
morando-com-o-inimigo,Morando Com o Inimigo,2022,Filme,1080p,3,False,117,64
morando-com-a-sogra,Morando com a Sogra,2021,Filme,1080p,1,True,115,62
morando-com-o-crush,Morando com o Crush,2024,Filme,1080p,2,True,115,62
morra-amor,"Morra, Amor",2025,Filme,1080p,2,True,107,54
morrendo-por-sexo-1a-temporada,Morrendo por Sexo 1ª Temporada,2025,Série,1080p,0,True,126,73
morte-antes-do-casamento,Morte Antes do Casamento,2025,Filme,1080p,2,True,120,67
morte-em-laroy-texas,"Morte em LaRoy, Texas",2024,Filme,1080p,3,True,117,64
mortos-entre-vivos,Mortos Entre Vivos,2024,Filme,1080p,3,True,114,61
mosley-2,Mosley,2019,Filme,1080p,4,True,102,49
motel-destino,Motel Destino,2024,Filme,1080p,1,True,109,56
motel-melati,Motel Melati,2023,Filme,1080p,1,True,108,55
motorista-de-fuga,Motorista de Fuga,2025,Filme,1080p,3,True,113,60
motorvalley-1a-temporada,Motorvalley 1ª Temporada,2026,Série,1080p,0,True,120,67
mountainhead,Mountainhead,2025,Filme,1080p,2,True,108,55
mouse-trap-a-diversao-agora-e-outra,Mouse Trap: A Diversão Agora é Outra,2024,Filme,1080p,2,True,132,79
mouseboat-massacre-no-barco,Mouseboat - Massacre no Barco,2025,Filme,1080p,1,True,125,72
mr-loverman-1a-temporada,Mr Loverman 1ª Temporada,2024,Série,1080p,0,True,120,67
mr-k,Mr. K,2025,Filme,1080p,3,True,101,48
mufasa-o-rei-leao,Mufasa: O Rei Leão,2024,Filme,1080p,4,True,114,61
muito-louca,Muito Louca,2018,Filme,1080p,1,True,107,54
muleque-te-doido-4-morreu-maria-prea,Muleque Té Doido 4 - Morreu Maria Preá,2023,Filme,1080p,1,True,134,81
mulher-oceano,Mulher Oceano,2020,Filme,1080p,1,True,109,56
mulher-proibida,Mulher Proibida,2024,Filme,1080p,1,True,111,58
mulheres-rebeldes,Mulheres Rebeldes,2022,Filme,1080p,3,True,113,60
mulheres-ao-ataque,Mulheres ao Ataque,2014,Filme,1080p,2,True,114,61
mulheres-de-azul-1a-temporada,Mulheres de Azul 1ª Temporada,2024,Série,1080p,0,True,125,72
mundo-novo,Mundo Novo,2024,Filme,1080p,2,True,106,53
mundo-em-chamas,Mundo em Chamas,2023,Filme,1080p,1,True,111,58
murai-in-love-1a-temporada,Murai in Love 1ª Temporada,2024,Série,1080p,1,True,122,69
murder-in-a-small-town-1a-temporada,Murder in a Small Town 1ª Temporada,2024,Série,1080p,0,True,131,78
my-hero-academia-agora-e-a-sua-vez,My Hero Academia: Agora é a Sua Vez,2024,Filme,1080p,4,True,131,78
my-hero-academia-vigilantes-1a-temporada,My Hero Academia: Vigilantes 1ª Temporada,2025,Série,1080p,0,True,137,84
my-melody-kuromi-1a-temporada,My Melody & Kuromi 1ª Temporada,2025,Série,1080p,0,True,127,74
my-nanny-stole-my-life,My Nanny Stole My Life,2024,Filme,1080p,1,True,118,65
ma-educacao,Má Educação,2019,Filme,1080p,3,True,107,54
ma-influencia,Má Influência,2025,Filme,1080p,3,True,109,56
maquina-de-guerra,Máquina de Guerra,2026,Filme,1080p,3,True,113,60
maquinas-mortais,Máquinas Mortais,2018,Filme,1080p,3,True,112,59
mae-fora-da-caixa,Mãe Fora da Caixa,2025,Filme,1080p,2,True,113,60
mae-de-aluguel,Mãe de Aluguel,2021,Filme,1080p,1,True,110,57
musica,Música,2024,Filme,1080p,2,True,102,49
ncis-origins-1a-temporada,NCIS: Origins 1ª Temporada,2024,Série,1080p,0,True,122,69
na-mira-do-inimigo,Na Mira do Inimigo,2022,Filme,1080p,5,True,114,61
na-mira-do-perigo,Na Mira do Perigo,2021,Filme,1080p,3,True,113,60
na-mira-dos-mercenarios,Na Mira dos Mercenários,2023,Filme,1080p,1,True,119,66
na-selva,Na Selva,2017,Filme,1080p,3,True,104,51
na-solidao-da-noite-assassinatos-na-mansao-bansal,Na Solidão Da Noite: Assassinatos na Mansão Bansal,2025,Filme,1080p,1,True,146,93
na-solidao-da-noite,Na Solidão da Noite,2020,Filme,1080p,3,True,115,62
na-sua-pele-a-serie-marked-men,Na Sua Pele – A Série Marked Men,2025,Filme,1080p,2,True,128,75
na-terra-de-santos-e-pecadores,Na Terra de Santos e Pecadores,2023,Filme,1080p,3,True,126,73
na-trilha-do-perigo,Na Trilha do Perigo,2023,Filme,1080p,1,True,115,62
nada-alem-de-problemas,Nada Além de Problemas,1991,Filme,1080p,2,True,118,65
nada-de-novo-no-front,Nada de Novo no Front,2022,Filme,1080p,4,True,117,64
nahir-entre-a-paixao-e-as-grades,Nahir – Entre a Paixão e as Grades,2024,Filme,1080p,2,True,130,77
namorado-contratado,Namorado Contratado,2025,Filme,1080p,2,False,115,62
napoleao,Napoleão,2023,Filme,1080p,2,True,104,51
nas-areias-de-ibiza,Nas Areias de Ibiza,2023,Filme,1080p,2,True,115,62
nas-profundezas-do-abismo,Nas Profundezas do Abismo,2023,Filme,1080p,1,True,121,68
nas-sombras-de-paris,Nas Sombras de Paris,2021,Filme,1080p,2,True,116,63
nas-terras-perdidas,Nas Terras Perdidas,2025,Filme,1080p,3,True,115,62
nascida-para-cantar,Nascida para Cantar,2024,Filme,1080p,2,True,115,62
nascido-para-esquiar,Nascido para Esquiar,2022,Filme,1080p,1,True,116,63
natal-entre-irmas-de-volta-para-casa,Natal Entre Irmãs: De Volta para Casa,2021,Filme,1080p,2,True,133,80
natal-entre-irmas-na-cidade,Natal Entre Irmãs: Na Cidade,2021,Filme,1080p,2,True,124,71
natal-entre-vizinhos,Natal Entre Vizinhos,2022,Filme,1080p,3,True,116,63
natal-fora-do-tempo,Natal Fora do Tempo,2020,Filme,1080p,1,True,115,62
natal-sangrento,Natal Sangrento,2025,Filme,1080p,2,True,111,58
natal-com-os-escolhidos-noite-santa,Natal com Os Escolhidos: Noite Santa,2023,Filme,1080p,1,True,132,79
natal-em-londres,Natal em Londres,2022,Filme,1080p,3,True,112,59
natal-em-notting-hill,Natal em Notting Hill,2023,Filme,1080p,2,True,117,64
natal-em-windmill-way,Natal em Windmill Way,2023,Filme,1080p,2,True,117,64
natal-na-quinta,Natal na Quinta,2022,Filme,1080p,4,True,111,58
natal-no-lago,Natal no Lago,2022,Filme,1080p,2,True,109,56
natal-reforma-e-amor,"Natal, Reforma e Amor",2022,Filme,1080p,2,True,117,64
natureza-sombria,Natureza Sombria,2023,Filme,1080p,1,True,112,59
natureza-violenta,Natureza Violenta,2024,Filme,1080p,2,True,113,60
navio-dos-amaldicoados,Navio dos Amaldiçoados,2024,Filme,1080p,2,True,118,65
ne-zha-2-o-renascer-da-alma,Ne Zha 2: O Renascer da Alma,2025,Filme,1080p,5,True,124,71
nebraska,Nebraska,2013,Filme,1080p,2,True,104,51
nefarious,Nefarious,2023,Filme,1080p,2,True,105,52
negociando-com-o-inimigo,Negociando com o Inimigo,2022,Filme,1080p,2,True,120,67
neighborhood-watch,Neighborhood Watch,2025,Filme,1080p,2,True,114,61
nelly-rapp-e-o-espelho-da-morte,Nelly Rapp e o Espelho da Morte,2023,Filme,1080p,4,True,127,74
nem-tudo-e-negociavel,Nem Tudo é Negociável,2024,Filme,1080p,2,True,117,64
nesta-data-querida,Nesta Data Querida,2025,Filme,1080p,2,True,114,61
newtopia-1a-temporada,Newtopia 1ª Temporada,2025,Série,1080p,0,True,117,64
nice-girls,Nice Girls,2024,Filme,1080p,2,True,106,53
nickel-boys,Nickel Boys,2024,Filme,1080p,1,True,107,54
night-of-the-zoopocalypse,Night of the Zoopocalypse,2025,Filme,1080p,4,True,121,68
nina-e-os-ladroes-de-piano,Nina e os Ladrões de Piano,2023,Filme,1080p,4,True,122,69
nine-bodies-in-a-mexican-morgue-1a-temporada,Nine Bodies in a Mexican Morgue 1ª Temporada,2025,Série,1080p,0,True,140,87
ninguem-sabe-quem-eu-sou,Ninguém Sabe Quem Eu Sou,2025,Filme,1080p,1,True,120,67
ninja-kamui-1a-temporada,Ninja Kamui 1ª Temporada,2024,Série,1080p,0,True,120,67
ninja-vs-gokudo-1a-temporada,Ninja vs. Gokudo 1ª Temporada,2025,Série,1080p,0,True,125,72
nix-a-entidade,Nix: A Entidade,2022,Filme,1080p,3,True,111,58
no-amor-e-na-musica,No Amor e Na Música,2025,Filme,1080p,3,True,115,62
no-cair-da-noite,No Cair da Noite,2003,Filme,1080p,2,True,112,59
no-coracao-do-mar,No Coração do Mar,2015,Filme,1080p,5,True,113,60
no-coracao-do-velho-oeste,No Coração do Velho Oeste,2024,Filme,1080p,2,True,121,68
no-limite-do-amanha,No Limite do Amanhã,2014,Filme,1080p,2,True,115,62
no-lugar-da-outra,No Lugar da Outra,2024,Filme,1080p,3,True,113,60
no-olho-da-tempestade-1a-temporada,No Olho da Tempestade 1ª Temporada,2024,Série,1080p,0,True,130,77
no-olho-da-tempestade-2a-temporada,No Olho da Tempestade 2ª Temporada,2025,Série,1080p,0,True,130,77
no-rastro-da-bala,No Rastro da Bala,2006,Filme,1080p,4,True,113,60
no-reino-das-sombras,No Reino das Sombras,2025,Filme,1080p,2,True,116,63
no-ritmo-do-natal,No Ritmo do Natal,2024,Filme,1080p,2,True,113,60
no-seu-natal-ou-no-meu,No Seu Natal ou no Meu,2022,Filme,1080p,2,True,118,65
noel-frankenstein,Noel Frankenstein,2024,Filme,1080p,3,True,113,60
noite-passada-em-soho,Noite Passada em Soho,2021,Filme,1080p,3,True,117,64
noite-sem-fim,Noite Sem Fim,2015,Filme,1080p,3,True,109,56
noite-de-jogos,Noite de Jogos,2024,Filme,1080p,1,True,110,57
noite-dos-desaparecidos,Noite dos Desaparecidos,2023,Filme,1080p,1,True,119,66
noivo-a-indiana,Noivo à Indiana,2025,Filme,1080p,2,True,111,58
nonnas,Nonnas,2025,Filme,1080p,1,True,102,49
nos-bastidores-da-vida,Nos Bastidores da Vida,2023,Filme,1080p,1,True,118,65
nos-teus-sonhos,Nos Teus Sonhos,2025,Filme,1080p,4,True,111,58
nosferatu,Nosferatu,2024,Filme,1080p,3,True,105,52
nossa-culpa,Nossa Culpa,2025,Filme,1080p,2,True,107,54
nossa-vizinhanca,Nossa Vizinhança,2026,Filme,1080p,1,True,112,59
nosso-segredinho,Nosso Segredinho,2024,Filme,1080p,3,True,112,59
nossos-tempos,Nossos Tempos,2025,Filme,1080p,3,True,109,56
nove-pecas-1a-temporada,Nove Peças 1ª Temporada,2025,Série,1080p,0,True,119,66
novocaine-a-prova-de-dor,Novocaine: À Prova de Dor,2025,Filme,1080p,2,True,121,68
naufrago,Náufrago,2000,Filme,1080p,3,True,104,51
naufragos-em-luta,Náufragos em Luta,1990,Filme,1080p,2,True,113,60
nao-abra,Não Abra!,2023,Filme,,2,True,88,52
nao-alimente-as-criancas,Não Alimente As Crianças,2025,Filme,1080p,2,True,120,67
nao-apaguem-as-luzes,Não Apaguem as Luzes,2024,Filme,1080p,1,True,116,63
nao-bata-duas-vezes,Não Bata Duas Vezes,2017,Filme,1080p,1,True,115,62
nao-confie-em-ninguem,Não Confie em Ninguém!,2021,Filme,1080p,3,True,118,65
nao-entre,Não Entre,2026,Filme,1080p,1,True,105,52
nao-estamos-sos,Não Estamos Sós,2016,Filme,1080p,1,True,111,58
nao-estou-sozinha,Não Estou Sozinha,2024,Filme,1080p,3,True,113,60
nao-fale-com-estranhos,Não Fale com Estranhos,2021,Filme,1080p,3,True,118,65
nao-fales-do-mal,Não Fales do Mal,2024,Filme,1080p,2,True,112,59
nao-me-abandone,Não Me Abandone,2023,Filme,1080p,2,True,111,58
nao-olhe-para-tras,Não Olhe Para Trás,2023,Filme,1080p,1,True,114,61
nao-posso-viver-sem-voce,Não Posso Viver Sem Você,2024,Filme,1080p,2,True,120,67
nao-quero-estar-aqui,Não Quero Estar Aqui,2023,Filme,1080p,2,True,116,63
nao-quero-te-perder,Não Quero Te Perder,2024,Filme,1080p,1,True,115,62
nao-se-mexa,Não Se Mexa,2024,Filme,1080p,2,True,107,54
nao-se-preocupe-querida,"Não Se Preocupe, Querida",2022,Filme,1080p,3,True,120,67
nao-solte,Não Solte!,2024,Filme,1080p,2,True,106,53
nao-tem-ninguem-em-casa,Não Tem Ninguém em Casa,2024,Filme,1080p,3,True,119,66
nao-e-o-fim,Não É o Fim,2022,Filme,1080p,3,True,107,54
niobe,Níobe,2023,Filme,1080p,1,True,101,48
nivel-secreto-1a-temporada,Nível Secreto 1ª Temporada,2024,Série,1080p,0,True,122,69
nos,Nós,2019,Filme,1080p,3,True,99,46
nos-somos-zumbis,Nós Somos Zumbis,2024,Filme,1080p,3,True,112,59
numero-23,Número 23,2007,Filme,1080p,2,True,105,52
numero-24,Número 24,2024,Filme,1080p,2,True,105,52
o-acerto-de-contas,O Acerto de Contas,2021,Filme,1080p,2,True,114,61
o-acusado,O Acusado,2023,Filme,1080p,2,True,105,52
o-agente-faixa-preta,O Agente Faixa-Preta,2024,Filme,1080p,3,True,116,63
o-agente-noturno-1a-temporada,O Agente Noturno 1ª Temporada,2023,Série,1080p,0,True,125,72
o-agente-noturno-2a-temporada,O Agente Noturno 2ª Temporada,2025,Série,1080p,0,True,125,72
o-agente-noturno-3a-temporada,O Agente Noturno 3ª Temporada,2026,Série,1080p,0,True,125,72
o-agente-secreto,O Agente Secreto,2025,Filme,1080p,3,True,112,59
o-agiota,O Agiota,2021,Filme,1080p,2,True,104,51
o-amanhecer-da-guerra,O Amanhecer da Guerra,2020,Filme,1080p,1,True,117,64
o-americano-tranquilo,O Americano Tranquilo,2002,Filme,1080p,4,True,117,64
o-amigo,O Amigo,2025,Filme,1080p,1,True,103,50
o-amor-da-trabalho,O Amor Dá Trabalho,2019,Filme,1080p,3,True,114,61
o-amor-esta-no-campo,O Amor Está no Campo,2024,Filme,1080p,2,True,116,63
o-amor-vai-te-encontrar,O Amor Vai Te Encontrar,2020,Filme,1080p,1,True,119,66
o-amor-e-suas-surpresas,O Amor e Suas Surpresas,2025,Filme,1080p,2,True,119,66
o-apostador,O Apostador,2014,Filme,1080p,3,True,107,54
o-aprendiz,O Aprendiz,2024,Filme,1080p,2,True,106,53
o-aprendiz-de-feiticeiro,O Aprendiz de Feiticeiro,2010,Filme,1080p,3,True,120,67
o-aprendiz-de-serial-killer,O Aprendiz de Serial Killer,2025,Filme,1080p,2,True,123,70
o-assalto-final,O Assalto Final,2024,Filme,1080p,2,True,111,58
o-assalto-de-nossas-vidas,O Assalto de Nossas Vidas,2022,Filme,1080p,2,True,121,68
o-assassinato-do-ator-rafael-miguel-1a-temporada,O Assassinato do Ator Rafael Miguel 1ª Temporada,2025,Série,1080p,0,True,144,91
o-assassino-mora-ao-lado,O Assassino Mora ao Lado,2022,Filme,1080p,2,True,120,67
o-assassino-do-calendario,O Assassino do Calendário,2025,Filme,1080p,2,True,121,68
o-assassino-o-primeiro-alvo,O Assassino: O Primeiro Alvo,2017,Filme,1080p,3,True,124,71
o-astronauta,O Astronauta,2024,Filme,1080p,2,True,108,55
o-ataque-dos-dinossauros,O Ataque dos Dinossauros,2022,Filme,1080p,4,True,120,67
o-ataque-dos-monstros,O Ataque dos Monstros,2024,Filme,1080p,4,True,117,64
o-ataque-dos-tubaroes,O Ataque dos Tubarões,2022,Filme,1080p,3,True,117,64
o-atirador-a-ultima-batalha,O Atirador: A Última Batalha,2025,Filme,1080p,2,True,124,71
o-atirador-apontando-para-a-morte,O Atirador: Apontando para a Morte,2005,Filme,1080p,3,False,130,77
o-auto-da-compadecida-2,O Auto da Compadecida 2,2024,Filme,1080p,3,True,119,66
o-azar-e-todo-seu,O Azar é Todo Seu,2023,Filme,1080p,2,True,113,60
o-bad-boy-e-eu,O Bad Boy e Eu,2025,Filme,1080p,2,True,110,57
o-banquete-de-casamento,O Banquete de Casamento,2025,Filme,1080p,2,True,119,66
o-bastardo,O Bastardo,2019,Filme,1080p,1,True,106,53
o-bastardo-2,O Bastardo,2023,Filme,1080p,3,True,106,53
o-beco-da-morte,O Beco da Morte,2021,Filme,1080p,3,True,111,58
o-beijo-da-mulher-aranha,O Beijo da Mulher Aranha,2025,Filme,1080p,3,True,120,67
o-beijo-da-sereia-1a-temporada,O Beijo da Sereia 1ª Temporada,2026,Série,1080p,0,True,126,73
o-beijo-do-demonio,O Beijo do Demônio,2023,Filme,1080p,3,True,114,61
o-beijo-do-dragao,O Beijo do Dragão,2001,Filme,1080p,3,True,113,60
o-bloqueio,O Bloqueio,2022,Filme,1080p,1,True,106,53
o-bom-bandido,O Bom Bandido,2025,Filme,1080p,3,True,109,56
o-bom-ladrao,O Bom Ladrão,2021,Filme,,1,True,91,55
o-bom-pastor,O Bom Pastor,2019,Filme,1080p,1,True,108,55
o-brilho-do-natal,O Brilho do Natal,2024,Filme,1080p,1,True,113,60
o-brutalista,O Brutalista,2024,Filme,1080p,1,True,108,55
o-bruxo,O Bruxo,2020,Filme,1080p,2,True,103,50
o-caminho-errado,O Caminho Errado,2025,Filme,1080p,2,True,112,59
o-campeao,O Campeão,2024,Filme,1080p,1,True,105,52
o-cara-que-nao-aglomerava,O Cara Que Não Aglomerava,2021,Filme,1080p,1,True,121,68
o-cara-da-piscina,O Cara da Piscina,2024,Filme,1080p,2,True,113,60
o-casal-duplicado,O Casal Duplicado,2022,Filme,1080p,2,True,113,60
o-casamento-da-minha-mae,O Casamento da Minha Mãe,2025,Filme,1080p,1,True,120,67
o-caso-asunta-1a-temporada,O Caso Asunta 1ª Temporada,2024,Série,1080p,0,True,122,69
o-caso-belle-steiner,O Caso Belle Steiner,2025,Filme,1080p,2,True,116,63
o-caso-goldman,O Caso Goldman,2023,Filme,1080p,3,True,110,57
o-caso-susie,O Caso Susie,2023,Filme,1080p,3,True,108,55
o-caso-dos-irmaos-menendez,O Caso dos Irmãos Menendez,2024,Filme,1080p,1,True,122,69
o-castelo-de-vidro,O Castelo de Vidro,2017,Filme,1080p,1,True,114,61
o-cativo,O Cativo,2025,Filme,1080p,2,True,104,51
o-cavaleiro-dos-sete-reinos-1a-temporada,O Cavaleiro dos Sete Reinos 1ª Temporada,2026,Série,1080p,0,True,136,83
o-cacador-de-espiritos,O Caçador de Espíritos,2024,Filme,1080p,1,True,118,65
o-cinema-mal-assombrado,O Cinema Mal-Assombrado,2023,Filme,1080p,1,True,119,66
o-cirurgiao,O Cirurgião,2020,Filme,1080p,3,True,107,54
o-clube-da-separacao,O Clube da Separação,2024,Filme,1080p,1,True,116,63
o-clube-das-mulheres-de-negocios,O Clube das Mulheres de Negócios,2024,Filme,1080p,2,True,128,75
o-clube-de-apostas,O Clube de Apostas,2022,Filme,1080p,3,True,114,61
o-clube-do-crime-das-quintas-feiras,O Clube do Crime das Quintas-Feiras,2025,Filme,1080p,5,True,131,78
o-clube-do-tesouro,O Clube do Tesouro,2022,Filme,1080p,2,True,114,61
o-comandante-panico-nas-alturas,O Comandante: Pânico nas Alturas,2019,Filme,1080p,4,True,128,75
o-combinado-nao-sai-caro,O Combinado Não Sai Caro,2025,Filme,1080p,2,True,120,67
o-concerto-maldito-sinfonia-do-mal,O Concerto Maldito: Sinfonia do Mal,2024,Filme,1080p,2,True,131,78
o-conde-de-monte-cristo,O Conde de Monte Cristo,2002,Filme,1080p,3,True,119,66
o-conde-de-monte-cristo-2,O Conde de Monte Cristo,2024,Filme,1080p,4,True,119,66
o-contador,O Contador,2016,Filme,1080p,3,True,106,53
o-contador-2,O Contador 2,2025,Filme,1080p,3,True,108,55
o-conto-da-aia-1a-temporada,O Conto da Aia 1ª Temporada,2017,Série,1080p,0,True,123,70
o-conto-da-aia-2a-temporada,O Conto da Aia 2ª Temporada,2018,Série,1080p,0,True,123,70
o-conto-da-aia-3a-temporada,O Conto da Aia 3ª Temporada,2019,Série,1080p,0,True,123,70
o-conto-da-aia-4a-temporada,O Conto da Aia 4ª Temporada,2021,Série,1080p,0,True,123,70
o-conto-da-aia-5a-temporada,O Conto da Aia 5ª Temporada,2022,Série,1080p,0,True,123,70
o-conto-da-aia-6a-temporada,O Conto da Aia 6ª Temporada,2025,Série,1080p,0,True,123,70
o-convento,O Convento,2023,Filme,1080p,2,True,106,53
o-corpo-aberto,O Corpo Aberto,2022,Filme,1080p,3,True,110,57
o-corvo,O Corvo,1994,Filme,1080p,3,True,103,50
o-corvo-2,O Corvo,2024,Filme,1080p,3,True,103,50
o-covil,O Covil,2021,Filme,1080p,2,True,103,50
o-crime-nao-descansa,O Crime Não Descansa,2022,Filme,,4,True,99,63
o-crime-nao-tira-ferias,O Crime Não Tira Férias,2023,Filme,1080p,2,True,119,66
o-critico,O Crítico,2024,Filme,1080p,4,True,105,52
o-curioso-caso-de-benjamin-button,O Curioso Caso de Benjamin Button,2008,Filme,1080p,3,True,129,76
o-ceu-nao-pode-esperar,O Céu Não Pode Esperar,2023,Filme,1080p,1,True,118,65
o-ceu-da-meia-noite,O Céu da Meia-Noite,2020,Filme,1080p,2,True,115,62
o-codigo,O Código,2012,Filme,1080p,3,True,104,51
o-codigo-da-vinci,O Código Da Vinci,2006,Filme,1080p,2,True,113,60
o-codigo-do-silencio,O Código do Silêncio,2021,Filme,1080p,1,True,116,63
o-demolidor,O Demolidor,1993,Filme,1080p,3,True,107,54
o-demonio-entre-nos,O Demônio Entre Nós,2023,Filme,1080p,1,True,115,62
o-demonio-de-gelo,O Demônio de Gelo,2021,Filme,1080p,2,True,113,60
o-demonio-do-alasca,O Demônio do Alasca,2025,Filme,1080p,2,True,115,62
o-demonio-que-habita-em-mim,O Demônio que Habita em Mim,2025,Filme,1080p,2,True,123,70
o-demonio-a-espreita,O Demônio à Espreita,2023,Filme,1080p,2,True,116,63
o-desconhecido,O Desconhecido,2022,Filme,1080p,3,True,110,57
o-despertar-de-um-mestre,O Despertar de Um Mestre,2018,Filme,1080p,2,True,120,67
o-despertar-de-uma-paixao,O Despertar de Uma Paixão,2023,Filme,1080p,1,True,121,68
o-despertar-do-mal,O Despertar do Mal,2022,Filme,1080p,2,True,114,61
o-despertar-dos-fantasmas,O Despertar dos Fantasmas,2023,Filme,1080p,2,True,121,68
o-despertar-dos-poderes,O Despertar dos Poderes,2022,Filme,1080p,3,True,119,66
o-destemido-senhor-da-guerra,O Destemido Senhor da Guerra,1986,Filme,1080p,2,True,124,71
o-destino-de-maja,O Destino de Maja,2024,Filme,1080p,1,True,113,60
o-destino-de-sikandar,O Destino de Sikandar,2024,Filme,1080p,4,True,117,64
o-devorador-de-almas,O Devorador de Almas,2024,Filme,1080p,4,True,116,63
o-dia-mais-lindo-do-mundo,O Dia Mais Lindo do Mundo,2019,Filme,1080p,1,True,121,68
o-dia-que-te-conheci,O Dia Que Te Conheci,2024,Filme,1080p,2,True,116,63
o-dia-da-castracao,O Dia da Castração,2025,Filme,1080p,2,True,114,61
o-dia-da-minha-morte,O Dia da Minha Morte,2024,Filme,1080p,1,True,116,63
o-dia-do-chacal-1a-temporada,O Dia do Chacal 1ª Temporada,2024,Série,1080p,0,True,124,71
o-dia-em-que-a-terra-parou,O Dia em Que a Terra Parou,2008,Filme,1080p,3,True,122,69
o-diabo-vem-a-noite,O Diabo Vem à Noite,2023,Filme,1080p,1,True,115,62
o-diario,O Diário,2024,Filme,1080p,2,True,104,51
o-diario-de-frankenstein,O Diário de Frankenstein,2025,Filme,1080p,3,True,120,67
o-diario-de-pilar-na-amazonia,O Diário de Pilar na Amazônia,2026,Filme,1080p,1,True,125,72
o-diario-de-uma-baba,O Diário de Uma Babá,2007,Filme,1080p,3,True,116,63
o-doce-lar,O Doce Lar,2025,Filme,1080p,2,True,106,53
o-dono-de-kingstown-1a-temporada,O Dono de Kingstown 1ª Temporada,2021,Série,1080p,0,True,128,75
o-dono-de-kingstown-2a-temporada,O Dono de Kingstown 2ª Temporada,2023,Série,1080p,0,True,128,75
o-dono-de-kingstown-3a-temporada,O Dono de Kingstown 3ª Temporada,2024,Série,1080p,0,True,128,75
o-dono-de-kingstown-4a-temporada,O Dono de Kingstown 4ª Temporada,2025,Série,1080p,0,True,128,75
o-duble,O Dublê,2024,Filme,1080p,4,True,103,50
o-duelo,O Duelo,2024,Filme,1080p,2,True,103,50
o-efeito-domino,O Efeito Dominó,1996,Filme,1080p,2,True,111,58
o-elenco-da-morte,O Elenco da Morte,2021,Filme,1080p,1,True,113,60
o-elixir,O Elixir,2025,Filme,1080p,2,True,104,51
o-encanto-da-sereia,O Encanto da Sereia,2024,Filme,1080p,2,True,115,62
o-enforcador,O Enforcador,2024,Filme,1080p,2,True,108,55
o-enigma-do-mal,O Enigma do Mal,1982,Filme,1080p,3,True,111,58
o-enigma-do-portal,O Enigma do Portal,2024,Filme,1080p,3,True,114,61
o-entregador-da-noite,O Entregador da Noite,2023,Filme,1080p,3,True,117,64
o-enviado,O Enviado,2004,Filme,1080p,2,True,105,52
o-enxame,O Enxame,2023,Filme,1080p,1,True,104,51
o-escolhido,O Escolhido,2024,Filme,1080p,3,True,107,54
o-espirito-das-trevas,O Espírito das Trevas,2022,Filme,1080p,3,True,117,64
o-esquema-fenicio,O Esquema Fenício,2025,Filme,1080p,2,True,113,60
o-estranho-na-minha-casa,O Estranho na Minha Casa,2025,Filme,1080p,2,True,120,67
o-estudio-1a-temporada,O Estúdio 1ª Temporada,2025,Série,1080p,0,True,118,65
o-eternauta-1a-temporada,O Eternauta 1ª Temporada,2025,Série,1080p,0,True,120,67
o-exorcismo,O Exorcismo,2024,Filme,1080p,2,True,107,54
o-exorcismo-do-demonio,O Exorcismo do Demônio,2020,Filme,1080p,2,True,118,65
o-experimento-do-sono,O Experimento do Sono,2019,Filme,1080p,3,True,117,64
o-expresso-polar,O Expresso Polar,2004,Filme,1080p,5,True,112,59
o-exterminador-de-seitas,O Exterminador de Seitas,2022,Filme,1080p,3,True,120,67
o-exterminador-do-futuro,O Exterminador do Futuro,1984,Filme,1080p,3,True,120,67
o-exterminador-do-futuro-2-o-julgamento-final,O Exterminador do Futuro 2: O Julgamento Final,1991,Filme,1080p,3,True,142,89
o-exterminador-do-futuro-3-a-rebeliao-das-maquinas,O Exterminador do Futuro 3: A Rebelião das Máquinas,2003,Filme,1080p,3,True,147,94
o-exterminador-do-futuro-zero-1a-temporada,O Exterminador do Futuro Zero 1ª Temporada,2024,Série,1080p,0,True,138,85
o-exterminador-do-futuro-a-salvacao,O Exterminador do Futuro: A Salvação,2009,Filme,1080p,3,True,132,79
o-exterminador-do-futuro-destino-sombrio,O Exterminador do Futuro: Destino Sombrio,2019,Filme,1080p,3,True,137,84
o-exterminador-do-futuro-genesis,O Exterminador do Futuro: Gênesis,2015,Filme,1080p,3,True,129,76
o-fabricante-de-lagrimas,O Fabricante de Lágrimas,2024,Filme,1080p,2,True,120,67
o-falsario,O Falsário,2025,Filme,1080p,2,True,106,53
o-fantastico-mundo-de-blaze,O Fantástico Mundo de Blaze,2022,Filme,1080p,3,True,123,70
o-favorito,O Favorito,2018,Filme,1080p,2,True,106,53
o-feitico,O Feitiço,2022,Filme,1080p,2,True,105,52
o-feitico-de-aquila,O Feitiço de Áquila,1985,Filme,1080p,3,True,115,62
o-filho-de-mil-homens,O Filho de Mil Homens,2025,Filme,1080p,1,True,117,64
o-filho-do-confeiteiro,O Filho do Confeiteiro,2021,Filme,1080p,1,True,118,65
o-filho-do-rei,O Filho do Rei,2025,Filme,1080p,3,True,110,57
o-fim-da-escuridao,O Fim da Escuridão,2010,Filme,1080p,4,True,114,61
o-fim-da-lealdade,O Fim da Lealdade,2023,Filme,1080p,2,True,113,60
o-fogo-interior,O Fogo Interior,2025,Filme,1080p,2,True,111,58
o-fora-da-lei,O Fora da Lei,2021,Filme,1080p,1,True,109,56
o-frio-da-morte,O Frio da Morte,2025,Filme,1080p,2,True,111,58
o-fugitivo,O Fugitivo,1993,Filme,1080p,3,True,106,53
o-gerente-da-noite-1a-temporada,O Gerente da Noite 1ª Temporada,2016,Série,1080p,0,True,127,74
o-gerente-da-noite-2a-temporada,O Gerente da Noite 2ª Temporada,2026,Série,1080p,0,True,127,74
o-golpe-de-milhoes,O Golpe de Milhões,2022,Filme,1080p,2,True,114,61
o-grande-golpe-do-leste,O Grande Golpe do Leste,2024,Filme,1080p,4,True,119,66
o-grande-mestre,O Grande Mestre,2008,Filme,1080p,3,True,111,58
o-grande-mestre-2,O Grande Mestre,2013,Filme,1080p,3,True,111,58
o-grande-mestre-2-2,O Grande Mestre 2,2010,Filme,1080p,3,True,113,60
o-grande-mestre-3,O Grande Mestre 3,2015,Filme,1080p,3,True,113,60
o-grande-mestre-4,O Grande Mestre 4,2019,Filme,1080p,3,True,113,60
o-grande-roubo-do-louvre-o-crime-minuto-a-minuto,O Grande Roubo do Louvre: O Crime Minuto a Minuto,2025,Filme,1080p,2,True,145,92
o-grande-truque,O Grande Truque,2006,Filme,1080p,3,True,111,58
o-grilo-e-a-formiga,O Grilo e a Formiga,2023,Filme,1080p,4,True,115,62
o-grinch,O Grinch,2000,Filme,1080p,3,True,104,51
o-grito,O Grito,2024,Filme,1080p,1,True,103,50
o-grupo,O Grupo,2022,Filme,1080p,2,True,103,50
o-guerreiro-banido,O Guerreiro Banido,2023,Filme,1080p,1,True,114,61
o-guerreiro-invencivel,O Guerreiro Invencível,2025,Filme,1080p,3,True,118,65
o-gangster,O Gângster,2007,Filme,1080p,2,True,106,53
o-gangster-o-policial-e-o-diabo,"O Gângster, o Policial e o Diabo",2019,Filme,1080p,3,True,128,75
o-heroi-do-holocausto,O Herói do Holocausto,2023,Filme,1080p,3,True,117,64
o-homem-invisivel,O Homem Invisível,2020,Filme,1080p,3,True,113,60
o-homem-que-desenhou-deus,O Homem Que Desenhou Deus,2023,Filme,1080p,1,True,121,68
o-homem-que-mudou-o-jogo,O Homem Que Mudou o Jogo,2011,Filme,1080p,2,True,120,67
o-homem-sem-medo,O Homem Sem Medo,2022,Filme,1080p,3,True,112,59
o-homem-sem-sombra,O Homem Sem Sombra,2000,Filme,1080p,4,True,114,61
o-homem-com-as-respostas,O Homem com as Respostas,2021,Filme,1080p,2,True,120,67
o-homem-de-branco,O Homem de Branco,2022,Filme,1080p,1,True,113,60
o-homem-de-lugar-nenhum,O Homem de Lugar Nenhum,2023,Filme,1080p,2,True,119,66
o-homem-do-norte,O Homem do Norte,2022,Filme,1080p,3,True,112,59
o-homem-do-saco,O Homem do Saco,2024,Filme,1080p,2,True,111,58
o-homem-dos-sonhos,O Homem dos Sonhos,2023,Filme,1080p,2,True,114,61
o-homem-na-estrada,O Homem na Estrada,2022,Filme,1080p,1,True,114,61
o-homem-nas-trevas,O Homem nas Trevas,2016,Filme,1080p,2,True,114,61
o-homem-nas-trevas-2,O Homem nas Trevas 2,2021,Filme,1080p,3,True,116,63
o-homem-que-amava-discos-voadores,O Homem que Amava Discos Voadores,2024,Filme,1080p,2,True,129,76
o-homem-que-desafiou-os-sovieticos,O Homem que Desafiou os Soviéticos,2023,Filme,1080p,2,True,130,77
o-homem-que-matou-hitler-e-depois-o-pe-grande,O Homem que Matou Hitler e Depois o Pé Grande,2019,Filme,1080p,5,True,141,88
o-homem-que-quer-viver-para-sempre,O Homem que Quer Viver para Sempre,2025,Filme,1080p,1,True,130,77
o-homem-cao,O Homem-Cão,2025,Filme,1080p,3,True,107,54
o-horla,O Horla,2023,Filme,1080p,2,True,103,50
donzela-3,Donzela,2014,Filme,1080p,3,True,103,50
o-iluminado,O Iluminado,1980,Filme,1080p,2,True,107,54
o-impossivel,O Impossível,2012,Filme,1080p,3,True,108,55
o-impostor-2,O Impostor,2022,Filme,1080p,1,True,106,53
o-inesperado-acontece,O Inesperado Acontece,2022,Filme,1080p,3,True,117,64
o-inferno-pode-esperar,O Inferno Pode Esperar,2023,Filme,1080p,4,True,118,65
o-inimigo-esta-por-perto,O Inimigo Está Por Perto,2023,Filme,1080p,3,True,120,67
o-instituto-1a-temporada,O Instituto 1ª Temporada,2025,Série,1080p,0,True,120,67
o-intruso,O Intruso,2014,Filme,1080p,2,True,105,52
o-jardim-da-fe,O Jardim da Fé,2021,Filme,1080p,1,True,110,57
o-jardim-de-isabel,O Jardim de Isabel,2024,Filme,1080p,2,True,114,61
o-jarro-de-natal,O Jarro de Natal,2024,Filme,1080p,2,True,112,59
o-jogo-que-mudou-a-historia,O Jogo que Mudou a História,2024,Série,1080p,0,True,123,70
o-jogo-da-garrafa,O Jogo da Garrafa,2024,Filme,1080p,1,True,113,60
o-jogo-da-imitacao,O Jogo da Imitação,2014,Filme,1080p,3,True,114,61
o-jogo-da-morte,O Jogo da Morte,2024,Filme,1080p,3,True,111,58
o-jogo-da-morte-2,O Jogo da Morte,2023,Série,1080p,0,True,111,58
o-jogo-da-rainha,O Jogo da Rainha,2024,Filme,1080p,3,True,112,59
o-jogo-da-tentacao,O Jogo da Tentação,2024,Filme,1080p,2,True,114,61
o-jogo-da-viuva,O Jogo da Viúva,2025,Filme,1080p,2,True,111,58
o-jogo-do-assassino,O Jogo do Assassino,2024,Filme,1080p,3,True,115,62
o-jogo-do-disfarce,O Jogo do Disfarce,2023,Filme,1080p,3,True,114,61
o-jogo-do-medo,O Jogo do Medo,2022,Filme,1080p,3,True,110,57
o-justiceiro,O Justiceiro,1995,Filme,1080p,3,True,108,55
o-justiceiro-2,O Justiceiro,2004,Filme,1080p,3,True,108,55
o-justiceiro-em-zona-de-guerra,O Justiceiro: Em Zona de Guerra,2008,Filme,1080p,2,True,127,74
o-lado-escuro-da-lua,O Lado Escuro da Lua,2022,Filme,1080p,2,True,116,63
o-lado-sombrio-de-abi,O Lado Sombrio de Abi,2023,Filme,1080p,2,True,117,64
o-lago-do-silencio,O Lago do Silêncio,2020,Filme,1080p,1,True,114,61
o-lar-sinistro,O Lar Sinistro,2025,Filme,1080p,2,True,110,57
o-legado,O Legado,2025,Filme,1080p,4,True,104,51
o-legado-bourne,O Legado Bourne,2012,Filme,1080p,2,True,111,58
o-legionario,O Legionário,2022,Filme,1080p,2,True,108,55
o-leopardo-1a-temporada,O Leopardo 1ª Temporada,2025,Série,1080p,0,True,119,66
o-limite-do-prazer,O Limite do Prazer,2023,Filme,1080p,2,True,114,61
o-livro-das-forcas-malditas,O Livro das Forças Malditas,2022,Filme,1080p,2,True,123,70
o-livro-do-demonio,O Livro do Demônio,2022,Filme,1080p,1,True,114,61
o-lobisomem,O Lobisomem,2010,Filme,1080p,1,True,107,54
o-lobo-da-estepe,O Lobo da Estepe,2024,Filme,1080p,1,True,112,59
o-lobo-de-wall-street,O Lobo de Wall Street,2013,Filme,1080p,3,True,117,64
o-macaco,O Macaco,2025,Filme,1080p,2,True,104,51
infestacao-2,Infestação,2019,Filme,1080p,2,True,106,53
o-maior-roubo-de-arte-da-historia,O Maior Roubo de Arte da História,2023,Filme,1080p,2,True,129,76
o-mal-mora-aqui,O Mal Mora Aqui,2024,Filme,1080p,2,True,111,58
o-mal-que-nao-se-pode-ver,O Mal Que Não se Pode Ver,2023,Filme,1080p,3,True,121,68
o-mal-que-nos-habita,O Mal que Nos Habita,2024,Filme,1080p,2,True,116,63
o-manuscrito-do-amor,O Manuscrito do Amor,2024,Filme,1080p,1,True,116,63
o-mapa-que-me-leva-ate-voce,O Mapa Que Me Leva Até Você,2025,Filme,1080p,2,True,123,70
o-maquinista,O Maquinista,2022,Filme,1080p,2,True,108,55
o-maravilhoso-magico-de-oz-parte-1,O Maravilhoso Mágico de Oz - Parte 1,2025,Filme,1080p,2,True,132,79
o-massacre-da-festa-do-pijama,O Massacre da Festa do Pijama,2021,Filme,1080p,2,True,125,72
o-massacre-da-mare-vermelha,O Massacre da Maré Vermelha,2022,Filme,1080p,1,True,123,70
o-matador,O Matador,1989,Filme,1080p,4,True,105,52
o-matador-de-aluguel,O Matador de Aluguel,2022,Filme,1080p,2,True,116,63
o-matador-de-aluguel-2,O Matador de Aluguel,2022,Filme,1080p,2,True,116,63
o-mau-pastor,O Mau Pastor,2024,Filme,1080p,2,True,108,55
o-melhor-amigo,O Melhor Amigo,2025,Filme,1080p,3,True,110,57
o-melhor-espetaculo-de-natal-de-todos-os-tempos,O Melhor Espetáculo de Natal de Todos os Tempos,2024,Filme,1080p,3,True,143,90
o-melhor-fim-de-semana-de-todos,O Melhor Fim de Semana de Todos,2023,Filme,1080p,2,True,127,74
o-melhor-verao-da-minha-vida,O Melhor Verão da Minha Vida,2018,Filme,1080p,2,True,124,71
o-melhor-de-nos-dois,O Melhor de Nós Dois,2025,Filme,1080p,3,True,116,63
o-melhor-do-mundo,O Melhor do Mundo,2025,Filme,1080p,2,True,113,60
o-meme-da-festa-de-halloween,O Meme da Festa de Halloween,2020,Filme,1080p,1,True,124,71
o-menino-golfinho,O Menino Golfinho,2022,Filme,1080p,3,True,113,60
o-menino-do-pijama-listrado,O Menino do Pijama Listrado,2008,Filme,1080p,3,True,123,70
o-menino-e-a-garca,O Menino e a Garça,2023,Filme,1080p,5,True,114,61
o-menino-e-o-mestre,O Menino e o Mestre,2024,Filme,1080p,3,True,115,62
o-menino-que-descobriu-o-vento,O Menino que Descobriu o Vento,2019,Filme,1080p,2,True,126,73
o-mensageiro,O Mensageiro,2024,Filme,1080p,1,True,108,55
o-mentiroso,O Mentiroso,1997,Filme,1080p,1,True,107,54
o-mentiroso-2,O Mentiroso,1997,Filme,1080p,1,True,107,54
o-menu,O Menu,2022,Filme,1080p,2,True,102,49
o-mesmo-dia-com-voce,O Mesmo Dia com Você,2025,Filme,1080p,3,True,116,63
o-mestre-das-armas,O Mestre das Armas,2006,Filme,1080p,2,True,114,61
o-mestre-das-sombras,O Mestre das Sombras,2023,Filme,1080p,3,True,116,63
o-mestre-do-crime,O Mestre do Crime,2024,Filme,1080p,2,True,113,60
o-milagre,O Milagre,2022,Filme,1080p,2,True,105,52
o-misterioso-caso-de-daria,O Misterioso Caso de Daria,2020,Filme,1080p,2,True,122,69
o-misterio-da-familia-carman,O Mistério da Família Carman,2025,Filme,1080p,2,True,124,71
o-misterio-da-mansao-campton,O Mistério da Mansão Campton,2024,Filme,1080p,3,True,124,71
o-misterio-da-rodovia-river,O Mistério da Rodovia River,2023,Filme,1080p,3,True,123,70
o-misterio-do-penhasco,O Mistério do Penhasco,2022,Filme,1080p,2,True,118,65
o-misterio-do-vinhedo,O Mistério do Vinhedo,2022,Filme,1080p,2,True,117,64
o-monstro-de-florenca-1a-temporada,O Monstro de Florença 1ª Temporada,2025,Série,1080p,0,True,130,77
o-monstro-do-meu-quarto,O Monstro do Meu Quarto,2025,Filme,1080p,3,True,119,66
o-monstro-em-mim-1a-temporada,O Monstro em Mim 1ª Temporada,2025,Série,1080p,0,True,125,72
o-mundo-depois-de-nos,O Mundo Depois de Nós,2023,Filme,1080p,2,True,117,64
o-mundo-ira-tremer,O Mundo Irá Tremer,2025,Filme,1080p,3,True,114,61
o-mundo-perdido-jurassic-park-2,O Mundo Perdido: Jurassic Park,1997,Filme,1080p,4,True,126,73
o-mundo-de-mia-a-esperanca-de-centopia,O Mundo de Mia: A Esperança de Centopia,2022,Filme,1080p,3,True,135,82
o-namorado-da-minha-prima,O Namorado da Minha Prima,2023,Filme,1080p,2,True,121,68
o-nascer-da-lua-1a-temporada,O Nascer da Lua 1ª Temporada,2025,Série,1080p,0,True,124,71
o-natal-volta-para-casa,O Natal Volta para Casa,2023,Filme,1080p,2,True,119,66
o-natal-da-patrulha-canina,O Natal da Patrulha Canina,2025,Filme,1080p,3,True,122,69
o-nucleo-missao-ao-centro-da-terra,O Núcleo: Missão ao Centro da Terra,2003,Filme,1080p,3,True,131,78
o-olho,O Olho,2023,Filme,1080p,4,True,102,49
o-olho-e-o-muro,O Olho e o Muro,2021,Filme,1080p,2,True,111,58
o-orfanato,O Orfanato,2007,Filme,1080p,2,True,106,53
o-ourives,O Ourives,2022,Filme,1080p,2,True,105,52
o-ouro-1a-temporada,O Ouro 1ª Temporada,2023,Série,1080p,0,True,115,62
o-ouro-do-mal,O Ouro do Mal,2024,Filme,1080p,1,True,109,56
o-pacto,O Pacto,2023,Filme,1080p,3,True,103,50
o-papa-que-venceu-o-comunismo,O Papa que Venceu o Comunismo,2025,Filme,1080p,1,True,125,72
o-passado-bate-a-porta,O Passado Bate à Porta,2024,Filme,1080p,2,True,118,65
o-passageiro,O Passageiro,2018,Filme,1080p,3,True,108,55
o-pequeno-tom,O Pequeno Tom,2022,Filme,1080p,1,True,109,56
o-peso-da-vitoria,O Peso da Vitória,2025,Filme,1080p,2,True,113,60
o-peso-de-um-sonho,O Peso de Um Sonho,2023,Filme,1080p,1,True,114,61
o-peso-do-talento,O Peso do Talento,2022,Filme,1080p,3,True,113,60
o-plano-perfeito,O Plano Perfeito,2006,Filme,1080p,3,True,112,59
o-podcast-da-morte,O Podcast da Morte,2023,Filme,1080p,2,True,114,61
o-poder-da-oracao,O Poder Da Oração,2019,Filme,1080p,2,True,113,60
o-poder-do-pecado,O Poder do Pecado,2023,Filme,1080p,1,True,113,60
o-poderoso-chefao-trilogia,O Poderoso Chefão: Trilogia,1972,Filme,1080p,4,True,123,70
o-porao-da-rua-do-grito,O Porão da Rua do Grito,2025,Filme,1080p,2,True,119,66
o-poco,O Poço,2020,Filme,1080p,3,True,102,49
o-poco-2,O Poço 2,2024,Filme,1080p,3,True,104,51
o-poco-das-trevas,O Poço das Trevas,2024,Filme,1080p,2,True,113,60
o-pranto-do-mal,O Pranto do Mal,2024,Filme,1080p,1,True,111,58
o-predador-alienigena,O Predador Alienígena,2023,Filme,1080p,2,True,117,64
o-preco-que-pagamos,O Preço Que Pagamos,2023,Filme,1080p,5,True,115,62
o-preco-da-noiva,O Preço da Noiva,2024,Filme,1080p,2,True,112,59
o-preco-de-educar,O Preço de Educar,2024,Filme,1080p,1,True,113,60
o-preco-de-um-corpo,O Preço de Um Corpo,2022,Filme,1080p,1,True,115,62
o-preco-de-um-sonho,O Preço de Um Sonho,2023,Filme,1080p,1,True,115,62
o-preco-de-uma-escolha,O Preço de Uma Escolha,2022,Filme,1080p,1,True,118,65
o-preco-de-um-resgate,O Preço de um Resgate,1996,Filme,1080p,2,True,117,64
o-preco-de-uma-vida,O Preço de uma Vida,2022,Filme,1080p,2,True,115,62
o-preco-do-amanha,O Preço do Amanhã,2011,Filme,1080p,3,True,113,60
o-preco-do-perdao,O Preço do Perdão,2022,Filme,1080p,3,True,113,60
o-primata,O Primata,2026,Filme,1080p,2,True,105,52
o-problema-dos-3-corpos-1a-temporada,O Problema dos 3 Corpos 1ª Temporada,2024,Série,1080p,0,True,132,79
o-professor-1aa-temporada,O Professor 1ªª Temporada,2024,Série,1080p,0,True,121,68
o-professor-2a-temporada,O Professor 2ª Temporada,2025,Série,1080p,0,True,120,67
o-promotor,O Promotor,2024,Filme,1080p,4,True,106,53
o-protetor,O Protetor,2014,Filme,1080p,4,True,106,53
o-protetor-2,O Protetor 2,2018,Filme,1080p,4,True,108,55
o-protetor-3-capitulo-final,O Protetor 3: Capítulo Final,2023,Filme,1080p,4,True,124,71
o-principe-dragao-1a-temporada,O Príncipe Dragão 1ª Temporada,2018,Série,1080p,0,True,126,73
o-principe-dragao-2a-temporada,O Príncipe Dragão 2ª Temporada,2019,Série,1080p,0,True,126,73
o-principe-dragao-3a-temporada,O Príncipe Dragão 3ª Temporada,2020,Série,1080p,0,True,126,73
o-principe-dragao-4a-temporada,O Príncipe Dragão 4ª Temporada,2022,Série,1080p,0,True,126,73
o-principe-dragao-5a-temporada,O Príncipe Dragão 5ª Temporada,2023,Série,1080p,0,True,126,73
o-principe-dragao-6a-temporada,O Príncipe Dragão 6ª Temporada,2024,Série,1080p,0,True,126,73
o-principe-dragao-7a-temporada,O Príncipe Dragão 7ª Temporada,2024,Série,1080p,0,True,126,73
o-punho-do-condor,O Punho do Condor,2023,Filme,1080p,1,True,113,60
o-palido-olho-azul,O Pálido Olho Azul,2022,Filme,1080p,4,True,114,61
o-quarto-passageiro,O Quarto Passageiro,2022,Filme,1080p,1,True,115,62
o-quarto-ao-lado,O Quarto ao Lado,2024,Filme,1080p,1,True,112,59
o-quarto-de-vidro,O Quarto de Vidro,2019,Filme,1080p,1,True,113,60
o-quarto-do-panico,O Quarto do Pânico,2002,Filme,1080p,3,True,114,61
o-que-deixamos-pelo-caminho,O Que Deixamos Pelo Caminho,2023,Filme,1080p,2,True,123,70
o-que-jennifer-fez,O Que Jennifer Fez?,2024,Filme,1080p,1,True,115,62
o-que-lucia-viu,O Que Lucía Viu,2022,Filme,1080p,1,True,111,58
o-que-me-traz-ate-voce,O Que Me Traz Até Você,2023,Filme,1080p,3,True,118,65
o-que-pode-dar-errado,O Que Pode Dar Errado?,2023,Filme,1080p,1,True,118,65
o-que-se-esconde-sob-as-aguas,O Que Se Esconde Sob as Águas,2024,Filme,1080p,2,True,125,72
o-que-sobrou-de-nos,O Que Sobrou de Nós,2023,Filme,1080p,1,True,115,62
o-que-tiver-que-ser,O Que Tiver Que Ser,2024,Filme,1080p,1,True,115,62
o-quiosque,O Quiosque,2024,Filme,1080p,1,True,106,53
o-reencontro-da-turma,O Reencontro da Turma,2024,Filme,1080p,2,True,117,64
o-refem-atentado-em-madri,O Refém: Atentado em Madri,2023,Filme,1080p,2,True,122,69
o-refugio,O Refúgio,2025,Filme,1080p,1,True,105,52
o-refugio-2,O Refúgio,2026,Filme,1080p,2,True,105,52
serie-o-regime,Serie O Regime,2024,Série,1080p,0,True,110,57
o-rei-leao,O Rei Leão,2019,Filme,1080p,5,True,106,53
o-rei-perdido,O Rei Perdido,2022,Filme,1080p,2,True,109,56
o-rei-da-feira,O Rei da Feira,2025,Filme,1080p,1,True,110,57
o-rei-da-tv-1a-temporada,O Rei da TV 1ª Temporada,2022,Série,1080p,0,True,120,67
o-rei-da-tv-2a-temporada,O Rei da TV 2ª Temporada,2023,Série,1080p,0,True,120,67
o-rei-do-crime,O Rei do Crime,2023,Filme,1080p,1,True,110,57
o-rei-do-show,O Rei do Show,2017,Filme,1080p,2,True,109,56
o-rei-dos-reis,O Rei dos Reis,2025,Filme,1080p,5,True,110,57
o-resgate,O Resgate,2024,Filme,1080p,1,True,105,52
o-resgate-de-uma-vida,O Resgate de Uma Vida,2016,Filme,1080p,1,True,117,64
o-retorno,O Retorno,2024,Filme,1080p,3,True,105,52
o-retorno-do-morto-vivo,O Retorno do Morto-Vivo,2023,Filme,1080p,1,True,119,66
o-retorno-do-rei-queda-e-ascensao-de-elvis-presley,O Retorno do Rei: Queda e Ascensão de Elvis Presley,2024,Filme,1080p,2,True,147,94
o-retrato,O Retrato,2023,Filme,1080p,3,True,105,52
o-retrato-do-amor,O Retrato do Amor,2022,Filme,1080p,2,True,113,60
o-rito-da-danca,O Rito da Dança,2024,Filme,1080p,1,True,111,58
o-ritual-the-ritual,O Ritual (The Ritual),2025,Filme,1080p,1,True,117,64
o-ritual-sinistro,O Ritual Sinistro,2023,Filme,1080p,3,True,113,60
o-ritual-do-livro-vermelho,O Ritual do Livro Vermelho,2022,Filme,1080p,1,True,122,69
o-roteiro-assombrado,O Roteiro Assombrado,2023,Filme,1080p,2,True,116,63
o-roubo-1a-temporada,O Roubo 1ª Temporada,2026,Série,1080p,0,True,116,63
o-roubo-de-88,O Roubo de 88,2023,Filme,1080p,2,True,109,56
o-roubo-dos-diamantes,O Roubo dos Diamantes,2023,Filme,1080p,3,True,117,64
o-sabor-da-vida,O Sabor da Vida,2023,Filme,1080p,2,True,111,58
o-salvador-de-almas,O Salvador de Almas,2022,Filme,1080p,2,True,115,62
o-sangue-de-zeus-1a-temporada,O Sangue de Zeus 1ª Temporada,2020,Série,1080p,0,True,125,72
o-sangue-de-zeus-2a-temporada,O Sangue de Zeus 2ª Temporada,2024,Série,1080p,0,True,125,72
o-sangue-de-zeus-3a-temporada,O Sangue de Zeus 3ª Temporada,2025,Série,1080p,0,True,125,72
o-segredo-da-chef,O Segredo da Chef,2025,Filme,1080p,3,True,113,60
o-segredo-da-colmeia,O Segredo da Colmeia,2023,Filme,1080p,3,True,116,63
o-segredo-de-lyla,O Segredo de Lyla,2022,Filme,1080p,2,True,113,60
o-segredo-de-marrowbone,O Segredo de Marrowbone,2017,Filme,1080p,3,True,119,66
o-segredo-de-mercator,O Segredo de Mercator,2022,Filme,1080p,2,True,117,64
o-segredo-de-sara,O Segredo de Sara,2021,Filme,1080p,1,True,113,60
o-segredo-do-abrigo,O Segredo do Abrigo,2024,Filme,1080p,1,True,115,62
o-segredo-do-papai-noel,O Segredo do Papai Noel,2025,Filme,1080p,2,True,119,66
o-segredo-dos-portais,O Segredo dos Portais,2019,Filme,1080p,2,True,117,64
o-senhor-das-armas,O Senhor das Armas,2005,Filme,1080p,3,True,114,61
o-senhor-dos-aneis-a-guerra-dos-rohirrim,O Senhor dos Anéis: A Guerra dos Rohirrim,2024,Filme,1080p,4,True,137,84
o-senhor-dos-aneis-a-sociedade-do-anel,O Senhor dos Anéis: A Sociedade do Anel,2001,Filme,1080p,4,True,135,82
o-senhor-dos-aneis-as-duas,O Senhor dos Anéis: As Duas,2002,Filme,1080p,4,True,123,70
o-senhor-dos-aneis-o-retorno-do-rei,O Senhor dos Anéis: O Retorno do Rei,2003,Filme,1080p,4,True,132,79
o-senhor-dos-aneis-os-aneis-de-poder-1a-temporada,O Senhor dos Anéis: Os Anéis de Poder 1ª Temporada,2022,Série,1080p,0,True,146,93
o-senhor-dos-aneis-os-aneis-de-poder-2a-temporada,O Senhor dos Anéis: Os Anéis de Poder 2ª Temporada,2024,Série,1080p,0,True,146,93
o-sequestro-do-metro-1-2-3-2,O Sequestro do Metrô 1 2 3,2009,Filme,1080p,3,True,122,69
o-sequestro-do-papa,O Sequestro do Papa,2023,Filme,1080p,2,True,115,62
o-sertao-vai-vir-ao-mar,O Sertão Vai Vir ao Mar,2024,Filme,1080p,2,True,119,66
o-show-dos-muppets,O Show dos Muppets,2026,Filme,1080p,3,True,114,61
o-silencio-das-rosas,O Silêncio das Rosas,2024,Filme,1080p,1,True,116,63
o-silencio-de-marcos-tremmer,O Silêncio de Marcos Tremmer,2024,Filme,1080p,2,True,124,71
o-silencio-do-lago,O Silêncio do Lago,1993,Filme,1080p,4,True,114,61
o-silencio-dos-inocentes,O Silêncio dos Inocentes,1991,Filme,1080p,3,True,120,67
o-silencio-na-noite,O Silêncio na Noite,2022,Filme,1080p,3,True,115,62
o-simpatizante,O Simpatizante,2024,Série,1080p,0,True,110,57
o-sinal-1a-temporada,O Sinal 1ª Temporada,2024,Série,1080p,0,True,116,63
o-sobrevivente,O Sobrevivente,2025,Filme,1080p,3,True,110,57
o-sol-tambem-e-uma-estrela,O Sol Também é uma Estrela,2019,Filme,1080p,2,True,122,69
o-som-da-fe,O Som da Fé,2023,Filme,1080p,3,True,107,54
o-som-das-cores,O Som das Cores,2022,Filme,1080p,3,True,111,58
o-som-do-silencio,O Som do Silêncio,2019,Filme,1080p,1,True,113,60
o-substituto,O Substituto,2011,Filme,1080p,1,True,108,55
o-substituto-2,O Substituto,2021,Filme,1080p,2,True,108,55
o-super-heroi-esta-de-volta,O Super-Herói Está de Volta,2018,Filme,1080p,1,True,123,70
o-surfista,O Surfista,2025,Filme,1080p,2,True,106,53
o-suspeito,O Suspeito,2024,Filme,1080p,3,True,106,53
o-sussurro-2,O Sussurro,2022,Filme,1080p,2,True,106,53
o-sussurro-da-bruxa,O Sussurro da Bruxa,2024,Filme,1080p,2,True,115,62
o-tanque-de-guerra,O Tanque de Guerra,2025,Filme,1080p,3,True,114,61
o-taro-da-morte,O Tarô da Morte,2024,Filme,1080p,2,True,111,58
o-telefone-preto,O Telefone Preto,2022,Filme,1080p,2,True,112,59
o-telefone-preto-2,O Telefone Preto 2,2025,Filme,1080p,2,True,114,61
o-telefone-do-sr-harrigan,O Telefone do Sr. Harrigan,2022,Filme,1080p,3,True,122,69
o-tempo-que-nos-resta,O Tempo Que Nos Resta,2025,Filme,1080p,3,True,117,64
o-terminal,O Terminal,2004,Filme,1080p,2,True,106,53
o-tesouro-de-natal,O Tesouro de Natal,2024,Filme,1080p,1,True,114,61
o-testamento-de-ann-lee,O Testamento de Ann Lee,2025,Filme,1080p,2,True,119,66
o-trem-italiano-da-felicidade,O Trem Italiano da Felicidade,2024,Filme,1080p,1,True,125,72
o-trem-bala,O Trem-Bala,2022,Filme,1080p,1,True,107,54
o-troco,O Troco,1999,Filme,1080p,4,True,103,50
o-troll-da-montanha-2,O Troll da Montanha 2,2025,Filme,1080p,3,True,117,64
o-trono-dourado,O Trono Dourado,2019,Filme,1080p,4,True,111,58
o-trote,O Trote,2024,Filme,1080p,3,True,103,50
o-truque-do-amor,O Truque do Amor,2024,Filme,1080p,2,True,112,59
o-tubarao-a-deriva,O Tubarão: À Deriva,2022,Filme,1080p,3,True,115,62
o-ultimato-bourne,O Ultimato Bourne,2007,Filme,1080p,4,True,113,60
o-universo-de-oliver,O Universo de Oliver,2022,Filme,1080p,1,True,116,63
o-urso-1a-temporada,O Urso 1ª Temporada,2022,Série,1080p,0,True,115,62
o-urso-2a-temporada,O Urso 2ª Temporada,2023,Série,1080p,0,True,115,62
o-urso-3a-temporada,O Urso 3ª Temporada,2024,Série,1080p,1,True,115,62
o-urso-4a-temporada,O Urso 4ª Temporada,2025,Série,1080p,0,True,115,62
o-vale-roubado,O Vale Roubado,2024,Filme,1080p,2,True,110,57
o-valente,O Valente,2025,Filme,,2,True,88,52
o-vendedor-de-ilusoes-o-caso-geracao-zoe,O Vendedor de Ilusões: O Caso Geração Zoe,2024,Filme,1080p,1,True,137,84
o-verdadeiro-dom-quixote,O Verdadeiro Dom Quixote,2019,Filme,1080p,1,True,120,67
o-veterano,O Veterano,2025,Filme,1080p,1,True,106,53
o-vice,O Vice,2018,Filme,1080p,2,True,102,49
o-vidente,O Vidente,2007,Filme,1080p,3,True,105,52
o-vingador,O Vingador,2003,Filme,1080p,3,True,106,53
o-vingador-toxico,O Vingador Tóxico,2025,Filme,1080p,3,True,113,60
o-vingador-da-iugoslavia,O Vingador da Iugoslávia,2017,Filme,1080p,2,True,120,67
o-vingador-da-iugoslavia-2,O Vingador da Iugoslávia 2,2024,Filme,1080p,2,True,122,69
o-vingador-do-futuro,O Vingador do Futuro,1990,Filme,1080p,3,True,116,63
o-vingador-do-futuro-2,O Vingador do Futuro,2012,Filme,1080p,3,True,116,63
o-voo,O Voo,2012,Filme,1080p,1,True,101,48
o-voo-sequestrado,O Voo Sequestrado,2024,Filme,1080p,2,True,113,60
o-voo-da-fenix,O Voo da Fênix,2004,Filme,1080p,3,True,110,57
o-veu-1a-temporada,O Véu 1ª Temporada,2024,Série,1080p,0,True,114,61
o-zorro-1a-temporada,O Zorro 1ª Temporada,2024,Série,1080p,0,True,116,63
o-que-se-esconde-nas-sombras,O que se Esconde nas Sombras,2024,Filme,1080p,3,True,124,71
o-indice-do-medo-1a-temporada,O Índice do Medo 1ª Temporada,2022,Série,1080p,0,True,125,72
o-onibus-perdido,O Ônibus Perdido,2025,Filme,1080p,2,True,112,59
o-ultimo-acordo,O Último Acordo,2023,Filme,1080p,3,True,111,58
o-ultimo-animal,O Último Animal,2023,Filme,1080p,3,True,111,58
o-ultimo-azul,O Último Azul,2025,Filme,1080p,2,True,109,56
o-ultimo-capitulo,O Último Capítulo,2016,Filme,1080p,2,True,113,60
o-ultimo-cacador-de-bruxas,O Último Caçador de Bruxas,2015,Filme,1080p,4,True,122,69
o-ultimo-combate,O Último Combate,2024,Filme,1080p,1,True,112,59
o-ultimo-desafio,O Último Desafio,2013,Filme,1080p,3,True,112,59
o-ultimo-garoto-da-terra,O Último Garoto da Terra,2024,Filme,1080p,3,True,120,67
o-ultimo-gigante,O Último Gigante,2026,Filme,1080p,1,True,112,59
o-ultimo-golpe,O Último Golpe,1974,Filme,1080p,4,True,110,57
o-ultimo-herege,O Último Herege,2022,Filme,1080p,2,True,111,58
o-ultimo-lutador,O Último Lutador,2023,Filme,1080p,1,True,112,59
o-ultimo-mergulho,O Último Mergulho,2025,Filme,1080p,4,True,113,60
o-ultimo-paciente,O Último Paciente,2022,Filme,1080p,2,True,113,60
o-ultimo-paraiso,O Último Paraíso,2021,Filme,1080p,2,True,112,59
o-ultimo-refugio,O Último Refúgio,2024,Filme,1080p,1,True,112,59
o-ultimo-refugio-2,O Último Refúgio,2025,Filme,1080p,4,True,112,59
o-ultimo-respiro,O Último Respiro,2025,Filme,1080p,2,True,112,59
o-ultimo-sacrificio,O Último Sacrifício,2024,Filme,1080p,2,True,115,62
o-ultimo-samurai,O Último Samurai,2003,Filme,1080p,3,True,112,59
o-ultimo-soldado,O Último Soldado,2023,Filme,1080p,3,True,112,59
o-t-h-e-r-presenca-maligna,O.T.H.E.R - Presença Maligna,2025,Filme,1080p,3,True,124,71
one-piece-a-serie-1a-temporada,ONE PIECE: A Série 1ª Temporada,2023,Série,1080p,0,True,127,74
one-piece-a-serie-2a-temporada,ONE PIECE: A Série 2ª Temporada,2026,Série,1080p,0,True,127,74
onyx,ONYX,2025,Filme,1080p,1,True,100,47
overlord-o-reino-sagrado,OVERLORD: O Reino Sagrado,2024,Filme,1080p,4,True,121,68
obcecada,Obcecada,2020,Filme,1080p,2,True,104,51
obcecado-por-cinema,Obcecado por Cinema,2023,Filme,1080p,2,True,115,62
obi-wan-kenobi-1a-temporada,Obi-Wan Kenobi 1ª Temporada,2022,Série,1080p,1,True,123,70
obi-wan-kenobi-o-retorno-do-jedi,Obi-Wan Kenobi: O Retorno do Jedi,2022,Filme,1080p,1,True,129,76
objetos-raros,Objetos Raros,2023,Filme,1080p,1,True,109,56
oblivion,Oblivion,2013,Filme,1080p,4,True,104,51
oddity,Oddity,2024,Filme,1080p,3,True,102,49
oeste-outra-vez,Oeste Outra Vez,2025,Filme,1080p,2,True,111,58
off-the-grid,Off the Grid,2025,Filme,1080p,3,True,108,55
oficina-do-diabo,Oficina do Diabo,2025,Filme,1080p,2,True,112,59
oh-canada,"Oh, Canada",2024,Filme,1080p,1,True,106,53
ohio-state-uma-historia-de-abusos,Ohio State: Uma História de Abusos,2025,Filme,1080p,1,True,130,77
oi-sumido,"Oi, Sumido!",2025,Filme,1080p,3,True,107,54
oito-mulheres-e-um-segredo,Oito Mulheres e um Segredo,2018,Filme,1080p,3,True,122,69
olho-por-olho,Olho por Olho,2025,Filme,1080p,1,True,109,56
olhos-assassinos,Olhos Assassinos,1981,Filme,1080p,2,True,112,59
olhos-selvagens-e-perversos,Olhos Selvagens e Perversos,2024,Filme,1080p,4,True,123,70
olhos-de-wakanda-1a-temporada,Olhos de Wakanda 1ª Temporada,2025,Série,1080p,0,True,125,72
onda-de-violencia,Onda de Violência,2025,Filme,1080p,3,True,113,60
onde-esta-ane,Onde Está Ane?,2020,Filme,1080p,1,True,110,57
onde-esta-rose,Onde Está Rose?,2022,Filme,1080p,2,True,111,58
one-chicago-crossover,One Chicago Crossover,2025,Filme,1080p,3,True,117,64
one-hit-wonder,One Hit Wonder,2025,Filme,1080p,3,True,110,57
one-mile-chapter-one,One Mile: Chapter One,2026,Filme,1080p,2,True,117,64
one-mile-chapter-two,One Mile: Chapter Two,2026,Filme,1080p,3,True,117,64
one-punch-man-1a-temporada,One-Punch Man 1ª Temporada,2015,Série,1080p,0,True,122,69
one-punch-man-2a-temporada,One-Punch Man 2ª Temporada,2019,Série,1080p,0,True,122,69
one-punch-man-3a-temporada,One-Punch Man 3ª Temporada,2025,Série,1080p,0,True,122,69
ong-bak-2-o-guerreiro-sagrado-voltou,Ong-Bak 2: O Guerreiro Sagrado Voltou,2008,Filme,1080p,3,True,133,80
ong-bak-3,Ong-Bak 3,2010,Filme,1080p,3,True,105,52
ong-bak-guerreiro-sagrado,Ong-Bak: Guerreiro Sagrado,2003,Filme,1080p,2,True,122,69
only-murders-in-the-building-1a-temporada,Only Murders in the Building 1ª Temporada,2021,Série,1080p,0,True,137,84
only-murders-in-the-building-2a-temporada,Only Murders in the Building 2ª Temporada,2022,Série,1080p,0,True,137,84
only-murders-in-the-building-3a-temporada,Only Murders in the Building 3ª Temporada,2023,Série,1080p,0,True,137,84
only-murders-in-the-building-4a-temporada,Only Murders in the Building 4ª Temporada,2024,Série,1080p,0,True,137,84
only-murders-in-the-building-5a-temporada,Only Murders in the Building 5ª Temporada,2025,Série,1080p,0,True,137,84
onze-homens-e-um-segredo,Onze Homens e um Segredo,2001,Filme,1080p,2,True,120,67
operacao-49,Operação 49,2023,Filme,1080p,2,True,107,54
operacao-beijo-de-natal,Operação Beijo de Natal,2024,Filme,1080p,2,True,119,66
operacao-escorpiao,Operação Escorpião,2018,Filme,1080p,3,True,114,61
operacao-fronteira,Operação Fronteira,2019,Filme,1080p,4,True,114,61
operacao-maldoror,Operação Maldoror,2024,Filme,1080p,3,True,113,60
operacao-natal,Operação Natal,2024,Filme,1080p,3,True,110,57
operacao-pizzagate,Operação Pizzagate,2020,Filme,1080p,3,True,114,61
operacao-resgate,Operação Resgate,2024,Filme,1080p,3,True,112,59
operacao-tempestade,Operação Tempestade,2023,Filme,1080p,2,True,115,62
operacao-vinganca,Operação Vingança,2025,Filme,1080p,2,True,113,60
operacao-de-risco,Operação de Risco,2023,Filme,1080p,2,True,113,60
operacao-lioness-1a-temporada,Operação: Lioness 1ª Temporada,2023,Série,1080p,0,True,126,73
operacao-lioness-2a-temporada,Operação: Lioness 2ª Temporada,2024,Série,1080p,0,True,126,73
opus,Opus,2025,Filme,1080p,3,True,100,47
organizacao-monstro,Organização Monstro,2023,Filme,1080p,3,True,115,62
orion-e-o-escuro,Orion e o Escuro,2024,Filme,1080p,4,True,112,59
oro-a-cidade-perdida,Oro - A Cidade Perdida,2017,Filme,1080p,4,True,118,65
mama-2,Mama,1995,Filme,1080p,3,True,100,47
os-5-fora-da-lei,Os 5 Fora da Lei,2024,Filme,1080p,1,True,112,59
os-afro-sambas-o-brasil-de-baden-e-vinicius,Os Afro-Sambas: O Brasil de Baden e Vinícius,2024,Filme,1080p,1,True,140,87
os-altos-e-baixos-do-amor,Os Altos e Baixos do Amor,2025,Filme,1080p,3,True,121,68
os-assassinatos-de-buckingham,Os Assassinatos de Buckingham,2024,Filme,1080p,3,True,125,72
os-assassinos-ao-lado,Os Assassinos Ao Lado,2023,Filme,1080p,1,True,117,64
os-bad-boas,Os Bad Boas,2025,Filme,1080p,1,True,107,54
os-bad-boys-ii,Os Bad Boys II,2003,Filme,1080p,3,True,110,57
serie-os-bandidos-do-tempo,Serie Os Bandidos do Tempo,2024,Série,1080p,0,True,122,69
os-bons-companheiros,Os Bons Companheiros,1990,Filme,1080p,2,True,116,63
os-cantores,Os Cantores,2025,Filme,1080p,3,True,107,54
os-caras-malvados,Os Caras Malvados,2022,Filme,1080p,3,True,113,60
os-caras-malvados-2,Os Caras Malvados 2,2025,Filme,1080p,6,True,115,62
os-caras-malvados-assalto-assombrado,Os Caras Malvados: Assalto Assombrado,2024,Filme,1080p,2,True,133,80
os-caras-malvados-um-natal-do-mal,Os Caras Malvados: Um Natal do Mal,2023,Filme,1080p,3,True,130,77
os-cacadores-da-biblioteca-perdida,Os Caçadores da Biblioteca Perdida,2022,Filme,1080p,2,True,130,77
os-colonos,Os Colonos,2024,Filme,1080p,2,True,106,53
os-conflitos-na-irlanda,Os Conflitos na Irlanda,2022,Filme,1080p,2,True,119,66
os-delinquentes,Os Delinquentes,2023,Filme,1080p,3,True,111,58
os-dinossauros-1a-temporada,Os Dinossauros 1ª Temporada,2026,Série,1080p,0,True,123,70
os-dois-hemisferios-de-lucca,Os Dois Hemisférios de Lucca,2025,Filme,1080p,1,True,124,71
os-donos-do-jogo-1a-temporada,Os Donos do Jogo 1ª Temporada,2025,Série,1080p,0,True,125,72
os-emigrantes,Os Emigrantes,2021,Filme,1080p,2,True,109,56
os-enforcados,Os Enforcados,2025,Filme,1080p,3,True,109,56
os-espiritos,Os Espíritos,1996,Filme,1080p,2,True,108,55
os-estranhos-capitulo-1,Os Estranhos: Capítulo 1,2024,Filme,1080p,2,True,120,67
os-estranhos-capitulo-2,Os Estranhos: Capítulo 2,2025,Filme,1080p,2,True,120,67
os-estranhos-cacada-noturna,Os Estranhos: Caçada Noturna,2018,Filme,1080p,1,True,124,71
os-fantasmas-ainda-se-divertem-2-beetlejuice-beetlejuice,Os Fantasmas Ainda se Divertem 2: Beetlejuice Beetlejuice,2024,Filme,,3,True,136,100
os-fantasmas-de-scrooge,Os Fantasmas de Scrooge,2009,Filme,1080p,4,True,119,66
os-fantasmas-se-divertem,Os Fantasmas se Divertem,1988,Filme,1080p,2,True,120,67
os-farofeiros,Os Farofeiros,2018,Filme,1080p,1,True,109,56
os-farofeiros-2,Os Farofeiros 2,2024,Filme,1080p,1,True,111,58
os-feiticeiros-alem-de-waverly-place-1a-temporada,Os Feiticeiros Além de Waverly Place 1ª Temporada,2024,Série,1080p,0,True,145,92
os-filhos-bastardos,Os Filhos Bastardos,2024,Filme,1080p,3,True,115,62
os-guardioes-da-estepe,Os Guardiões da Estepe,2022,Filme,1080p,3,True,118,65
os-horrores-do-caddo-lake,Os Horrores do Caddo Lake,2024,Filme,1080p,3,True,121,68
os-impactados,Os Impactados,2019,Filme,1080p,1,True,109,56
os-infiltrados,Os Infiltrados,2006,Filme,1080p,3,True,110,57
os-irmaos-masin,Os Irmãos Mašín,2023,Filme,1080p,4,True,111,58
os-kabanes-da-estacao-de-ferro-1a-temporada,Os Kabanes da Estação de Ferro 1ª Temporada,2016,Série,1080p,0,True,139,86
os-malditos,Os Malditos,2025,Filme,1080p,1,True,107,54
os-miseraveis,Os Miseráveis,2012,Filme,1080p,2,True,109,56
os-misterios-dos-guerreiros-de-terracota,Os Mistérios dos Guerreiros de Terracota,2024,Filme,1080p,1,True,136,83
os-mortos-nao-matam,Os Mortos Não Matam,2024,Filme,1080p,3,True,115,62
os-musicos,Os Músicos,2021,Filme,1080p,2,True,106,53
os-novatos,Os Novatos,2024,Filme,1080p,1,True,106,53
os-novos-mutantes,Os Novos Mutantes,2020,Filme,,3,True,96,60
os-observadores,Os Observadores,2024,Filme,1080p,3,True,111,58
os-olhos-de-julia,Os Olhos de Júlia,2010,Filme,1080p,3,True,113,60
os-outros,Os Outros,2001,Filme,1080p,4,True,105,52
os-pecados-do-padre,Os Pecados do Padre,2024,Filme,1080p,2,True,115,62
os-pequenos-vestigios,Os Pequenos Vestígios,2021,Filme,1080p,3,True,117,64
os-pestes,Os Pestes,2025,Filme,1080p,4,True,105,52
os-portais,Os Portais,2021,Filme,1080p,1,True,106,53
os-provocadores,Os Provocadores,2024,Filme,1080p,3,True,111,58
os-quatro-pais,Os Quatro Pais,2020,Filme,1080p,1,True,110,57
os-quebra-nozes,Os Quebra-Nozes,2024,Filme,1080p,2,True,111,58
os-radley,Os Radley,2024,Filme,1080p,3,True,105,52
os-reis-da-rua,Os Reis da Rua,2008,Filme,1080p,4,True,110,57
os-rejeitados,Os Rejeitados,2023,Filme,1080p,2,True,109,56
os-roses-ate-que-a-morte-os-separe,Os Roses: Até Que a Morte os Separe,2025,Filme,1080p,3,True,131,78
os-sapos,Os Sapos,2025,Filme,1080p,2,True,104,51
os-segredos-da-alimentacao,Os Segredos da Alimentação,2024,Filme,1080p,1,True,122,69
os-segredos-da-comuna,Os Segredos da Comuna,2021,Filme,1080p,1,True,117,64
os-simpsons-homer-papai-noel,Os Simpsons: Homer Papai Noel,2024,Filme,1080p,2,True,125,72
os-sneetches,Os Sneetches,2025,Filme,1080p,2,True,108,55
os-supremos-2-descubra-o-poder-da-pantera,Os Supremos 2: Descubra o Poder da Pantera,2006,Filme,1080p,4,True,138,85
os-supremos-o-filme,Os Supremos: O Filme,2006,Filme,1080p,4,True,116,63
os-suspeitos,Os Suspeitos,2013,Filme,1080p,3,True,108,55
os-tres-desejos-da-cinderela,Os Três Desejos da Cinderela,2021,Filme,1080p,2,True,124,71
os-underdoggs,Os Underdoggs,2024,Filme,1080p,1,True,109,56
os-vizinhos-green-o-filme-ferispaco,Os Vizinhos Green: O Filme – Ferispaço,2024,Filme,1080p,4,True,134,81
os-vourdalak,Os Vourdalak,2023,Filme,1080p,3,True,108,55
osiris,Osiris,2025,Filme,1080p,3,True,102,49
outlander-1a-temporada,Outlander 1ª Temporada,2014,Série,1080p,0,True,118,65
outlander-2a-temporada,Outlander 2ª Temporada,2016,Série,1080p,0,True,118,65
outlander-3a-temporada,Outlander 3ª Temporada,2017,Série,1080p,0,True,118,65
outlander-4a-temporada,Outlander 4ª Temporada,2018,Série,1080p,0,True,118,65
outlander-5a-temporada,Outlander 5ª Temporada,2020,Série,1080p,0,True,118,65
outlander-6a-temporada,Outlander 6ª Temporada,2022,Série,1080p,0,True,118,65
outlander-7a-temporada,Outlander 7ª Temporada,2023,Série,1080p,0,True,118,65
outlander-sangue-do-meu-sangue-1a-temporada,Outlander: Sangue Do Meu Sangue 1ª Temporada,2025,Série,1080p,0,True,140,87
outra-chance-para-o-amor,Outra Chance para o Amor,2024,Filme,1080p,2,True,120,67
outro-amor-fora-do-tempo,Outro Amor Fora do Tempo,2025,Filme,1080p,2,True,120,67
outro-pequeno-favor,Outro Pequeno Favor,2025,Filme,1080p,3,True,115,62
ouvir-nao-e-o-bastante,Ouvir Não é o Bastante,2022,Filme,1080p,1,True,118,65
o-dessa,O'Dessa,2025,Filme,1080p,3,True,103,50
papai-x-dois,PAPAI X DOIS,2025,Filme,1080p,3,True,108,55
pachinko-1a-temporada,Pachinko 1ª Temporada,2022,Série,1080p,0,True,117,64
pachinko-2a-temporada,Pachinko 2ª Temporada,2024,Série,1080p,0,True,117,64
pacificado,Pacificado,2022,Filme,1080p,1,True,106,53
pacificador-1a-temporada,Pacificador 1ª Temporada,2022,Série,1080p,0,True,120,67
pacificador-2a-temporada,Pacificador 2ª Temporada,2025,Série,1080p,0,True,120,67
pacto-de-redencao,Pacto de Redenção,2024,Filme,1080p,3,True,113,60
pacto-de-sangue,Pacto de Sangue,2024,Filme,1080p,3,True,111,58
paddington-uma-aventura-na-floresta,Paddington: Uma Aventura na Floresta,2024,Filme,1080p,3,True,132,79
padel-nosso,Padel Nosso,2025,Filme,1080p,1,True,107,54
padre,Padre,2011,Filme,1080p,3,True,101,48
pai-do-ano,Pai do Ano,2024,Filme,1080p,2,True,106,53
pai-e-filha,Pai e Filha,2022,Filme,1080p,2,True,107,54
pais-de-pets,Pais de Pets,2023,Filme,1080p,2,True,108,55
paixao-sufocante,Paixão Sufocante,2022,Filme,1080p,2,True,112,59
paixoes-entrelacadas,Paixões Entrelaçadas,2021,Filme,1080p,2,True,116,63
palavras-de-guerra,Palavras de Guerra,2025,Filme,1080p,2,True,114,61
pale-horse,Pale Horse,2024,Filme,1080p,1,True,106,53
palhacassino,Palhaçassino,2025,Filme,1080p,1,True,108,55
palhaco-diabolico,Palhaço Diabólico,2025,Filme,1080p,3,True,113,60
panda-plan,Panda Plan,2024,Filme,1080p,2,True,106,53
pandemia-a-guerra-final,Pandemia: A Guerra Final,2021,Filme,1080p,3,True,120,67
pandemonium,Pandemonium,2023,Filme,1080p,2,True,107,54
pangolim-a-viagem-de-kulu,Pangolim: A Viagem de Kulu,2025,Filme,1080p,1,True,122,69
papai,Papai,2024,Filme,1080p,1,True,101,48
para-aqueles-que-amamos,Para Aqueles que Amamos,2024,Filme,1080p,1,True,119,66
para-onde-vamos-quando-morremos,Para Onde Vamos Quando Morremos?,2019,Filme,1080p,2,True,128,75
para-sempre-minha,Para Sempre Minha,2025,Filme,1080p,2,True,113,60
parachute,Parachute,2024,Filme,1080p,1,True,105,52
paradise-1a-temporada,Paradise 1ª Temporada,2025,Série,1080p,0,True,117,64
paradise-2a-temporada,Paradise 2ª Temporada,2026,Série,1080p,0,True,117,64
parasyte-the-grey,Parasyte: The Grey,2024,Série,1080p,0,True,114,61
paradise,Paradise,2023,Filme,1080p,2,True,104,51
paris-has-fallen-1a-temporada,Paris Has Fallen 1ª Temporada,2024,Série,1080p,0,True,125,72
parker,Parker,2013,Filme,1080p,2,True,102,49
parque-lezama,Parque Lezama,2026,Filme,1080p,2,True,109,56
parque-das-almas,Parque das Almas,2022,Filme,1080p,1,True,112,59
parque-do-terror,Parque do Terror,2023,Filme,1080p,1,True,112,59
parthenope,Parthenope,2024,Filme,1080p,2,True,106,53
partiu-america,Partiu América,2024,Filme,1080p,1,True,110,57
parvulos,Parvulos,2024,Filme,1080p,1,True,104,51
passado-before-1a-temporada,Passado (Before) 1ª Temporada,2024,Série,1080p,0,True,125,72
passageiros,Passageiros,2016,Filme,1080p,3,True,107,54
passagrana,Passagrana,2024,Filme,1080p,1,True,106,53
pasargada,Pasárgada,2024,Filme,1080p,1,True,105,52
paterno,Paterno,2025,Filme,1080p,2,True,103,50
patrulha-noturna,Patrulha Noturna,2026,Filme,1080p,3,True,112,59
paulo-apostolo-de-cristo,"Paulo, Apóstolo de Cristo",2018,Filme,1080p,1,True,121,68
pavana,Pavana,2026,Filme,1080p,2,True,102,49
paz-e-chocolate,Paz e Chocolate,2021,Filme,1080p,2,True,111,58
peaky-blinders-o-homem-imortal,Peaky Blinders: O Homem Imortal,2026,Filme,1080p,3,True,127,74
pecadores,Pecadores,2023,Filme,1080p,3,True,105,52
pecadores-2,Pecadores,2025,Filme,1080p,2,True,105,52
pedido-irlandes,Pedido Irlandês,2024,Filme,1080p,2,True,111,58
pedido-em-paris,Pedido em Paris,2023,Filme,1080p,2,True,111,58
pedro-paramo,Pedro Páramo,2024,Filme,1080p,3,True,108,55
pelo-prisma-do-amor-1a-temporada,Pelo Prisma do Amor 1ª Temporada,2026,Série,1080p,0,True,128,75
pepe,Pepe,2024,Filme,1080p,1,True,100,47
pequena-siberia,Pequena Sibéria,2025,Filme,1080p,2,True,111,58
pequenas-cartas-obscenas,Pequenas Cartas Obscenas,2024,Filme,1080p,3,True,120,67
pequenas-coisas-como-estas,Pequenas Coisas Como Estas,2024,Filme,1080p,3,True,122,69
percy-jackson-e-os-olimpianos-1a-temporada,Percy Jackson e os Olimpianos 1ª Temporada,2023,Série,1080p,3,True,138,85
percy-jackson-e-os-olimpianos-2a-temporada,Percy Jackson e os Olimpianos 2ª Temporada,2025,Série,1080p,3,True,138,85
perdas-e-ganhos,Perdas e Ganhos,2023,Filme,1080p,2,True,111,58
perdido-na-montanha,Perdido na Montanha,2024,Filme,1080p,3,True,115,62
perdido-na-terra,Perdido na Terra,2023,Filme,1080p,2,True,112,59
perdao-em-tempos-de-guerra,Perdão em Tempos de Guerra,2023,Filme,1080p,1,True,122,69
perfekta-uma-aventura-da-escola-de-genios,Perfekta - Uma Aventura da Escola de Gênios,2024,Filme,1080p,1,True,139,86
perigo-das-profundezas,Perigo das Profundezas,2024,Filme,1080p,2,True,118,65
perra-vida,Perra Vida,2024,Filme,1080p,2,True,106,53
perrengue-fashion,Perrengue Fashion,2025,Filme,1080p,1,True,113,60
perseguicao-mortal,Perseguição Mortal,2022,Filme,1080p,2,True,114,61
perseguicao-sem-tregua,Perseguição Sem Trégua,2022,Filme,1080p,1,True,118,65
perseguicao-em-taipei,Perseguição em Taipei,2024,Filme,1080p,3,True,117,64
persona,Persona,2024,Filme,1080p,2,True,103,50
perto-de-voce,Perto de Você,2024,Filme,1080p,2,True,109,56
pesadelos-macabros,Pesadelos Macabros,2022,Filme,1080p,1,True,114,61
peter-pan-pesadelo-na-terra-do-nunca,Peter Pan: Pesadelo na Terra do Nunca,2025,Filme,1080p,3,True,133,80
peca-me-o-que-quiser,Peça-me o Que Quiser,2024,Filme,1080p,3,True,116,63
piano-de-familia,Piano de Família,2024,Filme,1080p,2,True,112,59
pica-pau-as-ferias-no-acampamento,Pica-Pau: As Férias no Acampamento,2024,Filme,1080p,2,True,130,77
pig-killer-o-assassino-de-mulheres,Pig Killer - O Assassino de Mulheres,2022,Filme,1080p,3,True,132,79
pimpinero-sangue-e-gasolina,Pimpinero: Sangue e Gasolina,2024,Filme,1080p,3,True,124,71
pinguim-1a-temporada,Pinguim 1ª Temporada,2024,Série,1080p,0,True,116,63
pintando-amor-no-natal,Pintando Amor No Natal,2023,Filme,1080p,3,True,118,65
piscina-infinita,Piscina Infinita,2023,Filme,1080p,3,True,112,59
pisque-duas-vezes,Pisque Duas Vezes,2024,Filme,1080p,2,True,113,60
pistoleiros-maos-que-matam,Pistoleiros: Mãos que Matam,2023,Filme,1080p,2,True,123,70
planet-b,Planet B,2024,Filme,1080p,2,True,104,51
planeta-janet,Planeta Janet,2024,Filme,1080p,1,True,109,56
planeta-dos-macacos-a-guerra,Planeta dos Macacos: A Guerra,2017,Filme,1080p,3,True,125,72
planeta-dos-macacos-a-origem,Planeta dos Macacos: A Origem,2011,Filme,1080p,3,True,125,72
planeta-dos-macacos-o-confronto,Planeta dos Macacos: O Confronto,2014,Filme,1080p,3,True,128,75
planeta-dos-macacos-o-reinado,Planeta dos Macacos: O Reinado,2024,Filme,,3,True,109,73
planeta-dos-solteiros-aventura-na-grecia,Planeta dos Solteiros: Aventura na Grécia,2025,Filme,1080p,2,True,137,84
plankton-o-filme,Plankton: O Filme,2025,Filme,1080p,3,True,113,60
plano-de-aposentadoria,Plano de Aposentadoria,2023,Filme,1080p,3,True,118,65
plano-de-voo,Plano de Voo,2005,Filme,1080p,3,True,108,55
plano-em-familia,Plano em Família,2023,Filme,1080p,3,True,112,59
plano-em-familia-2,Plano em Família 2,2025,Filme,1080p,3,True,114,61
plantao-noturno,Plantão Noturno,2024,Filme,1080p,1,True,111,58
plantao-policial-1a-temporada,Plantão Policial 1ª Temporada,2025,Série,1080p,0,True,125,72
plantao-de-natal,Plantão de Natal,2024,Filme,1080p,2,True,112,59
platoon,Platoon,1986,Filme,1080p,3,True,103,50
pluribus-1a-temporada,Pluribus 1ª Temporada,2025,Série,1080p,0,True,117,64
pobres-criaturas,Pobres Criaturas,2024,Filme,1080p,3,True,112,59
poder-policial,Poder Policial,2024,Filme,1080p,1,True,110,57
poker-face-1a-temporada,Poker Face 1ª Temporada,2023,Série,1080p,0,True,119,66
poker-face-2a-temporada,Poker Face 2ª Temporada,2025,Série,1080p,0,True,119,66
polar,Polar,2019,Filme,1080p,3,True,101,48
polar-rescue,Polar Rescue,2022,Filme,1080p,3,True,108,55
polaris-conspiracao-politica-1a-temporada,Polaris: Conspiração Política 1ª Temporada,2025,Série,1080p,0,True,138,85
policiais-da-mafia,Policiais da Máfia,2025,Filme,1080p,2,True,114,61
politicamente-incorretos,Politicamente Incorretos,2024,Filme,1080p,1,True,120,67
pompeia,Pompeia,2014,Filme,1080p,4,True,103,50
ponte-dos-condenados,Ponte dos Condenados,2022,Filme,1080p,2,True,116,63
popeye-o-homem-assassino,Popeye: O Homem Assassino,2025,Filme,1080p,1,True,121,68
poppa-s-house-1a-temporada,Poppa's House 1ª Temporada,2024,Série,1080p,1,True,122,69
por-inteiro,Por Inteiro,2025,Filme,1080p,2,True,107,54
por-lugares-incriveis,Por Lugares Incríveis,2020,Filme,1080p,2,True,117,64
por-tras-da-verdade,Por Trás Da Verdade,2023,Filme,1080p,1,True,115,62
por-um-fio,Por um Fio,2003,Filme,1080p,3,True,106,53
por-um-momento-para-sempre,"Por um Momento, Para Sempre",2022,Filme,1080p,2,True,123,70
por-um-triz,Por um Triz,2003,Filme,1080p,3,True,107,54
por-agua-abaixo-2,Por Água Abaixo,1996,Filme,1080p,1,True,111,58
porto-principe,Porto Príncipe,2024,Filme,1080p,1,True,110,57
possessao-o-ultimo-estagio,Possessão - O Último Estágio,2020,Filme,1080p,2,True,124,71
pouso-de-emergencia,Pouso de Emergência,2024,Filme,1080p,2,True,115,62
power-the-downfall-of-huw-edwards,Power: The Downfall of Huw Edwards,2026,Filme,1080p,1,True,130,77
praga-zumbi-invasao-americana,Praga Zumbi: Invasão Americana,2021,Filme,1080p,2,True,126,73
prazer-sem-limites,Prazer Sem Limites,2023,Filme,1080p,1,True,114,61
precisamos-conversar,Precisamos Conversar,2022,Filme,1080p,2,True,116,63
precisamos-falar-sobre-nossos-alunos,Precisamos Falar Sobre Nossos Alunos,2022,Filme,1080p,2,True,132,79
predador-assassino-de-assassinos,Predador: Assassino de Assassinos,2025,Filme,1080p,3,True,129,76
predador-terras-selvagens,Predador: Terras Selvagens,2025,Filme,1080p,3,True,122,69
predadores,Predadores,2025,Filme,1080p,1,True,106,53
premonicao,Premonição,2000,Filme,1080p,1,True,106,53
premonicao-2,Premonição 2,2003,Filme,1080p,2,True,108,55
exterritorial-3,Exterritorial,2006,Filme,1080p,2,True,109,56
premonicao-4,Premonição 4,2009,Filme,1080p,2,True,108,55
premonicao-5,Premonição 5,2011,Filme,1080p,2,True,108,55
premonicao-6-lacos-de-sangue,Premonição 6: Laços de Sangue,2025,Filme,1080p,2,True,125,72
prenda-a-respiracao,Prenda a Respiração,2024,Filme,1080p,3,True,115,62
prenda-me-se-for-capaz,Prenda-Me se For Capaz,2002,Filme,1080p,3,True,118,65
preparacao-para-a-proxima-vida,Preparação para a Próxima Vida,2025,Filme,1080p,2,True,126,73
presa,Presa,2024,Filme,1080p,3,True,101,48
zero,Zero,2024,Filme,1080p,2,True,100,47
presas-do-abismo,Presas do Abismo,2025,Filme,1080p,3,True,112,59
presente-maldito,Presente Maldito,2025,Filme,1080p,2,True,112,59
presenca,Presença,2025,Filme,1080p,2,True,104,51
presencas-ocultas,Presenças Ocultas,2022,Filme,1080p,1,True,113,60
pressagio,Presságio,2009,Filme,1080p,3,True,105,52
pressao-maxima,Pressão Máxima,2023,Filme,1080p,3,True,110,57
preto-do-meio-dia-azul-da-meia-noite,Preto do Meio-Dia Azul da Meia-Noite,2022,Filme,1080p,1,True,132,79
pretty-guardian-sailor-moon-cosmos-o-filme-parte-1-e-2,Pretty Guardian Sailor Moon Cosmos: O Filme – Parte 1 e 2,2024,Filme,1080p,1,True,153,100
primavera,Primavera,2022,Filme,1080p,1,True,105,52
princesa-adormecida,Princesa Adormecida,2024,Filme,1080p,2,True,115,62
priscilla,Priscilla,2023,Filme,1080p,3,True,105,52
prisioneira-do-terror,Prisioneira do Terror,2024,Filme,1080p,2,True,117,64
prisioneiro-de-guerra,Prisioneiro de Guerra,2025,Filme,1080p,3,True,117,64
prisioneiro-do-caos,Prisioneiro do Caos,2024,Filme,1080p,3,True,115,62
problemista,Problemista,2024,Filme,1080p,1,True,107,54
procura-se-um-filho,Procura-Se Um Filho,2019,Filme,1080p,1,True,115,62
procura-se-um-traidor,Procura-se um Traidor,2022,Filme,1080p,2,True,117,64
producao-de-sonhos-1a-temporada,Produção de Sonhos 1ª Temporada,2024,Série,1080p,0,True,127,74
project-mkhexe,Project MKHEXE,2025,Filme,1080p,2,True,110,57
projeto-almanaque,Projeto Almanaque,2015,Filme,1080p,3,True,113,60
depravacao-2,Depravação,2019,Filme,1080p,3,True,106,53
prometheus,Prometheus,2012,Filme,1080p,3,True,106,53
protegendo-o-inimigo,Protegendo o Inimigo,2012,Filme,1080p,2,True,116,63
protegendo-o-inimigo-2,Protegendo o Inimigo,2012,Filme,1080p,2,True,116,63
protegendo-o-paraiso-a-historia-de-niue,Protegendo o Paraíso: A História de Niue,2024,Filme,1080p,1,True,136,83
providence-falls-1a-temporada,Providence Falls 1ª Temporada,2025,Série,1080p,0,True,125,72
predio-vazio,Prédio Vazio,2025,Filme,1080p,1,True,108,55
principes-perigosos,Príncipes Perigosos,2024,Filme,1080p,3,True,115,62
puan,Puan,2023,Filme,1080p,2,True,100,47
pulsacao,Pulsação,2023,Filme,1080p,1,True,104,51
puppy-love,Puppy Love,2023,Filme,1080p,2,True,106,53
puro-sangue,Puro-Sangue,2018,Filme,1080p,2,True,107,54
pushpa-2-the-rule,Pushpa 2 - The Rule,2024,Filme,1080p,5,True,115,62
putin,Putin,2025,Filme,1080p,3,True,101,48
parvulos-filhos-do-apocalipse,Párvulos: Filhos do Apocalipse,2024,Filme,1080p,2,True,126,73
passaro-branco-uma-historia-de-extraordinario,Pássaro Branco: Uma História de Extraordinário,2023,Filme,1080p,3,True,142,89
panico,Pânico,1996,Filme,1080p,3,True,102,49
panico-2,Pânico,2022,Filme,1080p,2,True,102,49
panico-2-2,Pânico 2,1997,Filme,1080p,2,True,104,51
panico-3,Pânico 3,2000,Filme,1080p,2,True,104,51
panico-4,Pânico 4,2011,Filme,1080p,2,True,104,51
panico-6,Pânico 6,2023,Filme,1080p,4,True,104,51
panico-7,Pânico 7,2026,Filme,1080p,3,True,104,51
panico-americano,Pânico Americano,2022,Filme,1080p,3,True,112,59
panico-na-montanha,Pânico na Montanha,2021,Filme,1080p,1,True,114,61
pes-de-peixe,Pés de Peixe,2024,Filme,1080p,2,True,108,55
quando-nasce-o-amor,Quando Nasce o Amor,2023,Filme,1080p,2,True,115,62
quando-ninguem-nos-ve-1a-temporada,Quando Ninguém Nos Vê 1ª Temporada,2025,Série,1080p,0,True,130,77
quando-a-morte-chega,Quando a Morte Chega,2022,Filme,1080p,2,True,116,63
quando-a-morte-sussurra,Quando a Morte Sussurra,2023,Filme,1080p,2,True,119,66
quando-a-morte-sussurra-2,Quando a Morte Sussurra 2,2024,Filme,1080p,3,True,121,68
quando-a-morte-sussurra-3,Quando a Morte Sussurra 3,2025,Filme,1080p,3,True,121,68
quando-o-amor-floresce,Quando o Amor Floresce,2019,Filme,1080p,1,True,118,65
quando-o-ceu-se-engana,Quando o Céu se Engana,2025,Filme,1080p,3,True,118,65
quando-os-sinos-tocam,Quando os Sinos Tocam,2022,Filme,1080p,1,True,117,64
quarteto-fantastico-primeiros-passos,Quarteto Fantástico: Primeiros Passos,2025,Filme,1080p,2,True,133,80
quarto-do-panico,Quarto do Pânico,2025,Filme,1080p,3,True,112,59
quartos-vazios,Quartos Vazios,2025,Filme,1080p,1,True,110,57
quase-apaixonados,Quase Apaixonados,2024,Filme,1080p,2,True,113,60
quase-deserto,Quase Deserto,2025,Filme,1080p,1,True,109,56
quase-trinta-em-busca-do-amor,Quase Trinta - Em Busca do Amor,2022,Filme,1080p,2,True,127,74
quase-uma-noiva,Quase Uma Noiva,2024,Filme,1080p,3,True,111,58
quatro-cavaleiros-do-apocalipse,Quatro Cavaleiros do Apocalipse,2022,Filme,,2,True,110,74
que-mae-sou-eu,Que Mãe Sou Eu?,2025,Filme,1080p,2,True,111,58
quebrando-regras,Quebrando Regras,2025,Filme,1080p,1,True,112,59
queen-rock-montreal,Queen Rock Montreal,2024,Filme,1080p,2,True,115,62
queen-tut,Queen Tut,2024,Filme,1080p,2,True,105,52
queer-desejo-morbido,Queer: Desejo Mórbido,2024,Filme,1080p,2,True,117,64
queima-de-arquivo,Queima de Arquivo,1996,Filme,1080p,4,True,113,60
queimando-o-filme,Queimando o Filme,2025,Filme,1080p,2,True,113,60
queime-todas-minhas-cartas,Queime Todas Minhas Cartas,2022,Filme,1080p,2,True,122,69
quem-acabou-com-o-montreal-expos,Quem Acabou com o Montreal Expos?,2025,Filme,1080p,1,True,129,76
quem-esta-ai,Quem Está Aí?,2022,Filme,1080p,1,True,109,56
quem-eu-mais-quero-conhecer,Quem Eu Mais Quero Conhecer,2023,Filme,1080p,1,True,123,70
quem-matou-meu-filho,Quem Matou Meu Filho?,2022,Filme,1080p,2,True,117,64
quem-quer-ser-famoso,Quem Quer Ser Famoso?,2022,Filme,1080p,4,True,117,64
quem-vai-ficar-com-masha,Quem Vai Ficar com Masha?,2022,Filme,1080p,3,True,121,68
quem-vai-salvar-o-natal-2,Quem Vai Salvar o Natal? 2,2025,Filme,1080p,2,True,122,69
quem-ve-cara,Quem Vê Cara,2024,Filme,1080p,1,True,108,55
quem-e-morto-sempre-aparece,Quem é Morto Sempre Aparece,2025,Filme,1080p,2,True,123,70
queria-voce-aqui,Queria Você Aqui,2025,Filme,1080p,2,True,112,59
querida-elizabeth,Querida Elizabeth,2021,Filme,1080p,2,True,113,60
querida-lea,Querida Léa,2021,Filme,1080p,3,True,107,54
querido-papai-noel,Querido Papai Noel,2024,Filme,1080p,2,True,114,61
quero-voce,Quero Você,2025,Filme,1080p,2,True,106,53
questao-de-honra,Questão de Honra,2022,Filme,1080p,1,True,112,59
questao-de-sobrevivencia,Questão de Sobrevivência,2022,Filme,1080p,2,True,120,67
questoes-de-familia,Questões de Família,2019,Filme,1080p,1,True,115,62
r-i-p-d-2-rise-of-the-damned,R.I.P.D. 2: Rise of the Damned,2022,Filme,1080p,3,True,126,73
r-i-p-d-agentes-do-alem,R.I.P.D.: Agentes do Além,2013,Filme,1080p,3,True,121,68
radar-as-aventuras-do-cao-bionico,RADAR: As Aventuras do Cão Biônico,2023,Filme,1080p,4,True,130,77
race-for-glory-audi-vs-lancia,Race for Glory: Audi vs Lancia,2024,Filme,1080p,2,True,126,73
rafa-marquez-o-capitao,Rafa Márquez: O Capitão,2024,Filme,1080p,1,True,119,66
rainha-do-carvao,Rainha do Carvão,2025,Filme,1080p,1,True,112,59
rainha-do-everest-no-topo-com-lhakpa-sherpa,Rainha do Everest: No Topo com Lhakpa Sherpa,2024,Filme,1080p,1,True,140,87
rainhas-do-crime,Rainhas do Crime,2019,Filme,1080p,3,True,112,59
rambo-ii-a-missao,Rambo II - A Missão,1985,Filme,1080p,4,True,115,62
rambo-iii,Rambo III,1988,Filme,1080p,4,True,105,52
rambo-iv,Rambo IV,2008,Filme,1080p,4,True,104,51
rambo-ate-o-fim,Rambo: Até o Fim,2019,Filme,1080p,3,True,112,59
rambo-programado-para-matar,Rambo: Programado Para Matar,1982,Filme,1080p,4,True,124,71
rancor,Rancor,2024,Filme,1080p,3,True,102,49
ranma-12-1a-temporada,Ranma ½ 1ª Temporada,2025,Série,1080p,1,True,116,63
ransom-canyon-1a-temporada,Ransom Canyon 1ª Temporada,2025,Série,1080p,0,True,122,69
rastro-mortal,Rastro Mortal,2019,Filme,1080p,1,True,109,56
raul-seixas-eu-sou-1a-temporada,Raul Seixas: Eu Sou 1ª Temporada,2025,Série,1080p,0,True,128,75
raven-o-nome-da-vinganca,Raven: O Nome da Vingança,2022,Filme,1080p,2,True,121,68
raca-e-redencao,Raça e Redenção,2019,Filme,1080p,2,True,111,58
re-member,Re/Member,2022,Filme,1080p,2,True,105,52
re-membro-a-ultima-noite,Re/Membro: A Última Noite,2025,Filme,1080p,1,True,121,68
remastered-massacre-no-estadio,ReMastered: Massacre no Estádio,2019,Filme,1080p,2,True,127,74
remastered-quem-matou-jam-master-jay,ReMastered: Quem matou Jam Master Jay?,2018,Filme,1080p,2,True,134,81
reagan,Reagan,2024,Filme,1080p,2,True,102,49
reagan-2,Reagan,2024,Filme,1080p,3,True,102,49
realeza-rebelde-um-amor-improvavel,Realeza Rebelde: Um Amor Improvável,2025,Filme,1080p,1,True,131,78
reality,Reality,2023,Filme,1080p,2,True,103,50
rebel-moon-parte-1-e-2-corte-do-diretor,Rebel Moon – Parte 1 e 2: Corte do Diretor,2024,Filme,1080p,3,True,138,85
rebel-moon-parte-1-a-menina-do-fogo,Rebel Moon - Parte 1: A Menina do Fogo,2023,Filme,1080p,3,True,134,81
rebel-moon-parte-2-a-marcadora-de-cicatrizes,Rebel Moon - Parte 2: A Marcadora de Cicatrizes,2024,Filme,1080p,3,True,143,90
rebel-ridge,Rebel Ridge,2024,Filme,1080p,3,True,107,54
receba,Receba!,2024,Filme,1080p,1,True,103,50
record-of-ragnarok-1a-temporada,Record of Ragnarok 1ª Temporada,2021,Série,1080p,0,True,127,74
record-of-ragnarok-2a-temporada,Record of Ragnarok 2ª Temporada,2023,Série,1080p,0,True,127,74
record-of-ragnarok-3a-temporada,Record of Ragnarok 3ª Temporada,2025,Série,1080p,0,True,127,74
recreo,Recreo,2018,Filme,1080p,3,True,102,49
red-rooms-obsessao-doentia,Red Rooms: Obsessão Doentia,2023,Filme,1080p,3,True,123,70
reds,Reds,1981,Filme,1080p,3,True,100,47
reeducando-molly,Reeducando Molly,2023,Filme,1080p,2,True,112,59
reencarnacao,Reencarnação,2004,Filme,1080p,2,True,108,55
reencarnacao-falha-no-sistema,Reencarnação: Falha no Sistema,2022,Filme,1080p,3,True,126,73
refazendo-lacos,Refazendo Laços,2023,Filme,1080p,1,True,111,58
reforma-com-romance,Reforma com Romance,2024,Filme,1080p,2,True,115,62
refem-1a-temporada,Refém 1ª Temporada,2025,Série,1080p,0,True,114,61
refem-rebelde,Refém Rebelde,2021,Filme,1080p,4,True,109,56
refem-de-uma-mentira,Refém de Uma Mentira,2023,Filme,1080p,2,True,116,63
refens-da-terra,Reféns da Terra,2023,Filme,1080p,1,True,111,58
refens-de-um-fantasma,Reféns de Um Fantasma,2022,Filme,1080p,2,True,117,64
refens-na-ponte,Reféns na Ponte,2024,Filme,1080p,2,True,111,58
reino-de-deus,Reino de Deus,2017,Filme,1080p,2,True,109,56
relacionamento-aberto,Relacionamento Aberto,2024,Filme,1080p,3,True,117,64
relay,Relay,2025,Filme,1080p,2,True,101,48
relay-contrato-perigoso,Relay: Contrato Perigoso,2025,Filme,1080p,1,True,120,67
repo-men-o-resgate-de-orgaos,Repo Men: O Resgate de Órgãos,2010,Filme,1080p,4,True,125,72
rescue-hi-surf-1a-temporada,Rescue: HI-Surf 1ª Temporada,2024,Série,1080p,0,True,124,71
resgate-abaixo-de-zero,Resgate Abaixo de Zero,2006,Filme,1080p,3,True,118,65
resgate-implacavel,Resgate Implacável,2025,Filme,1080p,3,True,114,61
resgate-suicida,Resgate Suicida,2024,Filme,1080p,3,True,111,58
resgate-em-medelin,Resgate em Medelín,2023,Filme,1080p,2,True,114,61
resident-alien-1a-temporada,Resident Alien 1ª Temporada,2021,Série,1080p,0,True,123,70
resident-alien-2a-temporada,Resident Alien 2ª Temporada,2022,Série,1080p,0,True,123,70
resident-alien-3a-temporada,Resident Alien 3ª Temporada,2024,Série,1080p,0,True,123,70
resident-evil-2-apocalipse,Resident Evil 2: Apocalipse,2004,Filme,1080p,3,True,123,70
resident-evil-3-a-extincao,Resident Evil 3: A Extinção,2007,Filme,1080p,3,True,123,70
resident-evil-4-recomeco,Resident Evil 4: Recomeço,2010,Filme,1080p,3,True,121,68
resident-evil-5-retribuicao,Resident Evil 5: Retribuição,2012,Filme,1080p,3,True,124,71
resident-evil-6-o-capitulo-final,Resident Evil 6: O Capítulo Final,2016,Filme,1080p,3,True,129,76
resident-evil-bem-vindo-a-raccoon-city,Resident Evil: Bem-Vindo a Raccoon City,2021,Filme,1080p,3,True,135,82
resident-evil-ilha-da-morte,Resident Evil: Ilha da Morte,2023,Filme,1080p,3,True,124,71
resident-evil-no-escuro-absoluto-1a-temporada,Resident Evil: No Escuro Absoluto 1ª Temporada,2021,Série,1080p,0,True,142,89
resident-evil-o-hospede-maldito,Resident Evil: O Hóspede Maldito,2002,Filme,1080p,3,True,128,75
resistentes,Resistentes,2024,Filme,1080p,1,True,107,54
resistencia,Resistência,2023,Filme,1080p,3,True,107,54
respire,Respire,2024,Filme,1080p,4,True,103,50
ressurreicao-do-mal,Ressurreição do Mal,2023,Filme,1080p,2,True,115,62
retiro-mortal-2,Retiro Mortal 2,2023,Filme,1080p,2,True,111,58
retiro-do-amor,Retiro do Amor,2023,Filme,1080p,2,True,110,57
retorno-da-lenda,Retorno da Lenda,2021,Filme,1080p,3,True,112,59
retratos-de-guerra,Retratos de Guerra,2019,Filme,1080p,1,True,114,61
revelacao-fatal,Revelação Fatal,2023,Filme,1080p,2,True,111,58
revelacoes,Revelações,2021,Filme,1080p,1,True,106,53
revelacoes-2,Revelações,2025,Filme,1080p,3,True,106,53
revival-1a-temporada,Revival 1ª Temporada,2025,Série,1080p,0,True,116,63
revolver,Revolver,2024,Filme,1080p,2,True,104,51
reze-depois-de-ler,Reze Depois de Ler,2022,Filme,1080p,2,True,114,61
rich-flu,Rich Flu,2024,Filme,1080p,2,True,104,51
rick-e-morty-1a-temporada,Rick e Morty 1ª Temporada,2013,Série,1080p,0,True,121,68
rick-e-morty-2a-temporada,Rick e Morty 2ª Temporada,2015,Série,1080p,0,True,121,68
rick-e-morty-3a-temporada,Rick e Morty 3ª Temporada,2017,Série,1080p,0,True,121,68
rick-e-morty-4a-temporada,Rick e Morty 4ª Temporada,2019,Série,1080p,0,True,121,68
rick-e-morty-5a-temporada,Rick e Morty 5ª Temporada,2021,Série,1080p,0,True,121,68
rick-e-morty-6a-temporada,Rick e Morty 6ª Temporada,2022,Série,1080p,0,True,121,68
rick-e-morty-7a-temporada,Rick e Morty 7ª Temporada,2023,Série,1080p,0,True,121,68
rick-e-morty-8a-temporada,Rick e Morty 8ª Temporada,2025,Série,1080p,0,True,121,68
rick-e-morty-o-anime-1a-temporada,Rick e Morty: O Anime 1ª Temporada,2024,Série,1080p,0,True,130,77
riddick-1-eclipse-mortal,Riddick 1: Eclipse Mortal,2000,Filme,1080p,3,True,121,68
riddick-2-a-batalha-de-riddick,Riddick 2: A Batalha de Riddick,2004,Filme,1080p,2,True,127,74
riddick-3,Riddick 3,2013,Filme,1080p,3,True,105,52
ride,Ride,2024,Filme,1080p,2,True,100,47
riff-raff,Riff Raff,2025,Filme,1080p,3,True,105,52
rio-de-janeiro-paraiso-em-chamas,Rio de Janeiro: Paraíso em Chamas,2025,Filme,1080p,2,True,129,76
ripley-1a-temporada,Ripley 1ª Temporada,2024,Série,1080p,0,True,115,62
riquinho-de-papai,Riquinho de Papai,2024,Filme,1080p,3,True,113,60
risque,Risqué,2025,Filme,1080p,3,True,102,49
rita-lee-mania-de-voce,Rita Lee: Mania de Você,2025,Filme,1080p,1,True,119,66
ritas,Ritas,2025,Filme,1080p,2,True,101,48
ritual-das-trevas,Ritual das Trevas,2024,Filme,1080p,2,True,113,60
rivais,Rivais,2024,Filme,1080p,2,True,102,49
rivalidade-ardente-1a-temporada,Rivalidade Ardente 1ª Temporada,2025,Série,1080p,0,True,127,74
rob-peace,Rob Peace,2024,Filme,1080p,2,True,105,52
robin-hood-1a-temporada,Robin Hood 1ª Temporada,2025,Série,1080p,0,True,119,66
robocop,RoboCop,2014,Filme,1080p,2,True,103,50
robocop-2,RoboCop 2,1990,Filme,1080p,3,True,105,52
robocop-3,RoboCop 3,1993,Filme,1080p,3,True,105,52
robocop-o-policial-do-futuro,RoboCop: O Policial do Futuro,1987,Filme,1080p,3,True,125,72
robo-selvagem,Robô Selvagem,2024,Filme,1080p,3,True,109,56
robo-assassino-1a-temporada,Robô-Assassino 1ª Temporada,2025,Série,1080p,0,True,123,70
rocky-2-a-revanche,Rocky 2: A Revanche,1979,Filme,1080p,1,True,115,62
rocky-3-o-desafio-supremo,Rocky 3: O Desafio Supremo,1982,Filme,1080p,1,True,122,69
rocky-balboa,Rocky Balboa,2006,Filme,1080p,1,True,108,55
rocky-iv,Rocky IV,1985,Filme,1080p,2,True,104,51
rocky-v,Rocky V,1990,Filme,1080p,1,True,103,50
rocky-um-lutador,Rocky: Um Lutador,1976,Filme,1080p,2,True,113,60
rodada-final,Rodada Final,2018,Filme,1080p,1,True,108,55
rogue-one-uma-historia-star-wars,Rogue One: Uma História Star Wars,2016,Filme,1080p,3,True,129,76
roland-doe-a-verdadeira-historia-de-o-exorcista,Roland Doe: A Verdadeira História de O Exorcista,2021,Filme,1080p,1,True,144,91
romance-real-na-estrada,Romance Real na Estrada,2022,Filme,1080p,3,True,119,66
romance-na-ficcao,Romance na Ficção,2023,Filme,1080p,2,True,113,60
romance-no-ar-uma-garota-apaixonada,Romance no Ar: Uma Garota Apaixonada,2024,Filme,1080p,3,True,132,79
romeu-tem-que-morrer,Romeu Tem Que Morrer,2000,Filme,1080p,3,True,116,63
romi-a-assistente-virtual,Romi: A Assistente Virtual,2023,Filme,1080p,4,True,122,69
romanticos-anonimos-1a-temporada,Românticos Anônimos 1ª Temporada,2025,Série,1080p,0,True,128,75
rosa-de-versalhes,Rosa de Versalhes,2025,Filme,1080p,4,True,113,60
rosario,Rosario,2025,Filme,1080p,2,True,103,50
rota-sem-saida,Rota Sem Saída,2023,Filme,1080p,4,True,110,57
roubo-cibernetico-bilhoes-em-bitcoins,Roubo Cibernético: Bilhões em Bitcoins,2024,Filme,1080p,2,True,134,81
roubo-entre-ladroes,Roubo Entre Ladrões,2022,Filme,1080p,4,True,115,62
roubo-do-cao,Roubo do Cão,2025,Filme,1080p,2,True,108,55
round-6-1a-temporada,Round 6 1ª Temporada,2021,Série,1080p,0,True,116,63
round-6-2a-temporada,Round 6 2ª Temporada,2024,Série,1080p,0,True,116,63
round-6-3a-temporada,Round 6 3ª Temporada,2025,Série,1080p,0,True,116,63
rua-do-medo-1666-parte-3,Rua do Medo: 1666 – Parte 3,2021,Filme,1080p,2,True,123,70
rua-do-medo-1978-parte-2,Rua do Medo: 1978 - Parte 2,2021,Filme,1080p,2,True,123,70
rua-do-medo-1994-parte-1,Rua do Medo: 1994 - Parte 1,2021,Filme,1080p,2,True,123,70
rua-do-medo-rainha-do-baile,Rua do Medo: Rainha do Baile,2025,Filme,1080p,2,True,124,71
rumours,Rumours,2024,Filme,1080p,2,True,103,50
run,Run!,2024,Filme,1080p,2,True,100,47
runt,Runt,2024,Filme,1080p,4,True,100,47
ruptura-1a-temporada,Ruptura 1ª Temporada,2022,Série,1080p,0,True,116,63
ruptura-2a-temporada,Ruptura 2ª Temporada,2025,Série,1080p,0,True,116,63
rurouni-kenshin-1a-temporada,Rurouni Kenshin 1ª Temporada,2023,Série,1080p,0,True,124,71
rurouni-kenshin-2a-temporada,Rurouni Kenshin 2ª Temporada,2025,Série,1080p,0,True,124,71
rush-no-limite-da-emocao,Rush: No Limite da Emoção,2013,Filme,1080p,2,True,121,68
rust-a-lei-do-oeste,Rust: A Lei do Oeste,2025,Filme,1080p,1,True,116,63
rute-e-boaz,Rute e Boaz,2025,Filme,1080p,2,True,107,54
ruido-da-morte,Ruído da Morte,2023,Filme,1080p,4,True,110,57
ruidos,Ruídos,2025,Filme,1080p,2,True,102,49
radio-pesadelo,Rádio Pesadelo,2023,Filme,1080p,1,True,110,57
rapida-vinganca,Rápida Vingança,2010,Filme,1080p,4,True,111,58
s-w-a-t-1a-temporada,S.W.A.T. 1ª Temporada,2017,Série,1080p,0,True,117,64
s-w-a-t-2a-temporada,S.W.A.T. 2ª Temporada,2018,Série,1080p,0,True,117,64
s-w-a-t-3a-temporada,S.W.A.T. 3ª Temporada,2019,Série,1080p,0,True,117,64
s-w-a-t-4a-temporada,S.W.A.T. 4ª Temporada,2020,Série,1080p,0,True,117,64
sakamoto-days-1a-temporada,SAKAMOTO DAYS 1ª Temporada,2025,Série,1080p,0,True,122,69
sanda-1a-temporada,SANDA 1ª Temporada,2025,Série,1080p,0,True,114,61
sdl-a-batalha-musical,SDL: A Batalha Musical,2024,Filme,1080p,2,True,118,65
shiboyugi-jogos-mortais-para-colocar-comida-na-mesa-1a-temporada,SHIBOYUGI: Jogos Mortais para Colocar Comida na Mesa 1ª Temporada,2026,Série,1080p,0,True,158,108
sk8-the-infinity-extra-part,SK8 the Infinity EXTRA PART,2025,Filme,1080p,2,True,123,70
spy-x-family-1a-temporada,SPY x FAMILY 1ª Temporada,2022,Série,1080p,0,True,121,68
spy-x-family-2a-temporada,SPY x FAMILY 2ª Temporada,2023,Série,1080p,0,True,121,68
spy-x-family-3a-temporada,SPY x FAMILY 3ª Temporada,2025,Série,1080p,0,True,121,68
spy-x-family-codigo-branco,SPY x FAMILY CÓDIGO: Branco,2023,Filme,1080p,4,True,123,70
sunday,SUNDAY*,2023,Filme,1080p,3,True,103,50
sabotagem,Sabotagem,2014,Filme,1080p,4,True,105,52
sacramento,Sacramento,2025,Filme,1080p,2,True,106,53
saideira,Saideira,2024,Filme,1080p,2,True,104,51
sailor-moon-1a-2a-3a-temporada,Sailor Moon 1ª 2ª 3ª Temporada,1992,Série,1080p,0,True,126,73
saint-pierre-1a-temporada,Saint-Pierre 1ª Temporada,2025,Série,1080p,0,True,121,68
sakaratul-maut,Sakaratul Maut,2024,Filme,1080p,2,True,110,57
sala-escura,Sala Escura,2024,Filme,1080p,2,True,107,54
salt,Salt,2010,Filme,1080p,3,True,100,47
salvable,Salvable,2025,Filme,1080p,3,True,104,51
salvador-1a-temporada,Salvador 1ª Temporada,2026,Série,1080p,0,True,117,64
salve-geral-irmandade,Salve Geral: Irmandade,2026,Filme,1080p,3,True,118,65
sanctuary-a-witch-s-tale-1a-temporada,Sanctuary: A Witch's Tale 1ª Temporada,2024,Série,1080p,0,True,134,81
sanctuary-a-witch-s-tale-2a-temporada,Sanctuary: A Witch's Tale 2ª Temporada,2026,Série,1080p,0,True,134,81
sand-land-a-serie,Sand Land: A Série,2024,Série,1080p,0,True,114,61
sandman-1a-temporada,Sandman 1ª Temporada,2022,Série,1080p,0,True,116,63
sandman-2a-temporada,Sandman 2ª Temporada,2025,Série,1080p,0,True,116,63
sandokan-1a-temporada,Sandokan 1ª Temporada,2025,Série,1080p,0,True,117,64
sangue-pela-gloria,Sangue Pela Glória,2016,Filme,1080p,1,True,114,61
sangue-possuido,Sangue Possuído,2024,Filme,1080p,1,True,111,58
sangue-e-ouro,Sangue e Ouro,2023,Filme,1080p,3,True,109,56
santosh-vozes-da-hierarquia,Santosh: Vozes da Hierarquia,2024,Filme,1080p,3,True,124,71
saturday-night-a-noite-que-mudou-a-comedia,Saturday Night: A Noite que Mudou a Comédia,2024,Filme,1080p,2,True,139,86
saudade,Saudade,2024,Filme,1080p,2,True,103,50
saudade-fez-morada-aqui-dentro,Saudade fez Morada aqui Dentro,2024,Filme,1080p,1,True,126,73
saudosa-maloca,Saudosa Maloca,2024,Filme,1080p,1,True,110,57
sayen-a-cacadora,Sayen: A Caçadora,2024,Filme,1080p,2,True,113,60
scarpetta-medica-legista-1a-temporada,Scarpetta: Médica Legista 1ª Temporada,2026,Série,1080p,0,True,134,81
screamboat-terror-a-bordo,Screamboat: Terror a Bordo,2025,Filme,1080p,1,True,122,69
se-esse-amor-desaparecesse-hoje,Se Esse Amor Desaparecesse Hoje,2025,Filme,1080p,3,True,127,74
se-eu-tivesse-pernas-te-chutaria,"Se Eu Tivesse Pernas, Te Chutaria",2025,Filme,1080p,2,True,129,76
se-fosse-amor,Se Fosse Amor,2022,Filme,1080p,2,True,109,56
se-nao-fosse-voce,Se Não Fosse Você,2025,Filme,1080p,2,True,113,60
se-voce-tivesse-falado,Se Você Tivesse Falado...,2025,Filme,1080p,1,True,121,68
se-a-vida-te-der-tangerinas-1a-temporada,Se a Vida Te Der Tangerinas... 1ª Temporada,2025,Série,1080p,0,True,139,86
seals-operacao-resgate,Seals: Operação Resgate,2023,Filme,1080p,3,True,119,66
sede-de-sangue,Sede de Sangue,2023,Filme,1080p,2,True,110,57
seducao-e-vinganca,Sedução e Vingança,1981,Filme,1080p,3,True,114,61
see-1a-temporada,See 1ª Temporada,2019,Série,1080p,0,True,112,59
see-2a-temporada,See 2ª Temporada,2021,Série,1080p,1,True,112,59
see-3a-temporada,See 3ª Temporada,2022,Série,1080p,1,True,112,59
segredos,Segredos,2024,Filme,1080p,2,True,104,51
segredos-entre-amigos,Segredos Entre Amigos,2022,Filme,1080p,2,True,117,64
segredos-letais,Segredos Letais,2023,Filme,1080p,2,True,111,58
segredos-no-ar,Segredos No Ar,2020,Filme,1080p,1,True,110,57
segredos-nao-podem-ser-enterrados,Segredos Não Podem Ser Enterrados,2021,Filme,1080p,1,True,129,76
segredos-proibidos,Segredos Proibidos,2023,Filme,1080p,2,True,114,61
segredos-de-guerra,Segredos de Guerra,2021,Filme,1080p,3,True,114,61
segredos-de-verao,Segredos de Verão,2023,Filme,1080p,2,True,113,60
segredos-de-uma-golpista,Segredos de uma Golpista,2021,Filme,1080p,2,True,120,67
segundas-intencoes-1a-temporada,Segundas Intenções 1ª Temporada,2024,Série,1080p,1,True,127,74
seis-semanas,Seis Semanas,2022,Filme,1080p,1,True,108,55
seis-e-par,Seis é Par,2022,Filme,1080p,3,True,106,53
seita-virtual,Seita Virtual,2024,Filme,1080p,1,True,109,56
seja-o-cara,Seja o Cara!,2023,Filme,1080p,2,True,108,55
sem-coracao,Sem Coração,2023,Filme,1080p,1,True,107,54
sem-escalas,Sem Escalas,2014,Filme,1080p,3,True,107,54
sem-limites,Sem Limites,2011,Filme,1080p,3,True,107,54
sem-medo-de-amar,Sem Medo de Amar,2023,Filme,1080p,3,True,112,59
sem-nome-dinamite,Sem Nome & Dinamite,2022,Filme,1080p,1,True,115,62
sem-piedade-1a-temporada,Sem Piedade 1ª Temporada,2025,Série,1080p,0,True,120,67
sem-pressao,Sem Pressão,2024,Filme,1080p,2,True,107,54
sem-previo-aviso,Sem Prévio Aviso,2025,Filme,1080p,1,True,112,59
sem-refugio,Sem Refúgio,2024,Filme,1080p,2,True,107,54
sem-reservas,Sem Reservas,2007,Filme,1080p,3,True,108,55
sem-risco-aparente,Sem Risco Aparente,2002,Filme,1080p,5,True,114,61
sem-saida,Sem Saída,2025,Filme,1080p,3,True,105,52
sem-suspeitas,Sem Suspeitas,2021,Filme,1080p,3,True,109,56
sem-tempo-a-perder,Sem Tempo a Perder,2023,Filme,1080p,2,True,114,61
senhor-das-moscas-1a-temporada,Senhor das Moscas 1ª Temporada,2026,Série,1080p,0,True,126,73
senhor-do-vento,Senhor do Vento,2023,Filme,1080p,2,True,111,58
senior-cut-days,Senior Cut Days,2025,Filme,1080p,1,True,111,58
senna-1a-temporada,Senna 1ª Temporada,2024,Série,1080p,0,True,114,61
senna-por-ayrton,Senna por Ayrton,2024,Série,1080p,0,True,112,59
sentenca-de-morte,Sentença de Morte,2017,Filme,1080p,2,True,113,60
separados-pelas-estrelas,Separados pelas Estrelas,2025,Filme,1080p,3,True,120,67
sequestro-1971,Sequestro 1971,2024,Filme,1080p,2,True,110,57
sequestro-fake,Sequestro Fake,2025,Filme,1080p,1,True,110,57
sequestro-no-ar-1a-temporada,Sequestro no Ar 1ª Temporada,2023,Série,1080p,0,True,124,71
sequestro-no-ar-2a-temporada,Sequestro no Ar 2ª Temporada,2026,Série,1080p,0,True,124,71
sequestro-elizabeth-smart,Sequestro: Elizabeth Smart,2026,Filme,1080p,2,True,122,69
sereias-1a-temporada,Sereias 1ª Temporada,2025,Série,1080p,0,True,116,63
serra-das-almas,Serra das Almas,2025,Filme,1080p,3,True,111,58
servindo-nazistas,Servindo Nazistas,2023,Filme,1080p,3,True,113,60
sessenta-minutos,Sessenta Minutos,2024,Filme,1080p,1,True,112,59
sete-homens-e-um-destino,Sete Homens e Um Destino,2016,Filme,1080p,3,True,120,67
setembro-5,Setembro 5,2024,Filme,1080p,3,True,106,53
setor-36,Setor 36,2024,Filme,1080p,3,True,104,51
seu-amigao-da-vizinhanca-homem-aranha-1a-temporada,Seu Amigão da Vizinhança: Homem-Aranha 1ª Temporada,2025,Série,1080p,0,True,147,94
seu-unico-filho,Seu Único Filho,2023,Filme,1080p,2,True,111,58
seus-amigos-e-vizinhos-1a-temporada,Seus Amigos e Vizinhos 1ª Temporada,2025,Série,1080p,0,True,131,78
seven-veils,Seven Veils,2025,Filme,1080p,1,True,107,54
seven-os-sete-crimes-capitais,Seven - Os Sete Crimes Capitais,1995,Filme,1080p,3,True,127,74
severance-mountain,Severance Mountain,2024,Filme,1080p,1,True,114,61
sex-education-1a-temporada,Sex Education 1ª Temporada,2019,Série,1080p,0,True,122,69
sex-education-2a-temporada,Sex Education 2ª Temporada,2020,Série,1080p,0,True,122,69
sex-education-3a-temporada,Sex Education 3ª Temporada,2021,Série,1080p,0,True,122,69
sex-education-4a-temporada,Sex Education 4ª Temporada,2023,Série,1080p,0,True,122,69
seymour-hersh-em-busca-da-verdade,Seymour Hersh: Em Busca da Verdade,2025,Filme,1080p,1,True,130,77
shadow-force-sentenca-de-morte,Shadow Force: Sentença de Morte,2025,Filme,1080p,4,True,127,74
shayda,Shayda,2023,Filme,1080p,1,True,102,49
she-taught-love,She Taught Love,2024,Filme,1080p,3,True,111,58
sherlock-daughter-1a-temporada,Sherlock & Daughter 1ª Temporada,2025,Série,1080p,0,True,128,75
sherlock-holmes,Sherlock Holmes,2009,Filme,1080p,4,True,111,58
shifting-gears-1a-temporada,Shifting Gears 1ª Temporada,2025,Série,1080p,0,True,123,70
shin-ultraman,Shin Ultraman,2022,Filme,1080p,3,True,109,56
shootfighter-o-combate-mortal,Shootfighter: O Combate Mortal,1993,Filme,1080p,1,True,126,73
sicario-perigo-no-abrigo,Sicario - Perigo no Abrigo,2021,Filme,1080p,3,True,122,69
side-quest-1a-temporada,Side Quest 1ª Temporada,2025,Série,1080p,0,True,119,66
siga-minha-voz,Siga Minha Voz,2025,Filme,1080p,2,True,110,57
sight,Sight,2024,Filme,1080p,1,True,101,48
silencioso-e-mortal,Silencioso e Mortal,2024,Filme,1080p,3,True,115,62
silent-zone,Silent Zone,2025,Filme,1080p,2,True,107,54
silo-1a-temporada,Silo 1ª Temporada,2023,Série,1080p,0,True,113,60
silo-2a-temporada,Silo 2ª Temporada,2024,Série,1080p,0,True,113,60
silvio,Silvio,2024,Filme,1080p,2,True,102,49
silvio-santos-vem-ai,Silvio Santos Vem Aí!,2025,Filme,1080p,3,True,117,64
sim-senhor,Sim Senhor,2008,Filme,1080p,2,True,106,53
sim-chef-e-natal,"Sim, Chef! É Natal!",2023,Filme,1080p,2,True,115,62
sinais-de-amor,Sinais de Amor,2022,Filme,1080p,2,True,110,57
sinal-de-morte,Sinal de Morte,2024,Filme,1080p,3,True,110,57
sinfonia-de-guerra,Sinfonia de Guerra,2025,Filme,1080p,3,True,114,61
sing-sing,Sing Sing,2024,Filme,1080p,1,True,105,52
sing-thriller,Sing: Thriller,2024,Filme,1080p,5,True,110,57
sintonia-1a-temporada,Sintonia 1ª Temporada,2019,Série,1080p,0,True,117,64
sintonia-2a-temporada,Sintonia 2ª Temporada,2021,Série,1080p,0,True,117,64
sintonia-3a-temporada,Sintonia 3ª Temporada,2022,Série,1080p,0,True,117,64
sintonia-4a-temporada,Sintonia 4ª Temporada,2023,Série,1080p,0,True,117,64
sintonia-5a-temporada,Sintonia 5ª Temporada,2025,Série,1080p,0,True,117,64
dominique-2,Dominique,2024,Filme,1080p,2,True,105,52
sira,Sira,2023,Filme,1080p,1,True,100,47
sisu-estrada-da-vinganca,Sisu: Estrada da Vingança,2025,Filme,1080p,2,True,121,68
sisu-uma-historia-de-determinacao,Sisu: Uma História de Determinação,2022,Filme,1080p,3,True,130,77
skeleton-crew-1a-temporada,Skeleton Crew 1ª Temporada,2024,Série,1080p,1,True,122,69
skincare,Skincare,2024,Filme,1080p,2,True,104,51
skunk-no-limite-da-violencia,Skunk: No Limite da Violência,2024,Filme,1080p,1,True,125,72
sky-force,Sky Force,2025,Filme,1080p,2,True,105,52
skyscraper-live,Skyscraper Live,2026,Filme,1080p,2,True,111,58
slime-uma-aventura-pegajosa,Slime - Uma Aventura Pegajosa,2020,Filme,1080p,2,True,125,72
slime-uma-aventura-pegajosa-2,Slime - Uma Aventura Pegajosa 2,2021,Filme,1080p,2,True,127,74
slime-uma-aventura-pegajosa-3,Slime - Uma Aventura Pegajosa 3,2022,Filme,1080p,2,True,127,74
slow-horses-1a-temporada,Slow Horses 1ª Temporada,2022,Série,1080p,0,True,120,67
slow-horses-2a-temporada,Slow Horses 2ª Temporada,2022,Série,1080p,0,True,120,67
slow-horses-3a-temporada,Slow Horses 3ª Temporada,2023,Série,1080p,0,True,120,67
slow-horses-4a-temporada,Slow Horses 4ª Temporada,2024,Série,1080p,0,True,120,67
slow-horses-5a-temporada,Slow Horses 5ª Temporada,2025,Série,1080p,0,True,120,67
small-town-big-story-1a-temporada,"Small Town, Big Story 1ª Temporada",2025,Série,1080p,0,True,130,77
evie-3,Evie,2025,Filme,1080p,3,True,100,47
snoopy-apresenta-um-musical-de-verao,Snoopy Apresenta: Um Musical de Verão,2025,Filme,1080p,2,True,133,80
snowden-heroi-ou-traidor,Snowden: Herói ou Traidor,2016,Filme,1080p,4,True,121,68
sob-custodia,Sob Custódia,2024,Filme,1080p,3,True,108,55
sob-fogo,Sob Fogo,2025,Filme,1080p,3,True,104,51
sob-a-lei-do-crime,Sob a Lei do Crime,2022,Filme,1080p,2,True,114,61
sob-a-lua-cheia,Sob a Lua Cheia,2024,Filme,1080p,2,True,111,58
sob-as-estrelas,Sob as Estrelas,2023,Filme,1080p,1,True,111,58
sob-as-aguas-do-sena,Sob as Águas do Sena,2024,Filme,1080p,4,True,116,63
sob-o-silencio-das-aguas,Sob o Silêncio das Águas,2023,Filme,1080p,3,True,120,67
soberano,Soberano,2025,Filme,1080p,3,True,104,51
sobrenatural,Sobrenatural,2011,Filme,1080p,2,True,108,55
sobrenatural-a-origem,Sobrenatural: A Origem,2015,Filme,1080p,2,True,118,65
sobrenatural-a-porta-vermelha,Sobrenatural: A Porta Vermelha,2023,Filme,1080p,2,True,126,73
sobrenatural-a-ultima-chave,Sobrenatural: A Última Chave,2018,Filme,1080p,2,True,124,71
sobrenatural-capitulo-2,Sobrenatural: Capítulo 2,2013,Filme,1080p,2,True,120,67
sobreviva-ou-morra-tentando,Sobreviva ou Morra Tentando,2021,Filme,1080p,3,True,123,70
sobrevivendo-na-america,Sobrevivendo na América,2023,Filme,1080p,1,True,119,66
sobreviventes,Sobreviventes,2025,Filme,1080p,1,True,109,56
sobreviventes-1a-temporada,Sobreviventes 1ª Temporada,2025,Série,1080p,0,True,122,69
sociedade-da-justica-2a-guerra-mundial,Sociedade da Justiça: 2ª Guerra Mundial,2021,Filme,1080p,3,True,135,82
sociedade-das-sombras,Sociedade das Sombras,2024,Filme,1080p,3,True,117,64
soldado-de-chumbo,Soldado de Chumbo,2025,Filme,1080p,2,True,113,60
soldado-em-furia,Soldado em Fúria,2025,Filme,1080p,2,True,112,59
solo-leveling-1a-temporada,Solo Leveling 1ª Temporada,2024,Série,1080p,0,True,122,69
solo-leveling-2a-temporada,Solo Leveling 2ª Temporada,2025,Série,1080p,0,True,122,69
solo-mio,Solo Mio,2026,Filme,1080p,2,True,104,51
solteira-quase-surtando,Solteira Quase Surtando,2020,Filme,1080p,1,True,119,66
som-da-esperanca-a-historia-de-possum-trot,Som da Esperança: A História de Possum Trot,2024,Filme,1080p,1,True,139,86
som-da-liberdade,Som da Liberdade,2023,Filme,1080p,3,True,112,59
sombra-da-morte,Sombra da Morte,2026,Filme,1080p,2,True,111,58
sombras-sinistras,Sombras Sinistras,2021,Filme,1080p,1,True,113,60
sombras-do-deserto,Sombras do Deserto,2022,Filme,1080p,1,True,114,61
sombras-do-passado,Sombras do Passado,2023,Filme,1080p,2,True,114,61
sombras-no-deserto,Sombras no Deserto,2025,Filme,1080p,1,True,114,61
sombras-a-luz-do-dia,Sombras à Luz do Dia,2023,Filme,1080p,1,True,116,63
song-sung-blue-um-sonho-a-dois,Song Sung Blue: Um Sonho a Dois,2025,Filme,1080p,2,True,127,74
sonhador-americano,Sonhador Americano,2022,Filme,1080p,1,True,114,61
sonhar-com-leoes,Sonhar com Leões,2025,Filme,1080p,4,True,112,59
sonho-de-arrocha,Sonho de Arrocha,2026,Filme,1080p,1,True,112,59
sonhos,Sonhos,2025,Filme,1080p,2,True,102,49
sonhos-de-trem,Sonhos de Trem,2025,Filme,,1,True,93,57
sonic-2-o-filme,Sonic 2: O Filme,2022,Filme,1080p,4,True,112,59
sonic-3-o-filme,Sonic 3: O Filme,2024,Filme,1080p,4,True,112,59
sonic-o-filme,Sonic: O Filme,2020,Filme,1080p,5,True,110,57
sorria-smile,Sorria (Smile),2022,Filme,1080p,3,True,110,57
sorria-2-smile-2,Sorria 2 (Smile 2),2024,Filme,1080p,2,True,114,61
south-park-o-fim-da-obesidade,South Park: O Fim da Obesidade,2024,Filme,1080p,2,True,126,73
sovereign,Sovereign,2025,Filme,1080p,3,True,105,52
sozinha-com-voce,Sozinha Com Você,2022,Filme,1080p,2,True,112,59
space-wars-em-busca-da-deepstar,Space Wars: Em Busca da Deepstar,2023,Filme,1080p,3,True,128,75
sparkle-um-conto-magico,Sparkle: Um Conto Mágico,2023,Filme,1080p,3,True,120,67
spartacus-house-of-ashur-1a-temporada,Spartacus: House of Ashur 1ª Temporada,2025,Série,1080p,0,True,134,81
spiderhead,Spiderhead,2022,Filme,1080p,2,True,106,53
spinal-tap-2-o-ultimo-ato,Spinal Tap 2 – O Último Ato,2025,Filme,1080p,2,True,123,70
spithood,Spithood,2024,Filme,1080p,2,True,104,51
splinter-cell-deathwatch-1a-temporada,Splinter Cell: Deathwatch 1ª Temporada,2025,Série,1080p,0,True,134,81
springsteen-salve-me-do-desconhecido,Springsteen: Salve-me do Desconhecido,2025,Filme,1080p,2,True,133,80
squad-36,Squad 36,2025,Filme,1080p,3,True,104,51
sr-sra-smith-1a-temporada,Sr. & Sra. Smith 1ª Temporada,2024,Série,1080p,0,True,125,72
sr-crocket,Sr. Crocket,2024,Filme,1080p,1,True,107,54
star-trek-academia-da-frota-estelar-1a-temporada,Star Trek: Academia da Frota Estelar 1ª Temporada,2026,Série,1080p,0,True,145,92
star-trek-secao-31,Star Trek: Seção 31,2025,Filme,1080p,2,True,115,62
star-trek-strange-new-worlds-1a-temporada,Star Trek: Strange New Worlds 1ª Temporada,2022,Série,1080p,0,True,138,85
star-trek-strange-new-worlds-2a-temporada,Star Trek: Strange New Worlds 2ª Temporada,2023,Série,1080p,0,True,138,85
star-trek-strange-new-worlds-3a-temporada,Star Trek: Strange New Worlds 3ª Temporada,2025,Série,1080p,0,True,138,85
star-wars-andor-1a-temporada,Star Wars: Andor 1ª Temporada,2022,Série,1080p,0,True,125,72
star-wars-andor-1a-temporada-2,Star Wars: Andor 1ª Temporada,2025,Série,1080p,0,True,125,72
star-wars-episodio-i-a-ameaca-fantasma,Star Wars: Episódio I - A Ameaça Fantasma,1999,Filme,1080p,4,True,137,84
star-wars-episodio-ii-ataque-dos-clones,Star Wars: Episódio II - Ataque dos Clones,2002,Filme,1080p,4,True,138,85
star-wars-episodio-iii-a-vinganca-dos-sith,Star Wars: Episódio III - A Vingança dos Sith,2005,Filme,1080p,4,True,141,88
star-wars-historias-do-submundo-1a-temporada,Star Wars: Histórias do Submundo 1ª Temporada,2025,Série,1080p,0,True,141,88
star-wars-lendas-do-imperio-1a-temporada,Star Wars: Lendas do Império 1ª Temporada,2024,Série,1080p,0,True,137,84
star-wars-the-bad-batch-1a-temporada,Star Wars: The Bad Batch 1ª Temporada,2021,Série,1080p,0,True,133,80
star-wars-the-bad-batch-2a-temporada,Star Wars: The Bad Batch 2ª Temporada,2023,Série,1080p,0,True,133,80
star-wars-the-bad-batch-3a-temporada,Star Wars: The Bad Batch 3ª Temporada,2024,Série,1080p,1,True,133,80
star-wars-the-clone-wars-1a-temporada,Star Wars: The Clone Wars 1ª Temporada,2008,Série,1080p,0,True,134,81
star-wars-the-clone-wars-2a-temporada,Star Wars: The Clone Wars 2ª Temporada,2009,Série,1080p,0,True,134,81
star-wars-the-clone-wars-3a-temporada,Star Wars: The Clone Wars 3ª Temporada,2010,Série,1080p,0,True,134,81
star-wars-the-clone-wars-4a-temporada,Star Wars: The Clone Wars 4ª Temporada,2011,Série,1080p,0,True,134,81
star-wars-the-clone-wars-5a-temporada,Star Wars: The Clone Wars 5ª Temporada,2012,Série,1080p,0,True,134,81
star-wars-the-clone-wars-6a-temporada,Star Wars: The Clone Wars 6ª Temporada,2014,Série,1080p,0,True,134,81
star-wars-the-clone-wars-7a-temporada,Star Wars: The Clone Wars 7ª Temporada,2020,Série,1080p,0,True,134,81
star-wars-visions-1a-temporada,Star Wars: Visions 1ª Temporada,2021,Série,1080p,0,True,127,74
star-wars-visions-2a-temporada,Star Wars: Visions 2ª Temporada,2023,Série,1080p,0,True,127,74
star-wars-visions-3a-temporada,Star Wars: Visions 3ª Temporada,2025,Série,1080p,0,True,127,74
stargate-a-chave-para-o-futuro-da-humanidade,Stargate - A Chave para o Futuro da Humanidade,1994,Filme,1080p,3,True,142,89
stargate-a-arca-da-verdade,Stargate: A Arca da Verdade,2008,Filme,1080p,3,True,123,70
stargate-linha-do-tempo,Stargate: Linha do Tempo,2008,Filme,1080p,3,True,120,67
stephen,Stephen,2025,Filme,1080p,1,True,103,50
steve,Steve,2025,Filme,1080p,1,True,101,48
stick-1a-temporada,Stick 1ª Temporada,2025,Série,1080p,0,True,114,61
stigmata,Stigmata,1999,Filme,,3,True,87,51
sting-aranha-assassina,Sting: Aranha Assassina,2024,Filme,1080p,1,True,119,66
stitch-o-filme,Stitch! O Filme,2003,Filme,1080p,3,True,111,58
stolen-girl,Stolen Girl,2025,Filme,1080p,2,True,107,54
storm-rider-legend-of-hammerhead,Storm Rider: Legend of Hammerhead,2026,Filme,1080p,3,True,129,76
stranger-things-1a-temporada,Stranger Things 1ª Temporada,2016,Filme,1080p,3,True,124,71
stranger-things-2a-temporada,Stranger Things 2ª Temporada,2017,Série,1080p,0,True,124,71
stranger-things-3a-temporada,Stranger Things 3ª Temporada,2019,Série,1080p,0,True,124,71
stranger-things-4a-temporada,Stranger Things 4ª Temporada,2022,Série,1080p,0,True,124,71
stranger-things-5a-temporada,Stranger Things 5ª Temporada,2025,Série,1080p,0,True,124,71
street-flow,Street Flow,2019,Filme,1080p,2,True,107,54
street-flow-2,Street Flow 2,2023,Filme,1080p,1,True,109,56
street-flow-3,Street Flow 3,2026,Filme,1080p,1,True,109,56
sua-alma-sera-minha,Sua Alma Será Minha,2022,Filme,1080p,1,True,115,62
sua-culpa,Sua Culpa,2024,Filme,1080p,3,True,105,52
suando-frio,Suando Frio,2018,Filme,1080p,1,True,107,54
suaves-e-discretas,Suaves e Discretas,2022,Filme,1080p,2,True,114,61
subterraneo,Subterrâneo,2021,Filme,1080p,2,True,107,54
suburbicon-bem-vindos-ao-paraiso,Suburbicon: Bem-vindos ao Paraíso,2017,Filme,1080p,4,True,129,76
sugar-1a-temporada,Sugar 1ª Temporada,2024,Série,1080p,0,True,114,61
sugar-baby,Sugar Baby,2018,Filme,1080p,1,True,106,53
sugar-baby-2,Sugar Baby,2024,Filme,1080p,3,True,106,53
sugarcane,Sugarcane,2024,Filme,1080p,1,True,105,52
sugarplum-a-especialista-em-natal,Sugarplum: A Especialista em Natal,2024,Filme,1080p,2,True,130,77
suits-la-1a-temporada,Suits LA 1ª Temporada,2025,Série,1080p,0,True,117,64
sully-o-heroi-do-rio-hudson,Sully: O Herói do Rio Hudson,2016,Filme,1080p,3,True,124,71
suncoast,Suncoast,2024,Filme,1080p,2,True,104,51
sunny-1a-temporada,Sunny 1ª Temporada,2024,Série,1080p,0,True,114,61
super-bola-de-pelos-salva-o-futuro,Super Bola de Pelos: Salva o Futuro,2022,Filme,1080p,2,True,131,78
super-cubo-1a-temporada,Super Cubo 1ª Temporada,2025,Série,1080p,0,True,119,66
super-velozes-mega-furiosos,"Super Velozes, Mega Furiosos",2015,Filme,1080p,2,True,124,71
super-wings-em-velocidade-maxima,Super Wings: Em Velocidade Máxima,2023,Filme,1080p,3,True,129,76
super-heroi-o-filme,Super-Herói: O Filme,2008,Filme,1080p,3,True,116,63
super-man-a-historia-de-christopher-reeve,Super/Man: A História de Christopher Reeve,2024,Filme,1080p,3,True,138,85
superacao-o-milagre-da-fe,Superação: O Milagre da Fé,2019,Filme,1080p,2,True,122,69
superboys-de-malegaon,Superboys de Malegaon,2025,Filme,1080p,2,True,117,64
superman,Superman,2025,Filme,1080p,3,True,104,51
superman-e-lois-1a-temporada,Superman e Lois 1ª Temporada,2021,Série,1080p,0,True,124,71
superman-e-lois-2a-temporada,Superman e Lois 2ª Temporada,2022,Série,1080p,0,True,124,71
superman-e-lois-3a-temporada,Superman e Lois 3ª Temporada,2023,Série,1080p,0,True,124,71
superman-e-lois-4a-temporada,Superman e Lois 4ª Temporada,2024,Série,1080p,0,True,124,71
surrealestate-1a-temporada,SurrealEstate 1ª Temporada,2021,Série,1080p,0,True,122,69
surrealestate-2a-temporada,SurrealEstate 2ª Temporada,2023,Série,1080p,3,True,122,69
surrealestate-3a-temporada,SurrealEstate 3ª Temporada,2025,Série,1080p,0,True,122,69
suzume,Suzume,2022,Filme,1080p,4,True,102,49
sweet-home-1a-temporada,Sweet Home 1ª Temporada,2020,Série,1080p,0,True,119,66
sweet-home-2a-temporada,Sweet Home 2ª Temporada,2023,Série,1080p,0,True,119,66
sweet-home-3a-temporada,Sweet Home 3ª Temporada,2024,Série,1080p,0,True,119,66
sweet-river,Sweet River,2021,Filme,1080p,2,True,107,54
sweet-tooth,Sweet Tooth,2024,Série,1080p,0,True,107,54
sweethearts,Sweethearts,2024,Filme,1080p,2,True,107,54
swingers-troca-de-casais,Swingers – Troca de Casais,2019,Filme,1080p,1,True,122,69
to-be-hero-x-1a-temporada,TO BE HERO X 1ª Temporada,2025,Série,1080p,0,True,121,68
tron-ares,TRON: Ares,2025,Filme,1080p,3,True,106,53
tabuleiro-das-almas,Tabuleiro das Almas,2009,Filme,1080p,1,True,115,62
tal-pai-tal-filho,"Tal Pai, Tal Filho",2022,Filme,1080p,1,True,114,61
tarde-demais-para-voltar,Tarde Demais Para Voltar,2024,Filme,1080p,2,True,120,67
tartarugas-ate-la-embaixo,Tartarugas Até Lá Embaixo,2024,Filme,1080p,2,True,121,68
tartarugas-ninjas-historias-mutantes-1a-temporada,Tartarugas Ninjas: Histórias Mutantes 1ª Temporada,2024,Série,1080p,0,True,146,93
task-unidade-especial-1a-temporada,Task – Unidade Especial 1ª Temporada,2025,Série,1080p,0,True,132,79
tatsuki-fujimoto-17-26-1a-temporada,Tatsuki Fujimoto 17-26 1ª Temporada,2025,Série,1080p,0,True,131,78
tau,Tau,2018,Filme,1080p,2,True,99,46
teacup-1a-temporada,Teacup 1ª Temporada,2024,Série,1080p,0,True,115,62
technoboys,Technoboys,2024,Filme,1080p,2,True,106,53
ted-lasso-1a-temporada,Ted Lasso 1ª Temporada,2020,Série,1080p,0,True,118,65
ted-lasso-2a-temporada,Ted Lasso 2ª Temporada,2021,Série,1080p,0,True,118,65
ted-lasso-3a-temporada,Ted Lasso 3ª Temporada,2023,Série,1080p,0,True,118,65
ted-a-serie-1a-temporada,Ted - A Série 1ª Temporada,2024,Série,1080p,0,True,122,69
tee-yai-nascido-para-o-mal,Tee Yai: Nascido para o Mal,2025,Filme,1080p,3,True,123,70
teen-wolf-1a-temporada,Teen Wolf 1ª Temporada,2011,Série,1080p,0,True,118,65
teen-wolf-2a-temporada,Teen Wolf 2ª Temporada,2012,Série,1080p,0,True,118,65
teen-wolf-3a-temporada,Teen Wolf 3ª Temporada,2013,Série,1080p,0,True,118,65
teen-wolf-4a-temporada,Teen Wolf 4ª Temporada,2014,Série,1080p,0,True,118,65
teen-wolf-5a-temporada,Teen Wolf 5ª Temporada,2015,Série,1080p,0,True,118,65
teen-wolf-6a-temporada,Teen Wolf 6ª Temporada,2016,Série,1080p,0,True,118,65
teera-1a-temporada,Teerã 1ª Temporada,2020,Série,1080p,0,True,114,61
teera-2a-temporada,Teerã 2ª Temporada,2022,Série,1080p,0,True,114,61
teera-3a-temporada,Teerã 3ª Temporada,2026,Série,1080p,0,True,114,61
teia-de-vinganca,Teia de Vingança,2023,Filme,1080p,2,True,112,59
temos-vagas,Temos Vagas,2024,Filme,1080p,1,True,107,54
tempero-fatal-um-misterio-de-hannah-swensen,Tempero Fatal: Um Mistério de Hannah Swensen,2023,Filme,1080p,3,True,140,87
tempestade-acida,Tempestade Ácida,2023,Filme,1080p,2,True,112,59
tempestade-planeta-em-furia,Tempestade: Planeta em Fúria,2017,Filme,1080p,3,True,124,71
tempo-old,Tempo (Old),2021,Filme,1080p,3,True,107,54
tempo-de-guerra,Tempo de Guerra,2025,Filme,1080p,2,True,111,58
temporada-de-caca,Temporada de Caça,2013,Filme,1080p,2,True,113,60
temporada-de-sangue,Temporada de Sangue,2025,Filme,1080p,3,True,115,62
tentacao-perigosa,Tentação Perigosa,2023,Filme,1080p,2,True,113,60
terapia-nas-montanhas,Terapia nas Montanhas,2022,Filme,1080p,1,True,117,64
teresa-de-avila,Teresa de Ávila,2023,Filme,1080p,1,True,111,58
terra-assombrada,Terra Assombrada,2018,Filme,,3,True,95,59
terra-indomavel-1a-temporada,Terra Indomável 1ª Temporada,2025,Série,1080p,0,True,124,71
terra-selvagem,Terra Selvagem,2017,Filme,1080p,4,True,110,57
terra-da-mafia-1a-temporada,Terra da Máfia 1ª Temporada,2025,Série,1080p,0,True,123,70
terra-de-pistoleiros,Terra de Pistoleiros,2025,Filme,1080p,2,True,116,63
terremoto-magnitude-9-5,Terremoto Magnitude 9.5,2023,Filme,1080p,2,True,119,66
terrifier,Terrifier,2018,Filme,1080p,2,True,105,52
terrifier-2,Terrifier 2,2023,Filme,1080p,2,True,107,54
terrifier-3,Terrifier 3,2024,Filme,1080p,2,True,107,54
terror-online,Terror Online,2017,Filme,1080p,2,True,109,56
terror-virtual,Terror Virtual,2021,Filme,1080p,2,True,110,57
terror-em-crescent-city,Terror em Crescent City,2024,Filme,1080p,3,True,119,66
terror-em-shelby-oaks,Terror em Shelby Oaks,2025,Filme,1080p,2,True,117,64
terror-na-parada-de-caminhoes,Terror na Parada de Caminhões,2023,Filme,1080p,2,True,125,72
terror-no-hospital-psiquiatrico,Terror no Hospital Psiquiátrico,2024,Filme,1080p,2,True,127,74
terror-no-rio,Terror no Rio,2025,Filme,1080p,4,True,109,56
tese-sobre-uma-domesticacao,Tese Sobre uma Domesticação,2025,Filme,1080p,1,True,123,70
tesouro,Tesouro,2024,Filme,1080p,2,True,103,50
testamento-as-parabolas-recontadas,Testamento: As Parábolas Recontadas,2022,Filme,1080p,2,True,131,78
texano-por-acaso,Texano Por Acaso,2023,Filme,1080p,1,True,112,59
thank-you-next,"Thank You, Next",2023,Filme,1080p,3,True,111,58
the-acolyte,The Acolyte,2024,Série,1080p,0,True,107,54
the-alto-knights-mafia-e-poder,The Alto Knights: Máfia e Poder,2025,Filme,1080p,3,True,127,74
the-art-of-telling-lies,The Art of Telling Lies,2026,Filme,1080p,3,True,119,66
the-beauty-lindos-de-morrer-1a-temporada,The Beauty: Lindos de Morrer 1ª Temporada,2026,Série,1080p,0,True,137,84
the-big-cigar-a-fuga,The Big Cigar: A Fuga,2024,Série,1080p,0,True,117,64
the-blackening-jogo-mortal,The Blackening: Jogo Mortal,2023,Filme,1080p,2,True,123,70
the-blue-angels,The Blue Angels,2024,Filme,1080p,2,True,111,58
the-box,The Box,2024,Filme,1080p,2,True,103,50
the-burden-of-nine-lives,The Burden of Nine Lives,2024,Filme,1080p,2,True,120,67
the-captives,The Captives,2024,Filme,1080p,5,True,108,55
the-choice,The Choice,2024,Filme,1080p,2,True,106,53
the-chosen-1a-temporada,The Chosen 1ª Temporada,2019,Série,1080p,0,True,119,66
the-chosen-2a-temporada,The Chosen 2ª Temporada,2021,Série,1080p,0,True,119,66
the-chosen-3a-temporada,The Chosen 3ª Temporada,2022,Série,1080p,0,True,119,66
the-chosen-4a-temporada,The Chosen 4ª Temporada,2024,Série,1080p,0,True,119,66
the-chosen-5a-temporada,The Chosen 5ª Temporada,2025,Série,1080p,0,True,119,66
the-convert,The Convert,2024,Filme,1080p,2,True,107,54
the-electric-state,The Electric State,2025,Filme,1080p,3,True,114,61
the-end,The End,2024,Filme,1080p,3,True,103,50
the-face-i-can-t-forget,The Face I Can't Forget,2024,Filme,1080p,1,True,119,66
the-first-slam-dunk,The First Slam Dunk,2022,Filme,1080p,3,True,115,62
the-fragrant-flower-blooms-with-dignity-1a-temporada,The Fragrant Flower Blooms with Dignity 1ª Temporada,2025,Série,1080p,0,True,148,95
the-front-room,The Front Room,2024,Filme,1080p,2,True,110,57
the-good-doctor-o-bom-doutor-1a-temporada,The Good Doctor: O Bom Doutor 1ª Temporada,2017,Série,1080p,0,True,138,85
the-good-doctor-o-bom-doutor-2a-temporada,The Good Doctor: O Bom Doutor 2ª Temporada,2018,Série,1080p,0,True,138,85
the-good-doctor-o-bom-doutor-3a-temporada,The Good Doctor: O Bom Doutor 3ª Temporada,2019,Série,1080p,0,True,138,85
the-good-doctor-o-bom-doutor-4a-temporada,The Good Doctor: O Bom Doutor 4ª Temporada,2020,Série,1080p,0,True,138,85
the-good-doctor-o-bom-doutor-5a-temporada,The Good Doctor: O Bom Doutor 5ª Temporada,2021,Série,1080p,0,True,138,85
the-good-doctor-o-bom-doutor-6a-temporada,The Good Doctor: O Bom Doutor 6ª Temporada,2022,Série,1080p,0,True,138,85
the-good-doctor-o-bom-doutor-7a-temporada,The Good Doctor: O Bom Doutor 7ª Temporada,2024,Série,1080p,0,True,138,85
the-great-lillian-hall,The Great Lillian Hall,2025,Filme,1080p,2,True,118,65
the-house,The House,2022,Filme,1080p,4,True,105,52
the-hunting-party-1a-temporada,The Hunting Party 1ª Temporada,2025,Série,1080p,0,True,126,73
the-kill-room-arte-fatal,The Kill Room: Arte Fatal,2023,Filme,1080p,2,True,121,68
the-killer,The Killer,2024,Filme,1080p,3,True,106,53
the-killer-s-game,The Killer's Game,2024,Filme,1080p,3,True,113,60
the-kitchen,The Kitchen,2023,Filme,1080p,4,True,107,54
the-last-stand-of-ellen-cole,The Last Stand of Ellen Cole,2024,Filme,1080p,2,True,124,71
the-last-of-us-1a-temporada,The Last of Us 1ª Temporada,2023,Série,1080p,0,True,123,70
the-last-of-us-2a-temporada,The Last of Us 2ª Temporada,2025,Série,1080p,0,True,123,70
the-librarians-the-next-chapter-1a-temporada,The Librarians: The Next Chapter 1ª Temporada,2025,Série,1080p,0,True,141,88
the-man-in-my-basement,The Man in My Basement,2025,Filme,1080p,3,True,118,65
the-morning-show-1a-temporada,The Morning Show 1ª Temporada,2019,Série,1080p,0,True,125,72
the-morning-show-2a-temporada,The Morning Show 2ª Temporada,2021,Série,1080p,0,True,125,72
the-morning-show-3a-temporada,The Morning Show 3ª Temporada,2023,Série,1080p,0,True,125,72
the-morning-show-4a-temporada,The Morning Show 4ª Temporada,2025,Série,1080p,0,True,125,72
the-mortuary-assistant,The Mortuary Assistant,2026,Filme,1080p,2,True,118,65
the-mountain-within-me,The Mountain Within Me,2024,Filme,1080p,1,True,118,65
the-old-guard,The Old Guard,2020,Filme,1080p,3,True,109,56
the-old-guard-2,The Old Guard 2,2025,Filme,1080p,3,True,111,58
the-old-man-1a-temporada,The Old Man 1ª Temporada,2022,Série,1080p,0,True,120,67
the-old-man-2a-temporada,The Old Man 2ª Temporada,2024,Série,1080p,0,True,120,67
the-pitt-1a-temporada,The Pitt 1ª Temporada,2025,Série,1080p,0,True,117,64
the-plague,The Plague,2025,Filme,1080p,2,True,106,53
the-post-a-guerra-secreta,The Post: A Guerra Secreta,2017,Filme,1080p,3,True,122,69
the-price-of-money-a-largo-winch-adventure,The Price of Money: A Largo Winch Adventure,2024,Filme,1080p,3,True,139,86
the-rainmaker-1a-temporada,The Rainmaker 1ª Temporada,2025,Série,1080p,0,True,122,69
the-red-book-ritual-gates-of-hell,The Red Book Ritual: Gates of Hell,2025,Filme,1080p,1,True,130,77
the-shift-o-deslocamento,The Shift - O Deslocamento,2023,Filme,1080p,1,True,122,69
the-surrender,The Surrender,2025,Filme,1080p,2,True,109,56
the-ugly-stepsister,The Ugly Stepsister,2025,Filme,1080p,2,True,115,62
the-umbrella-academy-1a-temporada,The Umbrella Academy 1ª Temporada,2019,Série,1080p,0,True,129,76
the-umbrella-academy-2a-temporada,The Umbrella Academy 2ª Temporada,2020,Série,1080p,0,True,129,76
the-umbrella-academy-3a-temporada,The Umbrella Academy 3ª Temporada,2022,Série,1080p,0,True,129,76
the-umbrella-academy-4a-temporada,The Umbrella Academy 4ª Temporada,2024,Série,1080p,0,True,129,76
the-volunteers-the-battle-of-life-and-death,The Volunteers: The Battle of Life and Death,2025,Filme,1080p,3,True,140,87
the-walking-dead-daryl-dixon-1a-temporada,The Walking Dead: Daryl Dixon 1ª Temporada,2023,Série,1080p,0,True,138,85
the-walking-dead-daryl-dixon-2a-temporada,The Walking Dead: Daryl Dixon 2ª Temporada,2024,Série,1080p,0,True,138,85
the-walking-dead-daryl-dixon-3a-temporada,The Walking Dead: Daryl Dixon 3ª Temporada,2025,Série,1080p,0,True,138,85
the-walking-dead-dead-city-1a-temporada,The Walking Dead: Dead City 1ª Temporada,2023,Série,1080p,0,True,136,83
the-walking-dead-dead-city-2a-temporada,The Walking Dead: Dead City 2ª Temporada,2025,Série,1080p,0,True,136,83
the-walking-dead-the-ones-who-live,The Walking Dead: The Ones Who Live,2024,Série,1080p,0,True,131,78
the-white-lotus-1a-temporada,The White Lotus 1ª Temporada,2021,Série,1080p,0,True,124,71
the-white-lotus-2a-temporada,The White Lotus 2ª Temporada,2022,Série,1080p,0,True,124,71
the-white-lotus-3a-temporada,The White Lotus 3ª Temporada,2025,Série,1080p,0,True,124,71
the-witcher-1a-temporada,The Witcher 1ª Temporada,2019,Série,1080p,0,True,120,67
the-witcher-2a-temporada,The Witcher 2ª Temporada,2021,Série,1080p,0,True,120,67
the-witcher-3a-temporada,The Witcher 3ª Temporada,2023,Série,1080p,0,True,120,67
the-witcher-4a-temporada,The Witcher 4ª Temporada,2025,Série,1080p,0,True,120,67
the-witcher-sereias-das-profundezas,The Witcher: Sereias das Profundezas,2025,Filme,1080p,3,True,132,79
thelma,Thelma,2024,Filme,1080p,3,True,102,49
thelma-o-unicornio,"Thelma, O Unicórnio",2024,Filme,1080p,3,True,115,62
this-is-me-now-uma-historia-de-amor,This Is Me... Now: Uma História de Amor,2024,Filme,1080p,3,True,135,82
thor-amor-e-trovao,Thor: Amor e Trovão,2022,Filme,1080p,4,True,115,62
thor-deus-do-trovao,Thor: Deus do Trovão,2022,Filme,1080p,2,True,116,63
thunderbirds-a-elite-da-forca-aerea-dos-eua,Thunderbirds: A Elite da Força Aérea dos EUA,2025,Filme,1080p,1,True,140,87
thunderbolts,Thunderbolts*,2025,Filme,1080p,3,True,109,56
tigres-e-hienas,Tigres e Hienas,2024,Filme,1080p,3,True,111,58
till-a-busca-por-justica,Till: A Busca por Justiça,2022,Filme,1080p,2,True,121,68
till-a-busca-por-justica-2,Till: A Busca por Justiça,2022,Filme,1080p,2,True,121,68
tinha-que-ser-ele,Tinha Que Ser Ele?,2016,Filme,1080p,1,True,114,61
titan-o-desastre-da-oceangate,Titan: O Desastre da OceanGate,2025,Filme,1080p,2,True,126,73
to-cook-a-bear-1a-temporada,To Cook a Bear 1ª Temporada,2025,Série,1080p,0,True,123,70
tocaia,Tocaia,1987,Filme,1080p,3,True,102,49
todas-menos-ela,Todas Menos Ela,2024,Filme,1080p,2,True,111,58
todas-por-uma,Todas por Uma,2024,Filme,1080p,2,True,109,56
todo-mundo-ainda-odeia-o-chris-1a-temporada,Todo Mundo Ainda Odeia o Chris 1ª Temporada,2024,Série,1080p,0,True,139,86
todo-mundo-ainda-tem-problemas-sexuais,Todo Mundo Ainda Tem Problemas Sexuais,2025,Filme,1080p,2,True,134,81
todo-tempo-que-temos,Todo Tempo Que Temos,2024,Filme,,2,True,99,63
todos-irao-morrer,Todos Irão Morrer,2023,Filme,1080p,2,True,113,60
todos-irao-queimar,Todos Irão Queimar,2023,Filme,1080p,1,True,114,61
todos-os-caminhos-ate-pearla,Todos os Caminhos até Pearla,2020,Filme,1080p,3,True,124,71
todos-os-meus-amigos-estao-mortos,Todos os Meus Amigos Estão Mortos,2020,Filme,1080p,2,True,129,76
serie-tokyo-vice,Serie Tokyo Vice,2024,Série,1080p,0,True,112,59
tom-jerry-uma-aventura-no-museu,Tom & Jerry: Uma Aventura no Museu,2025,Filme,1080p,3,True,130,77
tomb-raider-a-lenda-de-lara-croft-1a-temporada,Tomb Raider: A Lenda de Lara Croft 1ª Temporada,2024,Série,1080p,0,True,143,90
tomb-raider-a-lenda-de-lara-croft-2a-temporada,Tomb Raider: A Lenda de Lara Croft 2ª Temporada,2025,Série,1080p,0,True,143,90
tomorrowland-um-lugar-onde-nada-e-impossivel,Tomorrowland: Um Lugar Onde Nada É Impossível,2015,Filme,1080p,4,True,141,88
top-gun-ases-indomaveis,Top Gun - Ases Indomáveis,1986,Filme,1080p,3,True,121,68
top-gun-maverick,Top Gun: Maverick,2022,Filme,1080p,2,True,113,60
tornado,Tornado,2025,Filme,1080p,4,True,103,50
tornado-joplin-em-ruinas,Tornado: Joplin em Ruínas,2025,Filme,1080p,2,True,121,68
toro,Toro,2016,Filme,1080p,1,True,100,47
torre-greenfell-a-verdade-por-tras-do-desastre,Torre Greenfell: A Verdade por Trás do Desastre,2025,Filme,1080p,1,True,143,90
touch,Touch,2024,Filme,1080p,2,True,101,48
tougen-anki,Tougen Anki,2025,Série,1080p,0,True,107,54
towards-zero-1a-temporada,Towards Zero 1ª Temporada,2025,Série,1080p,0,True,121,68
traicao-entre-amigas,Traição Entre Amigas,2025,Filme,1080p,2,True,116,63
traicao-e-redencao-1a-temporada,Traição e Redenção 1ª Temporada,2025,Série,1080p,0,True,127,74
trama-internacional,Trama Internacional,2009,Filme,1080p,4,True,115,62
transacao-perigosa,Transação Perigosa,2024,Filme,1080p,2,True,114,61
transacao-perigosa-2,Transação Perigosa 2,2025,Filme,1080p,3,True,116,63
transformers,Transformers,2007,Filme,1080p,3,True,108,55
transformers-a-era-da-extincao,Transformers: A Era da Extinção,2014,Filme,1080p,3,True,127,74
transformers-a-vinganca-dos-derrotados,Transformers: A Vingança dos Derrotados,2009,Filme,1080p,3,True,135,82
transformers-o-despertar-das-feras,Transformers: O Despertar das Feras,2023,Filme,1080p,4,True,131,78
transformers-o-inicio,Transformers: O Início,2024,Filme,1080p,5,True,118,65
transformers-o-lado-oculto-da-lua,Transformers: O Lado Oculto da Lua,2011,Filme,1080p,3,True,130,77
transformers-o-ultimo-cavaleiro,Transformers: O Último Cavaleiro,2017,Filme,1080p,3,True,128,75
transformers-war-for-cybertron-1a-temporada,Transformers: War For Cybertron 1ª Temporada,2021,Série,1080p,0,True,140,87
transfusao,Transfusão,2023,Filme,1080p,3,True,106,53
transmitzvah,Transmitzvah,2024,Filme,1080p,2,True,108,55
trapaceando-em-latim,Trapaceando em Latim,2024,Filme,1080p,1,True,116,63
trapped-inn,Trapped Inn,2024,Filme,1080p,2,True,107,54
traumas-aterrorizantes,Traumas Aterrorizantes,2022,Filme,1080p,4,True,118,65
treinada-para-matar,Treinada para Matar,2024,Filme,1080p,2,True,115,62
treinado-para-matar,Treinado Para Matar,2021,Filme,1080p,2,True,115,62
treinamento-brutal,Treinamento Brutal,2022,Filme,1080p,2,True,114,61
tremembe-1a-temporada,Tremembé 1ª Temporada,2025,Série,1080p,0,True,117,64
treze-homens-e-um-novo-segredo,Treze Homens e um Novo Segredo,2007,Filme,1080p,2,True,126,73
trilha-da-justica,Trilha da Justiça,2023,Filme,1080p,1,True,113,60
triplo-x-colecao,Triplo X – Coleção,2002,Filme,1080p,1,True,114,61
troca-de-bebe,Troca De Bebê,2023,Filme,1080p,1,True,109,56
troca-surpresa,Troca Surpresa,2024,Filme,1080p,2,True,110,57
troca-de-bebes-2,Troca de Bebês 2,2024,Filme,1080p,1,True,112,59
trocando-as-bolas,Trocando as Bolas,1983,Filme,1080p,1,True,113,60
troco-em-dobro,Troco em Dobro,2020,Filme,1080p,3,True,110,57
troll-2,Troll 2,1990,Filme,1080p,2,True,103,50
troll-o-mundo-do-espanto,Troll - O Mundo do Espanto,1986,Filme,,2,True,105,69
tron-o-legado,Tron: O Legado,2010,Filme,1080p,3,True,110,57
true-detective-1a-temporada,True Detective 1ª Temporada,2014,Série,1080p,0,True,123,70
true-detective-2a-temporada,True Detective 2ª Temporada,2015,Série,1080p,0,True,123,70
true-detective-3a-temporada,True Detective 3ª Temporada,2019,Série,1080p,0,True,123,70
true-detective-4a-temporada,True Detective 4ª Temporada,2024,Série,1080p,0,True,123,70
truque-de-mestre,Truque de Mestre,2013,Filme,1080p,2,True,112,59
truque-de-mestre-o-2o-ato,Truque de Mestre: O 2º Ato,2016,Filme,1080p,2,True,122,69
truque-de-mestre-o-3-ato,Truque de Mestre: O 3° Ato,2025,Filme,1080p,3,True,122,69
trust,Trust,2025,Filme,1080p,1,True,101,48
trafico-sexual,Tráfico Sexual,2023,Filme,1080p,3,True,110,57
tres-babas-para-o-natal-2,Três Babás para o Natal 2,2024,Filme,1080p,2,True,121,68
tres-homens-e-um-destino,Três Homens e um Destino,2023,Filme,1080p,2,True,120,67
troia,Tróia,2004,Filme,1080p,3,True,101,48
tubarao-touro,Tubarão Touro,2022,Filme,1080p,2,True,109,56
tudo-acontece-a-noite,Tudo Acontece à Noite,2021,Filme,1080p,1,True,117,64
tudo-por-um-pop-star-2,Tudo Por um Pop Star 2,2024,Filme,1080p,1,True,118,65
tudo-sobre-os-levkoviches,Tudo Sobre os Levkoviches,2024,Filme,1080p,2,True,121,68
tudo-vai-dar-certo,Tudo Vai dar Certo,2025,Filme,1080p,2,True,114,61
tudo-em-familia,Tudo em Família,2024,Filme,1080p,3,True,111,58
tudo-pelo-divorcio,Tudo pelo Divórcio,2024,Filme,1080p,2,True,114,61
tudo-pelo-meu-irmao,Tudo pelo Meu Irmão,2024,Filme,1080p,3,True,115,62
tuesday-o-ultimo-abraco,Tuesday: O Último Abraço,2024,Filme,,2,True,103,67
tulsa-king-1a-temporada,Tulsa King 1ª Temporada,2022,Série,1080p,0,True,119,66
tulsa-king-2a-temporada,Tulsa King 2ª Temporada,2024,Série,1080p,0,True,119,66
tulsa-king-3a-temporada,Tulsa King 3ª Temporada,2025,Série,1080p,0,True,119,66
turma-da-monica-origens-1a-temporada,Turma da Mônica: Origens 1ª Temporada,2024,Série,1080p,0,True,133,80
turno-maldito,Turno Maldito,2024,Filme,1080p,2,True,109,56
twinless-um-gemeo-a-menos,Twinless - Um Gêmeo a Menos,2025,Filme,1080p,2,True,123,70
implacavel-2,Implacável,2026,Filme,1080p,2,True,106,53
twisted-metal-1a-temporada,Twisted Metal 1ª Temporada,2023,Série,1080p,0,True,122,69
twisted-metal-2a-temporada,Twisted Metal 2ª Temporada,2025,Série,1080p,0,True,122,69
twister,Twister,1996,Filme,1080p,3,True,103,50
twister-2,Twister,1996,Filme,1080p,3,True,103,50
twisters,Twisters,2024,Filme,1080p,3,True,104,51
typhoon-family-1a-temporada,Typhoon Family 1ª Temporada,2025,Série,1080p,0,True,123,70
tao-bonito-quanto-o-amor,Tão Bonito Quanto o Amor,2025,Filme,1080p,3,True,120,67
tokunbo,Tòkunbò̩,2024,Filme,1080p,3,True,104,51
to-de-graca-o-filme,Tô de Graça: O Filme,2024,Filme,1080p,1,True,116,63
uri-forcas-especiais,URI - Forças Especiais,2019,Filme,1080p,2,True,118,65
ultraman-taiga-climax-da-nova-geracao,Ultraman Taiga: Clímax da Nova Geração,2020,Filme,1080p,3,True,134,81
ultraman-a-ascensao,Ultraman: A Ascensão,2024,Filme,1080p,3,True,116,63
um-amor-feito-de-neve,Um Amor Feito de Neve,2024,Filme,1080p,2,True,117,64
um-amor-inesperado,Um Amor Inesperado,2018,Filme,1080p,2,True,114,61
um-amor-real-de-natal,Um Amor Real de Natal,2023,Filme,1080p,2,True,117,64
um-amor-verdadeiro,Um Amor Verdadeiro,2022,Filme,1080p,3,True,114,61
um-amor-de-natal,Um Amor de Natal,2024,Filme,1080p,1,True,112,59
um-animal-amarelo,Um Animal Amarelo,2020,Filme,1080p,2,True,113,60
um-ato-de-coragem,Um Ato de Coragem,2002,Filme,1080p,3,True,113,60
um-bom-dia-para-morrer,Um Bom Dia Para Morrer,2023,Filme,1080p,3,True,118,65
um-bom-garoto-1a-temporada,Um Bom Garoto 1ª Temporada,2025,Série,1080p,0,True,122,69
um-cabra-bom-de-bola,Um Cabra Bom de Bola,2026,Filme,1080p,4,True,116,63
um-casal-inseparavel,Um Casal Inseparável,2021,Filme,1080p,2,True,116,63
um-caso-do-outro-mundo,Um Caso do Outro Mundo,2022,Filme,1080p,3,True,118,65
um-completo-desconhecido,Um Completo Desconhecido,2024,Filme,1080p,3,True,120,67
um-conto-do-destino,Um Conto do Destino,2014,Filme,1080p,4,True,115,62
um-coracao-separado,Um Coração Separado,2021,Filme,1080p,2,True,115,62
um-crime-passional,Um Crime Passional,2022,Filme,1080p,3,True,114,61
um-crime-perfeito,Um Crime Perfeito,1998,Filme,1080p,3,True,113,60
um-crime-de-mestre,Um Crime de Mestre,2007,Filme,1080p,2,True,114,61
um-culto-das-trevas,Um Culto das Trevas,2022,Filme,1080p,1,True,115,62
um-dia-daqueles,Um Dia Daqueles,2025,Filme,1080p,1,True,111,58
um-dia-extraordinario,Um Dia Extraordinário,2026,Filme,1080p,2,True,117,64
um-dia-fora-de-controle,Um Dia Fora de Controle,2025,Filme,1080p,2,True,119,66
um-dificil-recomeco,Um Difícil Recomeço,2022,Filme,1080p,2,True,115,62
um-doce-milagre,Um Doce Milagre,2021,Filme,1080p,3,True,111,58
um-espiao-infiltrado-1a-temporada,Um Espião Infiltrado 1ª Temporada,2024,Série,1080p,0,True,129,76
um-estranho-segredo,Um Estranho Segredo,2021,Filme,1080p,2,True,115,62
um-estranho-no-bosque,Um Estranho no Bosque,2024,Filme,1080p,2,True,117,64
um-fantasma-na-batalha,Um Fantasma na Batalha,2025,Filme,1080p,2,True,118,65
um-fiasco-de-ferias,Um Fiasco de Férias,2024,Filme,1080p,2,True,115,62
um-filho,Um Filho,2022,Filme,1080p,1,True,104,51
um-filme-minecraft,Um Filme Minecraft,2025,Filme,1080p,4,True,114,61
um-gesto-de-esperanca,Um Gesto de Esperança,2021,Filme,1080p,3,True,117,64
um-grito-silencioso,Um Grito Silencioso,2024,Filme,1080p,3,True,115,62
um-guarda-florestal,Um Guarda-Florestal,2023,Filme,1080p,2,True,115,62
um-heroi-de-brinquedo,Um Herói de Brinquedo,1996,Filme,1080p,3,True,117,64
um-historia-de-amor-no-campo,Um História de Amor no Campo,2023,Filme,1080p,2,True,124,71
um-homem-abandonado,Um Homem Abandonado,2025,Filme,1080p,3,True,115,62
um-homem-diferente,Um Homem Diferente,2024,Filme,1080p,3,True,114,61
um-homem-morto-nao-pode-viver,Um Homem Morto Não Pode Viver,2021,Filme,1080p,3,True,125,72
um-homem-perfeito,Um Homem Perfeito,2023,Filme,1080p,2,True,113,60
um-homem-de-coragem,Um Homem de Coragem,2023,Filme,1080p,3,True,115,62
um-homem-de-familia,Um Homem de Família,2016,Filme,1080p,1,True,115,62
um-homem-de-sucesso,Um Homem de Sucesso,2022,Filme,1080p,1,True,115,62
um-homem-por-inteiro-1a-temporada,Um Homem por Inteiro 1ª Temporada,2024,Série,1080p,0,True,129,76
um-homem-sem-passado,Um Homem sem Passado,2025,Filme,1080p,2,True,116,63
um-inverno-em-nova-york,Um Inverno em Nova York,2019,Filme,1080p,1,True,119,66
um-laco-de-amor,Um Laço de Amor,2017,Filme,1080p,2,True,111,58
um-lobo-entre-os-cisnes,Um Lobo entre os Cisnes,2025,Filme,1080p,1,True,119,66
um-lugar-bem-longe-daqui,Um Lugar Bem Longe Daqui,2022,Filme,1080p,3,True,120,67
utopia,Utopia,2024,Filme,1080p,4,True,102,49
um-lugar-silencioso,Um Lugar Silencioso,2018,Filme,1080p,3,True,115,62
um-lugar-silencioso-parte-ii,Um Lugar Silencioso - Parte II,2021,Filme,1080p,3,True,126,73
um-lugar-silencioso-dia-um,Um Lugar Silencioso: Dia Um,2024,Filme,,3,True,106,70
um-lugar-para-recomecar,Um Lugar para Recomeçar,2023,Filme,1080p,1,True,119,66
um-maluco-no-golfe,Um Maluco no Golfe,1996,Filme,1080p,1,True,114,61
um-maluco-no-golfe-2,Um Maluco no Golfe 2,2025,Filme,1080p,1,True,116,63
um-milagre-de-natal-para-daisy,Um Milagre de Natal para Daisy,2021,Filme,1080p,3,True,126,73
um-minuto-para-sempre,Um Minuto para Sempre,2022,Filme,1080p,1,True,117,64
um-momento-para-recordar,Um Momento Para Recordar,2021,Filme,1080p,2,True,120,67
um-mundo-encantado,Um Mundo Encantado,2020,Filme,1080p,2,True,114,61
um-mundo-encantado-2,Um Mundo Encantado 2,2024,Filme,1080p,2,True,116,63
um-mundo-normal,Um Mundo Normal,2020,Filme,1080p,1,True,111,58
um-mundo-selvagem,Um Mundo Selvagem,2020,Filme,1080p,3,True,113,60
um-namorado-de-natal-pra-mamae,Um Namorado de Natal pra Mamãe,2023,Filme,1080p,2,True,126,73
um-natal-bem-casado,Um Natal Bem Casado,2022,Filme,1080p,2,True,115,62
um-natal-cheio-de-amor,Um Natal Cheio de Amor,2021,Filme,1080p,2,True,118,65
um-natal-ex-pecial,Um Natal Ex-pecial,2025,Filme,1080p,2,True,114,61
um-natal-muito-jonas-brothers,Um Natal Muito Jonas Brothers,2025,Filme,1080p,2,True,125,72
um-natal-para-todos,Um Natal Para Todos,2021,Filme,1080p,3,True,115,62
um-natal-em-biltmore,Um Natal em Biltmore,2023,Filme,1080p,2,True,116,63
um-natal-em-montana,Um Natal em Montana,2021,Filme,1080p,2,True,115,62
um-natal-no-castelo,Um Natal no Castelo,2020,Filme,1080p,1,True,115,62
um-natal-no-rancho,Um Natal no Rancho,2021,Filme,1080p,3,True,114,61
um-natal-para-a-familia,Um Natal para a Família,2024,Filme,1080p,2,True,119,66
um-noivo-e-duas-noivas,Um Noivo e Duas Noivas,2025,Filme,1080p,2,True,118,65
um-novo-dia-para-lutar,Um Novo Dia para Lutar,2024,Filme,1080p,1,True,118,65
um-novo-sonho-de-uma-noite-de-verao,Um Novo Sonho de Uma Noite de Verão,2022,Filme,1080p,3,True,131,78
um-pai-para-minha-filha,Um Pai Para Minha Filha,2023,Filme,1080p,2,True,119,66
um-pai-para-lily,Um Pai para Lily,2025,Filme,1080p,2,True,112,59
um-panda-em-apuros,Um Panda em Apuros,2019,Filme,1080p,4,True,114,61
um-panda-em-apuros-2,Um Panda em Apuros 2,2022,Filme,1080p,4,True,116,63
um-pesadelo-sem-fim,Um Pesadelo Sem Fim,2024,Filme,1080p,2,True,115,62
um-plano-entre-estranhos,Um Plano Entre Estranhos,2021,Filme,1080p,1,True,120,67
um-plano-sem-saida,Um Plano Sem Saída,2018,Filme,1080p,1,True,114,61
um-pessimo-cupido,Um Péssimo Cupido,2021,Filme,1080p,2,True,113,60
um-romance-proibido,Um Romance Proibido,2014,Filme,1080p,3,True,115,62
um-sonho-de-liberdade,Um Sonho de Liberdade,1994,Filme,1080p,2,True,117,64
um-sonho-de-natal,Um Sonho de Natal,2024,Filme,1080p,2,True,113,60
um-talento-extraordinario,Um Talento Extraordinário,2024,Filme,1080p,2,True,121,68
um-terror-de-parentes,Um Terror de Parentes,2025,Filme,1080p,2,True,117,64
um-tira-muito-suspeito,Um Tira Muito Suspeito,1999,Filme,1080p,3,True,118,65
um-tira-da-pesada,Um Tira da Pesada,1984,Filme,1080p,3,True,113,60
um-tira-da-pesada-2,Um Tira da Pesada 2,1987,Filme,1080p,3,True,115,62
um-tira-da-pesada-3,Um Tira da Pesada 3,1994,Filme,1080p,3,True,115,62
um-tira-da-pesada-4-axel-foley,Um Tira da Pesada 4: Axel Foley,2024,Filme,1080p,3,True,127,74
um-tiro-no-escuro,Um Tiro no Escuro,2021,Filme,1080p,2,True,113,60
um-universo-entre-nos,Um Universo Entre Nós,2023,Filme,1080p,2,True,117,64
um-verdadeiro-cavalheiro,Um Verdadeiro Cavalheiro,2024,Filme,1080p,1,True,120,67
um-verao-infernal,Um Verão Infernal,2025,Filme,,3,True,96,60
um-zoologico-extraordinario,Um Zoológico Extraordinário,2020,Filme,1080p,1,True,123,70
um-alibi,Um Álibi,2022,Filme,1080p,2,True,104,51
um-natal-surreal,Um. Natal. Surreal.,2025,Filme,1080p,1,True,115,62
uma-advogada-brilhante,Uma Advogada Brilhante,2025,Filme,1080p,1,True,118,65
uma-astronauta-quase-perfeita,Uma Astronauta Quase Perfeita,2024,Filme,1080p,2,True,125,72
uma-aventura-animal-a-jornada-para-casa,Uma Aventura Animal: A Jornada para Casa,2021,Filme,1080p,1,True,136,83
uma-aventura-entre-irmaos,Uma Aventura Entre Irmãos,2019,Filme,1080p,1,True,121,68
uma-aventura-selvagem,Uma Aventura Selvagem,2021,Filme,1080p,3,True,117,64
uma-batalha-apos-a-outra,Uma Batalha Após a Outra,2025,Filme,1080p,3,True,120,67
uma-bela-manha,Uma Bela Manhã,2022,Filme,1080p,2,True,110,57
uma-cancao-de-gratidao,Uma Canção De Gratidão,2024,Filme,1080p,3,True,118,65
uma-carta-a-minha-juventude,Uma Carta à Minha Juventude,2026,Filme,1080p,1,True,123,70
uma-casa-sem-saida,Uma Casa Sem Saída,2023,Filme,1080p,2,True,114,61
uma-chamada-perdida,Uma Chamada Perdida,2008,Filme,1080p,3,True,115,62
uma-chance-para-lutar,Uma Chance Para Lutar,2021,Filme,1080p,1,True,117,64
uma-comedia-romantica,Uma Comédia Romântica,2022,Filme,1080p,3,True,117,64
uma-comedia-de-erros,Uma Comédia de Erros,2020,Filme,1080p,1,True,116,63
uma-emboscada-para-o-rei,Uma Emboscada para o Rei,2022,Filme,1080p,1,True,120,67
uma-equipe-boa-pra-cachorro,Uma Equipe Boa pra Cachorro,2022,Filme,1080p,2,True,123,70
uma-escolha-pela-vida,Uma Escolha pela Vida,2025,Filme,1080p,2,True,117,64
uma-familia-em-pedacos,Uma Familia em Pedacos,2019,Filme,1080p,1,True,118,65
uma-familia-feliz,Uma Família Feliz,2024,Filme,1080p,3,True,113,60
uma-familia-perfeita-1a-temporada,Uma Família Perfeita 1ª Temporada,2025,Série,1080p,0,True,129,76
uma-familia-de-dois,Uma Família de Dois,2016,Filme,1080p,2,True,115,62
uma-faisca-de-natal,Uma Faísca de Natal,2022,Filme,1080p,3,True,115,62
uma-floresta-misteriosa,Uma Floresta Misteriosa,2023,Filme,1080p,1,True,119,66
uma-gravidez-desejada,Uma Gravidez Desejada,2022,Filme,1080p,1,True,117,64
uma-heranca-inusitada,Uma Herança Inusitada,2024,Filme,1080p,2,True,117,64
uma-historia-de-sobrevivencia,Uma História de Sobrevivência,2023,Filme,1080p,3,True,125,72
uma-ideia-de-voce,Uma Ideia de Você,2024,Filme,1080p,3,True,113,60
uma-ilha-quase-deserta,Uma Ilha Quase Deserta,2023,Filme,1080p,3,True,118,65
uma-jogada-de-natal,Uma Jogada de Natal,2024,Filme,1080p,1,True,115,62
uma-jornada-entre-amigos,Uma Jornada Entre Amigos,2024,Filme,1080p,1,True,120,67
uma-jornada-na-africa,Uma Jornada na África,2022,Filme,1080p,1,True,117,64
uma-linda-mulher,Uma Linda Mulher,1990,Filme,1080p,2,True,112,59
uma-licao-do-passado,Uma Lição do Passado,2023,Filme,1080p,1,True,116,63
uma-mensagem-antes-do-natal,Uma Mensagem Antes do Natal,2023,Filme,1080p,2,True,123,70
uma-mente-brilhante,Uma Mente Brilhante,2001,Filme,1080p,3,True,115,62
uma-mente-excepcional-1a-temporada,Uma Mente Excepcional 1ª Temporada,2024,Série,1080p,0,True,130,77
uma-mulher-comum,Uma Mulher Comum,2025,Filme,1080p,3,True,112,59
uma-mulher-diferente,Uma Mulher Diferente,2025,Filme,1080p,2,True,116,63
uma-mulher-sem-filtro,Uma Mulher Sem Filtro,2025,Filme,1080p,1,True,117,64
uma-noite-violenta-em-new-york,Uma Noite Violenta em New York,2021,Filme,1080p,3,True,126,73
uma-noite-com-o-demonio,Uma Noite com o Demônio,2023,Filme,1080p,1,True,119,66
uma-noite-no-inferno,Uma Noite no Inferno,2022,Filme,1080p,2,True,116,63
uma-nota-para-o-amor,Uma Nota para o Amor,2023,Filme,1080p,2,True,116,63
uma-nova-tocaia,Uma Nova Tocaia,1993,Filme,1080p,3,True,111,58
uma-paixao-no-natal,Uma Paixão no Natal,2022,Filme,1080p,3,True,115,62
uma-parede-entre-nos,Uma Parede entre Nós,2024,Filme,1080p,2,True,116,63
uma-parte-de-voce,Uma Parte de Você,2024,Filme,1080p,1,True,113,60
uma-prova-de-coragem,Uma Prova de Coragem,2024,Filme,1080p,2,True,116,63
uma-questao-de-escolha,Uma Questão de Escolha,2025,Filme,1080p,2,True,118,65
uma-receita-de-natal,Uma Receita de Natal,2022,Filme,1080p,3,True,116,63
uma-relacao-delicada,Uma Relação Delicada,2020,Filme,1080p,1,True,116,63
uma-saida-de-mestre,Uma Saída de Mestre,2003,Filme,1080p,2,True,115,62
uma-segunda-chance-2,Uma Segunda Chance,2023,Filme,1080p,2,True,114,61
uma-sexta-feira-mais-louca-ainda,Uma Sexta-Feira Mais Louca Ainda,2025,Filme,1080p,3,True,128,75
uma-surpresa-de-natal,Uma Surpresa de Natal,2022,Filme,1080p,1,True,117,64
uma-tacada-de-mestre,Uma Tacada de Mestre,2020,Filme,1080p,2,True,116,63
uma-terra-magica,Uma Terra Mágica,2023,Filme,1080p,2,True,112,59
uma-valsa-de-natal-em-paris,Uma Valsa de Natal em Paris,2023,Filme,1080p,2,True,123,70
uma-viagem-incrivel-o-misterio-do-ovo,Uma Viagem Incrível: O Mistério do Ovo,2021,Filme,1080p,1,True,134,81
uma-viagem-noite-adentro,Uma Viagem Noite Adentro,2022,Filme,1080p,2,True,120,67
uma-viagem-ao-desconhecido,Uma Viagem ao Desconhecido,2023,Filme,1080p,1,True,122,69
uma-viagem-para-recordar,Uma Viagem para Recordar,2024,Filme,1080p,2,True,120,67
uma-vida-honesta,Uma Vida Honesta,2025,Filme,1080p,1,True,112,59
uma-vida-inteira,Uma Vida Inteira,2023,Filme,1080p,1,True,112,59
uma-vida-quase-normal,Uma Vida Quase Normal,2022,Filme,1080p,1,True,117,64
uma-vida-sem-roteiro,Uma Vida Sem Roteiro,2024,Filme,1080p,3,True,116,63
uma-vida-de-esperanca,Uma Vida de Esperança,2024,Filme,1080p,1,True,117,64
uma-vida-em-sete-dias,Uma Vida em Sete Dias,2002,Filme,1080p,3,True,117,64
uma-vida-a-historia-de-nicholas-winton,Uma Vida – A História de Nicholas Winton,2023,Filme,1080p,3,True,136,83
logan-2,Logan,2023,Filme,1080p,3,True,101,48
uma-xicara-de-cafe-e-sapatos-novos,Uma Xícara de Café e Sapatos Novos,2022,Filme,1080p,1,True,130,77
uma-e-haggen-mitos,Uma e Haggen: Mitos,2024,Filme,1080p,3,True,115,62
uma-ultima-viagem,Uma Última Viagem,2024,Filme,1080p,1,True,113,60
umjolo-entre-dois-amores,Umjolo: Entre Dois Amores,2025,Filme,1080p,2,True,121,68
umjolo-mais-que-amizade,Umjolo: Mais que Amizade,2024,Filme,1080p,2,True,120,67
umjolo-o-amor-nao-tem-cura,Umjolo: O Amor Não Tem Cura,2025,Filme,1080p,3,True,123,70
uno-entre-o-ouro-e-a-morte,Uno: Entre o Ouro e a Morte,2024,Filme,1080p,3,True,123,70
until-dawn-noite-de-terror,Until Dawn: Noite de Terror,2025,Filme,1080p,1,True,123,70
untold-o-rei-do-figado,Untold: O Rei do Fígado,2025,Filme,1080p,1,True,119,66
upgrade-as-cores-do-amor,Upgrade: As Cores do Amor,2024,Filme,1080p,2,True,121,68
ursa,Ursa,2021,Filme,1080p,1,True,100,47
ursinho-pooh-sangue-e-mel,Ursinho Pooh: Sangue e Mel,2023,Filme,1080p,2,True,122,69
ursinho-pooh-sangue-e-mel-2,Ursinho Pooh: Sangue e Mel 2,2024,Filme,1080p,3,True,124,71
ursinhos-assassinos,Ursinhos Assassinos,2022,Filme,1080p,3,True,115,62
uzumaki-1a-temporada,Uzumaki 1ª Temporada,2024,Série,1080p,0,True,116,63
v-de-vinganca,V de Vingança,2006,Filme,1080p,3,True,109,56
v-h-s-85,V/H/S/85,2023,Filme,1080p,2,True,104,51
v-h-s-halloween,V/H/S/HALLOWEEN,2025,Filme,1080p,2,True,111,58
v-h-s-viral,V/H/S: Viral,2014,Filme,1080p,2,True,108,55
valatty-jornada-de-amor-e-amizade,Valatty: Jornada de Amor e Amizade,2023,Filme,1080p,3,True,130,77
vale-maligno,Vale Maligno,2024,Filme,1080p,3,True,108,55
vale-da-morte,Vale da Morte,2021,Filme,1080p,3,True,109,56
vale-das-sombras,Vale das Sombras,2024,Filme,1080p,3,True,112,59
vamos-assustar-a-julie,Vamos Assustar a Julie,2020,Filme,1080p,3,True,118,65
vampira-humanista-procura-suicida-voluntario,Vampira Humanista Procura Suicida Voluntário,2023,Filme,1080p,4,True,140,87
vampiras-as-noivas-de-dracula,Vampiras: As Noivas de Drácula,2024,Filme,1080p,3,True,126,73
van-helsing-o-cacador-de-monstros,Van Helsing: O Caçador de Monstros,2004,Filme,1080p,4,True,130,77
vanished-1a-temporada,Vanished 1ª Temporada,2026,Série,1080p,0,True,117,64
velhos,Velhos,2023,Filme,1080p,3,True,102,49
velma,Velma,2024,Série,1080p,0,True,101,48
velocidade-total,Velocidade Total,2024,Filme,1080p,4,True,112,59
velozes-furiosos-10,Velozes & Furiosos 10,2023,Filme,1080p,4,True,117,64
velozes-furiosos-5-operacao-rio,Velozes & Furiosos 5: Operação Rio,2011,Filme,1080p,3,True,130,77
velozes-furiosos-6,Velozes & Furiosos 6,2013,Filme,1080p,3,True,116,63
velozes-furiosos-7,Velozes & Furiosos 7,2015,Filme,1080p,4,True,116,63
velozes-furiosos-8,Velozes & Furiosos 8,2017,Filme,1080p,3,True,116,63
velozes-furiosos-hobbs-shaw,Velozes & Furiosos: Hobbs & Shaw,2019,Filme,1080p,3,True,128,75
velozes-e-furiosos,Velozes e Furiosos,2001,Filme,1080p,3,True,114,61
velozes-e-furiosos-4,Velozes e Furiosos 4,2009,Filme,1080p,4,True,116,63
velozes-e-furiosos-desafio-em-toquio,Velozes e Furiosos: Desafio em Tóquio,2006,Filme,1080p,4,True,133,80
vencer-ou-morrer,Vencer ou Morrer,2023,Filme,1080p,3,True,112,59
venom,Venom,2018,Filme,1080p,4,True,101,48
venom-a-ultima-rodada,Venom: A Última Rodada,2024,Filme,1080p,3,True,118,65
venom-tempo-de-carnificina,Venom: Tempo de Carnificina,2021,Filme,1080p,3,True,123,70
vera-e-o-prazer-dos-outros,Vera e o Prazer dos Outros,2024,Filme,1080p,2,True,122,69
verdade-oculta-1a-temporada,Verdade Oculta 1ª Temporada,2025,Série,1080p,0,True,123,70
verdade-e-traicao,Verdade e Traição,2025,Filme,1080p,3,True,113,60
vermelho-monet,Vermelho Monet,2024,Filme,1080p,2,True,110,57
vermin,Vermin,2023,Filme,1080p,2,True,102,49
versao-estendida-harry-potter-colecao,Versão Estendida – Harry Potter Coleção,2001,Filme,1080p,1,True,135,82
verao-de-85,Verão de 85,2020,Filme,1080p,2,True,107,54
veteranos-de-guerra,Veteranos de Guerra,2019,Filme,1080p,4,True,115,62
viagem-de-formatura-mallorca,Viagem de Formatura: Mallorca,2025,Filme,1080p,1,True,125,72
viagem-de-volta-a-vida,Viagem de Volta à Vida,2020,Filme,1080p,2,True,118,65
viajantes-destemidos,Viajantes Destemidos,2023,Filme,1080p,1,True,116,63
vida-adulta,Vida Adulta,2025,Filme,1080p,4,True,107,54
vida-eterna,Vida Eterna,2022,Filme,1080p,2,True,107,54
vidas-entrelacadas-2,Vidas Entrelaçadas,2019,Filme,1080p,1,True,114,61
vidas-importam,Vidas Importam,2021,Filme,1080p,3,True,110,57
vidas-paralelas,Vidas Paralelas,2023,Filme,1080p,2,True,111,58
vidas-passadas,Vidas Passadas,2023,Filme,1080p,3,True,110,57
o-melhor-do-mundo-2,O Melhor do Mundo,2025,Série,1080p,0,True,113,60
vidas-de-ponta-cabeca,Vidas de Ponta-Cabeça,2023,Filme,1080p,3,True,117,64
vidas-em-jogo,Vidas em Jogo,1997,Filme,1080p,3,True,109,56
vidas-que-se-encontram,Vidas que se Encontram,2020,Filme,1080p,1,True,118,65
vidente-por-acidente,Vidente Por Acidente,2024,Filme,1080p,1,True,116,63
vidro,Vidro,2019,Filme,1080p,4,True,101,48
vidro-fume,Vidro Fumê,2024,Filme,1080p,2,True,106,53
viking-de-mentira,Viking de Mentira,2022,Filme,1080p,3,True,113,60
vikings-1a-temporada,Vikings 1ª Temporada,2013,Série,1080p,0,True,116,63
vikings-2a-temporada,Vikings 2ª Temporada,2014,Série,1080p,0,True,116,63
vikings-3a-temporada,Vikings 3ª Temporada,2015,Série,1080p,0,True,116,63
vikings-4a-temporada,Vikings 4ª Temporada,2016,Série,1080p,0,True,116,63
vikings-5a-temporada,Vikings 5ª Temporada,2017,Série,1080p,0,True,116,63
vikings-6a-temporada,Vikings 6ª Temporada,2019,Série,1080p,0,True,116,63
vikings-battle-of-heirs,Vikings: Battle of Heirs,2023,Filme,1080p,2,True,120,67
serie-vikings-valhalla,Serie Vikings: Valhalla,2024,Série,1080p,0,True,119,66
vinganca,Vingança,2018,Filme,1080p,3,True,104,51
vinganca-acima-da-lei,Vingança Acima da Lei,2023,Filme,1080p,2,True,117,64
vinganca-ancestral,Vingança Ancestral,2023,Filme,1080p,2,True,114,61
vinganca-brutal-2,Vingança Brutal,2025,Filme,1080p,3,True,111,58
vinganca-em-cold-cross,Vingança em Cold Cross,2023,Filme,1080p,1,True,118,65
vinganca-no-deserto,Vingança no Deserto,2024,Filme,1080p,2,True,115,62
vinganca-no-oeste,Vingança no Oeste,2018,Filme,1080p,1,True,113,60
vinski-o-heroi-invisivel,Vinski - O Herói Invisível,2021,Filme,1080p,3,True,122,69
violet-no-mundo-da-fantasia,Violet no Mundo da Fantasia,2023,Filme,1080p,3,True,123,70
viralize-ou-morra,Viralize ou Morra,2022,Filme,1080p,2,True,113,60
virgem-maria,Virgem Maria,2024,Filme,1080p,3,True,108,55
virgin-river-1a-temporada,Virgin River 1ª Temporada,2019,Série,1080p,0,True,121,68
virgin-river-2a-temporada,Virgin River 2ª Temporada,2020,Série,1080p,0,True,121,68
virgin-river-3a-temporada,Virgin River 3ª Temporada,2021,Série,1080p,0,True,121,68
virgin-river-4a-temporada,Virgin River 4ª Temporada,2022,Série,1080p,0,True,121,68
virgin-river-5a-temporada,Virgin River 5ª Temporada,2023,Série,1080p,0,True,121,68
virgin-river-6a-temporada,Virgin River 6ª Temporada,2024,Série,1080p,0,True,121,68
virgin-river-7a-temporada,Virgin River 7ª Temporada,2026,Série,1080p,0,True,121,68
virginia-e-adelaide,Virgínia e Adelaide,2025,Filme,1080p,1,True,115,62
visoes,Visões,2023,Filme,1080p,3,True,102,49
vitoria,Vitória,2025,Filme,1080p,1,True,103,50
fuja-2,Fuja,2025,Filme,1080p,3,True,100,47
viva-os-noivos,Viva os Noivos!,2025,Filme,1080p,3,True,111,58
viver-amar-e-aprender,"Viver, Amar e Aprender",2021,Filme,1080p,2,True,118,65
vivo-ou-morto-um-misterio-knives-out,Vivo ou Morto: Um Mistério Knives Out,2025,Filme,1080p,3,True,133,80
vizinhos-barbaros,Vizinhos Bárbaros,2024,Filme,1080p,2,True,113,60
vladimir-1a-temporada,Vladimir 1ª Temporada,2026,Série,1080p,0,True,117,64
voce-1a-temporada,Você 1ª Temporada,2018,Série,1080p,0,True,113,60
voce-2a-temporada,Você 2ª Temporada,2019,Série,1080p,0,True,113,60
voce-3a-temporada,Você 3ª Temporada,2021,Série,1080p,0,True,113,60
voce-4a-temporada,Você 4ª Temporada,2023,Série,1080p,1,True,113,60
voce-5a-temporada,Você 5ª Temporada,2025,Série,1080p,0,True,113,60
voce-nunca-me-encontrara,Você Nunca Me Encontrará,2023,Filme,1080p,2,True,120,67
voce-nao-dormira-esta-noite,Você Não Dormirá Esta Noite,2024,Filme,1080p,2,True,123,70
voce-nao-pode-chorar,Você Não Pode Chorar,2022,Filme,1080p,1,True,116,63
voce-so-precisa-de-sangue,Você Só Precisa de Sangue,2023,Filme,1080p,3,True,121,68
voce-vai-morrer-em-6-horas,Você Vai Morrer em 6 Horas,2024,Filme,1080p,2,True,122,69
voice-of-shadows,Voice of Shadows,2024,Filme,1080p,3,True,112,59
volkov-o-nome-da-violencia,Volkov - O Nome da Violência,2022,Filme,1080p,2,True,124,71
volta-priscila-1a-temporada,Volta Priscila 1ª Temporada,2024,Série,1080p,0,True,123,70
voltando-a-ativa,Voltando à Ativa,2020,Filme,1080p,2,True,112,59
voltando-as-pistas,Voltando às Pistas,2023,Filme,1080p,3,True,114,61
volte-sempre,Volte Sempre!,2023,Filme,1080p,2,True,109,56
volte-para-casa,Volte Para Casa,2024,Filme,1080p,3,True,111,58
voltei-na-foto,Voltei na Foto,2026,Filme,1080p,1,True,110,57
voo-7500,Voo 7500,2014,Filme,1080p,3,True,104,51
vovo-ninja,Vovó Ninja,2024,Filme,1080p,2,True,106,53
veu-sangue-e-grinalda,"Véu, Sangue e Grinalda",2022,Filme,1080p,3,True,118,65
vitimas-do-dia,Vítimas do Dia,2025,Filme,1080p,2,True,110,57
wwe-wrestlepalooza,WWE Wrestlepalooza,2025,Filme,1080p,2,True,114,61
wallace-gromit-avenganca,Wallace & Gromit - Avengança,2024,Filme,1080p,3,True,124,71
waltzing-with-brando,Waltzing with Brando,2025,Filme,1080p,1,True,116,63
wandavision-1a-temporada,WandaVision 1ª Temporada,2021,Série,1080p,0,True,120,67
wandinha-1a-temporada,Wandinha 1ª Temporada,2022,Série,1080p,0,True,117,64
wandinha-2a-temporada,Wandinha 2ª Temporada,2025,Série,1080p,0,True,117,64
wanita-ahli-neraka,Wanita Ahli Neraka,2024,Filme,1080p,1,True,114,61
wanted-man-marcado-para-morrer,Wanted Man: Marcado Para Morrer,2024,Filme,1080p,2,True,127,74
watchmen-chapter-i,Watchmen: Chapter I,2024,Filme,1080p,4,True,115,62
watchmen-chapter-ii,Watchmen: Chapter II,2024,Filme,1080p,5,True,116,63
watchmen-o-filme,Watchmen: O Filme,2009,Filme,1080p,3,True,113,60
watson-1a-temporada,Watson 1ª Temporada,2025,Série,1080p,0,True,115,62
we-are-zombies,We Are Zombies,2024,Filme,1080p,3,True,110,57
wendy-wu-a-garota-kung-fu,Wendy Wu: A Garota Kung-Fu,2006,Filme,1080p,4,True,122,69
went-up-the-hill,Went Up the Hill,2025,Filme,1080p,4,True,112,59
what-if-1a-temporada,What If…? 1ª Temporada,2021,Série,1080p,0,True,118,65
what-if-2a-temporada,What If…? 2ª Temporada,2023,Série,1080p,0,True,118,65
what-if-3a-temporada,What If…? 3ª Temporada,2024,Série,1080p,0,True,118,65
what-we-do-in-the-shadows-1a-temporada,What We Do in the Shadows 1ª Temporada,2019,Série,1080p,0,True,134,81
what-we-do-in-the-shadows-2a-temporada,What We Do in the Shadows 2ª Temporada,2020,Série,1080p,2,True,134,81
what-we-do-in-the-shadows-3a-temporada,What We Do in the Shadows 3ª Temporada,2021,Série,1080p,1,True,134,81
what-we-do-in-the-shadows-4a-temporada,What We Do in the Shadows 4ª Temporada,2022,Série,1080p,1,True,134,81
what-we-do-in-the-shadows-5a-temporada,What We Do in the Shadows 5ª Temporada,2023,Série,1080p,0,True,134,81
what-we-do-in-the-shadows-6a-temporada,What We Do in the Shadows 6ª Temporada,2024,Série,1080p,0,True,134,81
wicked,Wicked,2024,Filme,1080p,3,True,102,49
wicked-parte-2,Wicked: Parte 2,2025,Filme,1080p,3,True,111,58
winter-island,Winter Island,2024,Filme,1080p,4,True,109,56
wish-o-poder-dos-desejos,Wish: O Poder dos Desejos,2024,Filme,1080p,4,True,121,68
wizkid-de-lagos-para-o-mundo,Wizkid: De Lagos Para o Mundo,2025,Filme,1080p,2,True,125,72
wolverine-imortal,Wolverine: Imortal,2013,Filme,1080p,3,True,114,61
womb,Womb,2025,Filme,1080p,2,True,100,47
wondla-a-trilogia-1a-temporada,WondLa - A Trilogia 1ª Temporada,2024,Série,1080p,0,True,128,75
wondla-a-trilogia-2a-temporada,WondLa - A Trilogia 2ª Temporada,2025,Série,1080p,0,True,128,75
wonderland,Wonderland,2024,Filme,1080p,2,True,106,53
wonka,Wonka,2023,Filme,1080p,2,True,101,48
x-men-2,X-Men 2,2003,Filme,1080p,4,True,103,50
x-men-origens-wolverine,X-Men Origens: Wolverine,2009,Filme,1080p,3,True,120,67
x-men-97-1a-temporada,X-Men '97 1ª Temporada,2024,Série,1080p,0,True,118,65
x-men-apocalipse,X-Men: Apocalipse,2016,Filme,1080p,3,True,113,60
x-men-dias-de-um-futuro-esquecido,X-Men: Dias de um Futuro Esquecido,2014,Filme,1080p,3,True,130,77
x-men-fenix-negra,X-Men: Fênix Negra,2019,Filme,1080p,4,True,114,61
x-men-o-confronto-final,X-Men: O Confronto Final,2006,Filme,1080p,3,True,120,67
x-men-o-filme,X-Men: O Filme,2000,Filme,1080p,3,True,110,57
x-men-primeira-classe,X-Men: Primeira Classe,2011,Filme,1080p,3,True,118,65
xama-o-exorcista-pagao,Xamã: O Exorcista Pagão,2025,Filme,1080p,1,True,119,66
xogum-a-gloriosa-saga-do-japao-1a-temporada,Xógum: A Gloriosa Saga do Japão 1ª Temporada,2024,Série,1080p,0,True,140,87
y2k-o-bug-do-milenio,Y2K: O Bug do Milênio,2024,Filme,1080p,3,True,117,64
yaiba-samurai-legend-1a-temporada,YAIBA: Samurai Legend 1ª Temporada,2025,Série,1080p,0,True,130,77
yolo-o-destino-de-le-ying,YOLO: O Destino de Le Ying,2024,Filme,1080p,3,True,122,69
year-10,Year 10,2024,Filme,1080p,2,True,103,50
yellowjackets-1a-temporada,Yellowjackets 1ª Temporada,2021,Série,1080p,0,True,122,69
yellowjackets-2a-temporada,Yellowjackets 2ª Temporada,2023,Série,1080p,0,True,122,69
yellowjackets-3a-temporada,Yellowjackets 3ª Temporada,2025,Série,1080p,0,True,122,69
yellowstone-1a-temporada,Yellowstone 1ª Temporada,2018,Série,1080p,0,True,120,67
yellowstone-2a-temporada,Yellowstone 2ª Temporada,2019,Série,1080p,0,True,120,67
yellowstone-3a-temporada,Yellowstone 3ª Temporada,2020,Série,1080p,0,True,120,67
yellowstone-4a-temporada,Yellowstone 4ª Temporada,2021,Série,1080p,0,True,120,67
yellowstone-5a-temporada,Yellowstone 5ª Temporada,2022,Série,1080p,0,True,120,67
you-are-ms-servant-1a-temporada,You are Ms. Servant 1ª Temporada,2025,Série,1080p,0,True,128,75
z-o-m-b-i-e-s,Z-O-M-B-I-E-S,2018,Filme,1080p,3,True,109,56
z-o-m-b-i-e-s-2,Z-O-M-B-I-E-S 2,2020,Filme,1080p,3,True,111,58
z-o-m-b-i-e-s-3,Z-O-M-B-I-E-S 3,2022,Filme,1080p,3,True,111,58
zenshu-1a-temporada,ZENSHU 1ª Temporada,2025,Série,1080p,0,True,115,62
zombies-4-a-era-dos-vampiros,ZOMBIES 4: A Era dos Vampiros,2025,Filme,1080p,4,True,125,72
zero-2,Zero,2025,Filme,1080p,2,True,100,47
zodiaco,Zodíaco,2007,Filme,1080p,3,True,103,50
zoey-102-o-casamento,Zoey 102: O Casamento,2023,Filme,1080p,2,True,117,64
zona-z,Zona Z,2024,Filme,,1,True,85,49
zona-de-caca,Zona de Caça,2025,Filme,1080p,2,True,108,55
zona-de-combate,Zona de Combate,2021,Filme,1080p,3,True,111,58
zona-de-exclusao,Zona de Exclusão,2023,Filme,1080p,1,True,112,59
zona-de-risco,Zona de Risco,2024,Filme,1080p,3,True,109,56
zootopia-2,Zootopia 2,2025,Filme,1080p,5,True,106,53
zootopia-essa-cidade-e-o-bicho,Zootopia: Essa Cidade é o Bicho,2016,Filme,1080p,4,True,127,74
zuzubalandia-o-filme,Zuzubalândia - O Filme,2024,Filme,1080p,1,True,118,65
evil-sublet,eVil Sublet,2023,Filme,1080p,2,True,107,54
hostage,Hostage,2025,Filme,1080p,3,True,103,50
a-altura,À Altura,2025,Filme,1080p,2,True,104,51
a-espera-da-morte,À Espera da Morte,2025,Filme,1080p,2,True,113,60
a-espera-de-um-milagre,À Espera de um Milagre,1999,Filme,1080p,3,True,118,65
a-paisana,À Paisana,2025,Filme,1080p,3,True,105,52
a-procura-da-perfeicao,À Procura da Perfeição,2023,Filme,1080p,3,True,118,65
a-procura-de-anne-frank,À Procura de Anne Frank,2021,Filme,1080p,3,True,119,66
a-prova-de-fogo,À Prova de Fogo,2008,Filme,1080p,3,True,111,58
a-solta-amor-em-fuga,À Solta: Amor em Fuga,2024,Filme,1080p,2,True,117,64
agua-na-boca,Água na Boca,2025,Filme,1080p,2,True,108,55
aguas-rasas,Águas Rasas,2016,Filme,1080p,3,True,107,54
aguas-que-corroem,Águas que Corroem,2019,Filme,1080p,4,True,113,60
aguia-dourada-forcas-especiais,Águia Dourada: Forças Especiais,2023,Filme,1080p,1,True,127,74
angela-diniz-assassinada-e-condenada-1a-temporada,Ângela Diniz: Assassinada e Condenada 1ª Temporada,2025,Série,1080p,0,True,146,93
e-amor,É Amor?,2022,Filme,1080p,2,True,103,50
e-assim-que-acaba,É Assim Que Acaba,2024,Filme,1080p,2,True,113,60
e-preciso-acreditar,É Preciso Acreditar,2024,Filme,1080p,2,True,115,62
e-tempo-de-amar,É Tempo de Amar,2021,Filme,1080p,2,True,111,58
eden-2,Éden,2025,Filme,1080p,2,True,100,47
etoile-a-danca-das-estrelas-1a-temporada,Étoile: a Dança das Estrelas 1ª Temporada,2025,Série,1080p,1,True,137,84
o-pai-o,"Ó Paí, Ó",2007,Filme,1080p,2,True,104,51
o-pai-o-2,"Ó Paí, Ó 2",2023,Filme,1080p,1,True,106,53
ultimas-palavras,Últimas Palavras,2020,Filme,1080p,1,True,112,59
ultimo-alvo,Último Alvo,2024,Filme,1080p,5,True,107,54
serie-ultimo-ato-1a-temporada,Serie Último Ato 1ª Temporada,2024,Série,1080p,0,True,125,72
ubel-blatt-1a-temporada,Übel Blatt 1ª Temporada,2025,Série,1080p,0,True,119,66
o-morro-dos-ventos-uivantes,O Morro dos Ventos Uivantes,2026,Filme,1080p,2,True,123,70
